Einheit;mit 22 kW zur Lastspitze addiert.
01.01.2025 00:15;56,55
01.01.2025 00:30;56,26
01.01.2025 00:45;61,48
01.01.2025 01:00;57,71
01.01.2025 01:15;55,97
01.01.2025 01:30;61,48
01.01.2025 01:45;58,58
01.01.2025 02:00;56,55
01.01.2025 02:15;60,61
01.01.2025 02:30;58,29
01.01.2025 02:45;55,4132
01.01.2025 03:00;58,0232
01.01.2025 03:15;60,6448
01.01.2025 03:30;55,4132
01.01.2025 03:45;59,2006
01.01.2025 04:00;61,2132
01.01.2025 04:15;57,1648
01.01.2025 04:30;57,4432
01.01.2025 04:45;62,3906
01.01.2025 05:00;55,1232
01.01.2025 05:15;60,0706
01.01.2025 05:30;68,1732
01.01.2025 05:45;60,0648
01.01.2025 06:00;62,0948
01.01.2025 06:15;69,3332
01.01.2025 06:30;60,6448
01.01.2025 06:45;61,5032
01.01.2025 07:00;69,3448
01.01.2025 07:15;60,6332
01.01.2025 07:30;60,3606
01.01.2025 07:45;64,9832
01.01.2025 08:00;54,8506
01.01.2025 08:15;55,1232
01.01.2025 08:30;60,9406
01.01.2025 08:45;53,9632
01.01.2025 09:00;53,3948
01.01.2025 09:15;61,2132
01.01.2025 09:30;53,1106
01.01.2025 09:45;52,8554
01.01.2025 10:00;61,132
01.01.2025 10:15;52,3856
01.01.2025 10:30;53,36
01.01.2025 10:45;60,349
01.01.2025 11:00;51,1212
01.01.2025 11:15;53,2846
01.01.2025 11:30;59,392
01.01.2025 11:45;53,128
01.01.2025 12:00;53,1802
01.01.2025 12:15;58,4756
01.01.2025 12:30;54,8564
01.01.2025 12:45;52,171
01.01.2025 13:00;56,6544
01.01.2025 13:15;54,0038
01.01.2025 13:30;51,5736
01.01.2025 13:45;56,3992
01.01.2025 14:00;55,361
01.01.2025 14:15;52,2986
01.01.2025 14:30;54,7114
01.01.2025 14:45;56,7066
01.01.2025 15:00;51,5968
01.01.2025 15:15;52,664
01.01.2025 15:30;57,6288
01.01.2025 15:45;51,8636
01.01.2025 16:00;52,809
01.01.2025 16:15;60,3432
01.01.2025 16:30;52,2232
01.01.2025 16:45;53,9748
01.01.2025 17:00;61,5032
01.01.2025 17:15;54,2648
01.01.2025 17:30;54,8332
01.01.2025 17:45;61,2132
01.01.2025 18:00;57,1648
01.01.2025 18:15;56,5732
01.01.2025 18:30;65,5748
01.01.2025 18:45;57,7332
01.01.2025 19:00;57,4548
01.01.2025 19:15;65,2732
01.01.2025 19:30;57,1648
01.01.2025 19:45;56,2832
01.01.2025 20:00;63,8232
01.01.2025 20:15;57,7448
01.01.2025 20:30;59,7632
01.01.2025 20:45;67,6048
01.01.2025 21:00;60,6332
01.01.2025 21:15;59,4848
01.01.2025 21:30;67,3032
01.01.2025 21:45;59,4848
01.01.2025 22:00;58,8932
01.01.2025 22:15;66,4448
01.01.2025 22:30;59,45
01.01.2025 22:45;56,26
01.01.2025 23:00;62,64
01.01.2025 23:15;55,1
01.01.2025 23:30;56,55
01.01.2025 23:45;63,22
02.01.2025 00:00;56,26
02.01.2025 00:15;55,97
02.01.2025 00:30;63,8
02.01.2025 00:45;56,55
02.01.2025 01:00;56,26
02.01.2025 01:15;62,93
02.01.2025 01:30;57,71
02.01.2025 01:45;55,1
02.01.2025 02:00;61,77
02.01.2025 02:15;56,26
02.01.2025 02:30;55,68
02.01.2025 02:45;60,6332
02.01.2025 03:00;59,4848
02.01.2025 03:15;57,7332
02.01.2025 03:30;60,3548
02.01.2025 03:45;60,0648
02.01.2025 04:00;55,7032
02.01.2025 04:15;60,9348
02.01.2025 04:30;60,639
02.01.2025 04:45;55,7148
02.01.2025 05:00;60,0532
02.01.2025 05:15;64,9948
02.01.2025 05:30;64,4032
02.01.2025 05:45;98,9248
02.01.2025 06:00;99,7832
02.01.2025 06:15;100,6648
02.01.2025 06:30;108,1932
02.01.2025 06:45;111,6848
02.01.2025 07:00;110,2232
02.01.2025 07:15;106,7548
02.01.2025 07:30;111,389
02.01.2025 07:45;113,4248
02.01.2025 08:00;108,779
02.01.2025 08:15;110,8148
02.01.2025 08:30;100,3632
02.01.2025 08:45;99,7948
02.01.2025 09:00;106,5982
02.01.2025 09:15;105,8152
02.01.2025 09:30;101,558
02.01.2025 09:45;111,244
02.01.2025 10:00;102,0626
02.01.2025 10:15;102,2134
02.01.2025 10:30;113,419
02.01.2025 10:45;100,311
02.01.2025 11:00;105,8326
02.01.2025 11:15;108,6688
02.01.2025 11:30;106,0066
02.01.2025 11:45;107,416
02.01.2025 12:00;99,6672
02.01.2025 12:15;93,7512
02.01.2025 12:30;100,3516
02.01.2025 12:45;105,4614
02.01.2025 13:00;101,587
02.01.2025 13:15;103,501
02.01.2025 13:30;101,3666
02.01.2025 13:45;106,3372
02.01.2025 14:00;102,283
02.01.2025 14:15;89,7028
02.01.2025 14:30;73,0626
02.01.2025 14:45;79,9646
02.01.2025 15:00;72,0534
02.01.2025 15:15;73,8398
02.01.2025 15:30;81,2116
02.01.2025 15:45;72,9756
02.01.2025 16:00;72,2274
02.01.2025 16:15;80,7708
02.01.2025 16:30;73,9326
02.01.2025 16:45;74,0718
02.01.2025 17:00;82,9748
02.01.2025 17:15;76,5832
02.01.2025 17:30;75,7248
02.01.2025 17:45;84,4132
02.01.2025 18:00;77,1748
02.01.2025 18:15;80,6548
02.01.2025 18:30;88,4732
02.01.2025 18:45;80,6548
02.01.2025 19:00;79,7732
02.01.2025 19:15;88,1948
02.01.2025 19:30;79,4948
02.01.2025 19:45;78,6132
02.01.2025 20:00;87,6148
02.01.2025 20:15;79,2048
02.01.2025 20:30;80,3532
02.01.2025 20:45;89,0648
02.01.2025 21:00;81,8148
02.01.2025 21:15;82,9748
02.01.2025 21:30;88,1832
02.01.2025 21:45;82,1048
02.01.2025 22:00;83,8448
02.01.2025 22:15;88,1832
02.01.2025 22:30;82,65
02.01.2025 22:45;82,36
02.01.2025 23:00;84,1
02.01.2025 23:15;78,59
02.01.2025 23:30;80,91
02.01.2025 23:45;83,81
03.01.2025 00:00;78,3
03.01.2025 00:15;80,91
03.01.2025 00:30;82,65
03.01.2025 00:45;78,01
03.01.2025 01:00;82,36
03.01.2025 01:15;80,62
03.01.2025 01:30;79,46
03.01.2025 01:45;83,52
03.01.2025 02:00;81,2
03.01.2025 02:15;77,72
03.01.2025 02:30;84,39
03.01.2025 02:45;81,2348
03.01.2025 03:00;78,3348
03.01.2025 03:15;84,7148
03.01.2025 03:30;80,0632
03.01.2025 03:45;78,6248
03.01.2025 04:00;86,1648
03.01.2025 04:15;78,0448
03.01.2025 04:30;77,7548
03.01.2025 04:45;85,5732
03.01.2025 05:00;78,0448
03.01.2025 05:15;81,8148
03.01.2025 05:30;93,4148
03.01.2025 05:45;95,1432
03.01.2025 06:00;94,8648
03.01.2025 06:15;111,6848
03.01.2025 06:30;111,6848
03.01.2025 06:45;115,4432
03.01.2025 07:00;119,2248
03.01.2025 07:15;108,7848
03.01.2025 07:30;110,2232
03.01.2025 07:45;120,6748
03.01.2025 08:00;126,1906
03.01.2025 08:15;130,5348
03.01.2025 08:30;130,2448
03.01.2025 08:45;119,8048
03.01.2025 09:00;127,7624
03.01.2025 09:15;133,5044
03.01.2025 09:30;122,7744
03.01.2025 09:45;120,0484
03.01.2025 10:00;108,663
03.01.2025 10:15;102,3178
03.01.2025 10:30;110,7394
03.01.2025 10:45;107,4508
03.01.2025 11:00;101,1752
03.01.2025 11:15;102,9558
03.01.2025 11:30;97,8228
03.01.2025 11:45;94,5574
03.01.2025 12:00;100,1486
03.01.2025 12:15;86,2054
03.01.2025 12:30;65,0876
03.01.2025 12:45;55,4364
03.01.2025 13:00;55,1696
03.01.2025 13:15;62,4602
03.01.2025 13:30;55,5002
03.01.2025 13:45;53,1744
03.01.2025 14:00;62,4428
03.01.2025 14:15;53,36
03.01.2025 14:30;54,462
03.01.2025 14:45;62,5356
03.01.2025 15:00;55,1696
03.01.2025 15:15;55,7438
03.01.2025 15:30;62,4602
03.01.2025 15:45;54,7636
03.01.2025 16:00;56,2484
03.01.2025 16:15;59,7864
03.01.2025 16:30;52,9076
03.01.2025 16:45;56,0048
03.01.2025 17:00;59,1832
03.01.2025 17:15;54,8332
03.01.2025 17:30;60,3432
03.01.2025 17:45;62,6748
03.01.2025 18:00;58,6032
03.01.2025 18:15;62,3732
03.01.2025 18:30;62,9648
03.01.2025 18:45;58,3132
03.01.2025 19:00;62,9648
03.01.2025 19:15;61,7932
03.01.2025 19:30;58,6032
03.01.2025 19:45;62,6748
03.01.2025 20:00;61,5032
03.01.2025 20:15;59,1948
03.01.2025 20:30;64,9832
03.01.2025 20:45;61,7932
03.01.2025 21:00;61,2248
03.01.2025 21:15;67,3032
03.01.2025 21:30;59,7748
03.01.2025 21:45;59,1832
03.01.2025 22:00;67,0248
03.01.2025 22:15;59,4732
03.01.2025 22:30;60,9
03.01.2025 22:45;67,57
03.01.2025 23:00;57,42
03.01.2025 23:15;57,42
03.01.2025 23:30;64,38
03.01.2025 23:45;56,84
04.01.2025 00:00;57,13
04.01.2025 00:15;64,67
04.01.2025 00:30;57,13
04.01.2025 00:45;60,32
04.01.2025 01:00;62,93
04.01.2025 01:15;56,84
04.01.2025 01:30;61,77
04.01.2025 01:45;59,74
04.01.2025 02:00;56,26
04.01.2025 02:15;63,51
04.01.2025 02:30;58,87
04.01.2025 02:45;57,1532
04.01.2025 03:00;64,9948
04.01.2025 03:15;57,4432
04.01.2025 03:30;57,1648
04.01.2025 03:45;64,6932
04.01.2025 04:00;57,7448
04.01.2025 04:15;56,8632
04.01.2025 04:30;64,1248
04.01.2025 04:45;57,739
04.01.2025 05:00;57,4548
04.01.2025 05:15;67,0132
04.01.2025 05:30;63,2548
04.01.2025 05:45;64,1132
04.01.2025 06:00;67,3148
04.01.2025 06:15;62,3732
04.01.2025 06:30;65,5748
04.01.2025 06:45;66,7232
04.01.2025 07:00;62,9648
04.01.2025 07:15;67,3032
04.01.2025 07:30;64,4148
04.01.2025 07:45;60,3432
04.01.2025 08:00;64,1248
04.01.2025 08:15;55,9932
04.01.2025 08:30;55,7206
04.01.2025 08:45;61,7932
04.01.2025 09:00;54,6244
04.01.2025 09:15;55,0884
04.01.2025 09:30;62,089
04.01.2025 09:45;53,8878
04.01.2025 10:00;54,4156
04.01.2025 10:15;61,2364
04.01.2025 10:30;53,592
04.01.2025 10:45;54,3866
04.01.2025 11:00;60,8014
04.01.2025 11:15;53,3252
04.01.2025 11:30;54,7346
04.01.2025 11:45;60,4476
04.01.2025 12:00;52,5828
04.01.2025 12:15;54,3634
04.01.2025 12:30;59,9314
04.01.2025 12:45;53,3368
04.01.2025 13:00;56,1266
04.01.2025 13:15;57,6172
04.01.2025 13:30;52,983
04.01.2025 13:45;57,159
04.01.2025 14:00;56,173
04.01.2025 14:15;51,62
04.01.2025 14:30;56,2542
04.01.2025 14:45;54,5316
04.01.2025 15:00;52,751
04.01.2025 15:15;59,1832
04.01.2025 15:30;52,6408
04.01.2025 15:45;52,9366
04.01.2025 16:00;60,5636
04.01.2025 16:15;52,5886
04.01.2025 16:30;52,2754
04.01.2025 16:45;62,0948
04.01.2025 17:00;54,5432
04.01.2025 17:15;55,1232
04.01.2025 17:30;63,8348
04.01.2025 17:45;55,9932
04.01.2025 18:00;57,1532
04.01.2025 18:15;65,5748
04.01.2025 18:30;57,4432
04.01.2025 18:45;57,7332
04.01.2025 19:00;64,1248
04.01.2025 19:15;57,1532
04.01.2025 19:30;60,3548
04.01.2025 19:45;61,2132
04.01.2025 20:00;56,5732
04.01.2025 20:15;63,8348
04.01.2025 20:30;61,2132
04.01.2025 20:45;58,0348
04.01.2025 21:00;65,2732
04.01.2025 21:15;56,0048
04.01.2025 21:30;56,2832
04.01.2025 21:45;64,4148
04.01.2025 22:00;57,4432
04.01.2025 22:15;56,5732
04.01.2025 22:30;64,96
04.01.2025 22:45;56,26
04.01.2025 23:00;57,13
04.01.2025 23:15;62,93
04.01.2025 23:30;55,68
04.01.2025 23:45;58,87
05.01.2025 00:00;60,9
05.01.2025 00:15;57,42
05.01.2025 00:30;63,22
05.01.2025 00:45;58,29
05.01.2025 01:00;56,26
05.01.2025 01:15;63,51
05.01.2025 01:30;55,97
05.01.2025 01:45;56,55
05.01.2025 02:00;64,38
05.01.2025 02:15;56,84
05.01.2025 02:30;57,13
05.01.2025 02:45;64,9832
05.01.2025 03:00;56,2948
05.01.2025 03:15;58,3132
05.01.2025 03:30;61,5148
05.01.2025 03:45;56,5732
05.01.2025 04:00;61,2248
05.01.2025 04:15;59,4732
05.01.2025 04:30;56,2948
05.01.2025 04:45;63,5332
05.01.2025 05:00;57,4548
05.01.2025 05:15;58,029
05.01.2025 05:30;66,1548
05.01.2025 05:45;58,029
05.01.2025 06:00;57,7448
05.01.2025 06:15;65,8532
05.01.2025 06:30;58,3248
05.01.2025 06:45;58,6032
05.01.2025 07:00;64,9948
05.01.2025 07:15;57,4432
05.01.2025 07:30;60,6448
05.01.2025 07:45;61,2132
05.01.2025 08:00;55,1348
05.01.2025 08:15;60,3432
05.01.2025 08:30;56,8748
05.01.2025 08:45;53,3832
05.01.2025 09:00;61,2248
05.01.2025 09:15;53,6732
05.01.2025 09:30;53,1048
05.01.2025 09:45;61,5032
05.01.2025 10:00;53,4064
05.01.2025 10:15;52,258
05.01.2025 10:30;60,7086
05.01.2025 10:45;53,07
05.01.2025 11:00;54,404
05.01.2025 11:15;59,0904
05.01.2025 11:30;54,9898
05.01.2025 11:45;56,376
05.01.2025 12:00;56,2136
05.01.2025 12:15;52,5944
05.01.2025 12:30;58,7018
05.01.2025 12:45;54,723
05.01.2025 13:00;52,7336
05.01.2025 13:15;60,8246
05.01.2025 13:30;52,78
05.01.2025 13:45;53,7196
05.01.2025 14:00;61,0334
05.01.2025 14:15;52,5016
05.01.2025 14:30;52,9134
05.01.2025 14:45;60,5868
05.01.2025 15:00;53,157
05.01.2025 15:15;52,8206
05.01.2025 15:30;59,6762
05.01.2025 15:45;53,157
05.01.2025 16:00;55,6104
05.01.2025 16:15;57,7506
05.01.2025 16:30;53,6732
05.01.2025 16:45;58,3132
05.01.2025 17:00;57,7448
05.01.2025 17:15;54,5432
05.01.2025 17:30;60,3432
05.01.2025 17:45;55,7032
05.01.2025 18:00;55,1348
05.01.2025 18:15;64,6932
05.01.2025 18:30;56,8632
05.01.2025 18:45;55,4248
05.01.2025 19:00;63,5332
05.01.2025 19:15;56,2832
05.01.2025 19:30;56,5732
05.01.2025 19:45;63,8348
05.01.2025 20:00;55,4132
05.01.2025 20:15;56,2832
05.01.2025 20:30;64,1248
05.01.2025 20:45;56,2832
05.01.2025 21:00;58,0232
05.01.2025 21:15;61,8048
05.01.2025 21:30;55,1232
05.01.2025 21:45;56,2832
05.01.2025 22:00;60,6448
05.01.2025 22:15;54,2532
05.01.2025 22:30;57,13
05.01.2025 22:45;60,61
05.01.2025 23:00;54,52
05.01.2025 23:15;58,29
05.01.2025 23:30;60,03
05.01.2025 23:45;54,23
06.01.2025 00:00;58,29
06.01.2025 00:15;59,16
06.01.2025 00:30;54,81
06.01.2025 00:45;59,45
06.01.2025 01:00;59,74
06.01.2025 01:15;54,52
06.01.2025 01:30;59,74
06.01.2025 01:45;57,71
06.01.2025 02:00;55,1
06.01.2025 02:15;60,32
06.01.2025 02:30;58,87
06.01.2025 02:45;54,8332
06.01.2025 03:00;60,3432
06.01.2025 03:15;57,1648
06.01.2025 03:30;55,4132
06.01.2025 03:45;62,0948
06.01.2025 04:00;57,1532
06.01.2025 04:15;55,1232
06.01.2025 04:30;61,5148
06.01.2025 04:45;55,4132
06.01.2025 05:00;60,0532
06.01.2025 05:15;80,9448
06.01.2025 05:30;89,0532
06.01.2025 05:45;115,4548
06.01.2025 06:00;139,2232
06.01.2025 06:15;142,6916
06.01.2025 06:30;174,3132
06.01.2025 06:45;203,3016
06.01.2025 07:00;195,779
06.01.2025 07:15;205,3432
06.01.2025 07:30;212,0132
06.01.2025 07:45;203,6032
06.01.2025 08:00;209,67
06.01.2025 08:15;221,0032
06.01.2025 08:30;204,4732
06.01.2025 08:45;184,4516
06.01.2025 09:00;213,0166
06.01.2025 09:15;232,1044
06.01.2025 09:30;205,6274
06.01.2025 09:45;207,1122
06.01.2025 10:00;224,3382
06.01.2025 10:15;232,0928
06.01.2025 10:30;220,1796
06.01.2025 10:45;214,4028
06.01.2025 11:00;213,2254
06.01.2025 11:15;181,4472
06.01.2025 11:30;193,517
06.01.2025 11:45;197,3276
06.01.2025 12:00;190,7272
06.01.2025 12:15;156,1244
06.01.2025 12:30;168,3276
06.01.2025 12:45;183,3612
06.01.2025 13:00;188,4072
06.01.2025 13:15;177,2422
06.01.2025 13:30;195,025
06.01.2025 13:45;205,3896
06.01.2025 14:00;184,9504
06.01.2025 14:15;148,6946
06.01.2025 14:30;107,7118
06.01.2025 14:45;118,929
06.01.2025 15:00;117,4268
06.01.2025 15:15;99,1916
06.01.2025 15:30;99,2438
06.01.2025 15:45;97,3008
06.01.2025 16:00;83,5316
06.01.2025 16:15;82,708
06.01.2025 16:30;88,9952
06.01.2025 16:45;99,4932
06.01.2025 17:00;98,6232
06.01.2025 17:15;96,5932
06.01.2025 17:30;93,7048
06.01.2025 17:45;89,0532
06.01.2025 18:00;78,6132
06.01.2025 18:15;77,7432
06.01.2025 18:30;79,7848
06.01.2025 18:45;76,5832
06.01.2025 19:00;63,8232
06.01.2025 19:15;71,3632
06.01.2025 19:30;62,6748
06.01.2025 19:45;85,5732
06.01.2025 20:00;77,4648
06.01.2025 20:15;63,2432
06.01.2025 20:30;73,6832
06.01.2025 20:45;64,9948
06.01.2025 21:00;73,9732
06.01.2025 21:15;62,9648
06.01.2025 21:30;71,9432
06.01.2025 21:45;63,5332
06.01.2025 22:00;68,4748
06.01.2025 22:15;62,9532
06.01.2025 22:30;68,44
06.01.2025 22:45;60,32
06.01.2025 23:00;63,51
06.01.2025 23:15;58,87
06.01.2025 23:30;63,22
06.01.2025 23:45;59,16
07.01.2025 00:00;62,06
07.01.2025 00:15;58,87
07.01.2025 00:30;62,06
07.01.2025 00:45;59,74
07.01.2025 01:00;62,06
07.01.2025 01:15;60,9
07.01.2025 01:30;61,77
07.01.2025 01:45;60,9
07.01.2025 02:00;61,19
07.01.2025 02:15;60,9
07.01.2025 02:30;61,19
07.01.2025 02:45;61,5032
07.01.2025 03:00;60,9232
07.01.2025 03:15;61,2248
07.01.2025 03:30;61,7932
07.01.2025 03:45;71,0848
07.01.2025 04:00;78,6132
07.01.2025 04:15;78,0448
07.01.2025 04:30;76,8732
07.01.2025 04:45;78,3232
07.01.2025 05:00;78,3348
07.01.2025 05:15;95,1432
07.01.2025 05:30;106,7548
07.01.2025 05:45;133,4232
07.01.2025 06:00;131,6832
07.01.2025 06:15;165,9148
07.01.2025 06:30;186,2032
07.01.2025 06:45;188,2332
07.01.2025 07:00;198,0932
07.01.2025 07:15;198,389
07.01.2025 07:30;201,2948
07.01.2025 07:45;215,209
07.01.2025 08:00;220,1332
07.01.2025 08:15;212,5932
07.01.2025 08:30;207,6632
07.01.2025 08:45;165,329
07.01.2025 09:00;191,3826
07.01.2025 09:15;212,222
07.01.2025 09:30;206,1958
07.01.2025 09:45;201,8226
07.01.2025 10:00;195,9936
07.01.2025 10:15;183,7266
07.01.2025 10:30;187,7402
07.01.2025 10:45;175,5486
07.01.2025 11:00;190,269
07.01.2025 11:15;181,9808
07.01.2025 11:30;173,7332
07.01.2025 11:45;173,4606
07.01.2025 12:00;177,5554
07.01.2025 12:15;159,6566
07.01.2025 12:30;181,5574
07.01.2025 12:45;203,3248
07.01.2025 13:00;189,4918
07.01.2025 13:15;174,7134
07.01.2025 13:30;172,0338
07.01.2025 13:45;173,2982
07.01.2025 14:00;158,4444
07.01.2025 14:15;141,143
07.01.2025 14:30;118,9754
07.01.2025 14:45;117,479
07.01.2025 15:00;117,4558
07.01.2025 15:15;101,6856
07.01.2025 15:30;110,3334
07.01.2025 15:45;110,0782
07.01.2025 16:00;113,0014
07.01.2025 16:15;106,0008
07.01.2025 16:30;96,4482
07.01.2025 16:45;102,0452
07.01.2025 17:00;97,4632
07.01.2025 17:15;106,4532
07.01.2025 17:30;89,6448
07.01.2025 17:45;89,6332
07.01.2025 18:00;79,7732
07.01.2025 18:15;91,0832
07.01.2025 18:30;85,5848
07.01.2025 18:45;83,5432
07.01.2025 19:00;85,2832
07.01.2025 19:15;80,9448
07.01.2025 19:30;86,7332
07.01.2025 19:45;80,6548
07.01.2025 20:00;100,9432
07.01.2025 20:15;98,3332
07.01.2025 20:30;89,6332
07.01.2025 20:45;87,0348
07.01.2025 21:00;84,9932
07.01.2025 21:15;90,2132
07.01.2025 21:30;82,1048
07.01.2025 21:45;88,1832
07.01.2025 22:00;82,3948
07.01.2025 22:15;81,8032
07.01.2025 22:30;81,2
07.01.2025 22:45;81,2
07.01.2025 23:00;76,56
07.01.2025 23:15;76,85
07.01.2025 23:30;78,01
07.01.2025 23:45;76,27
08.01.2025 00:00;75,69
08.01.2025 00:15;76,85
08.01.2025 00:30;76,56
08.01.2025 00:45;76,27
08.01.2025 01:00;76,85
08.01.2025 01:15;77,14
08.01.2025 01:30;76,56
08.01.2025 01:45;77,43
08.01.2025 02:00;76,56
08.01.2025 02:15;75,98
08.01.2025 02:30;76,85
08.01.2025 02:45;76,5832
08.01.2025 03:00;76,8848
08.01.2025 03:15;76,2932
08.01.2025 03:30;77,1632
08.01.2025 03:45;86,7448
08.01.2025 04:00;93,4032
08.01.2025 04:15;92,5448
08.01.2025 04:30;93,1132
08.01.2025 04:45;93,9948
08.01.2025 05:00;98,3332
08.01.2025 05:15;106,4532
08.01.2025 05:30;119,5148
08.01.2025 05:45;146,7632
08.01.2025 06:00;147,6448
08.01.2025 06:15;178,64
08.01.2025 06:30;196,0632
08.01.2025 06:45;188,5232
08.01.2025 07:00;187,9432
08.01.2025 07:15;170,2532
08.01.2025 07:30;189,7006
08.01.2025 07:45;217,2332
08.01.2025 08:00;205,3316
08.01.2025 08:15;226,2232
08.01.2025 08:30;226,8032
08.01.2025 08:45;190,269
08.01.2025 09:00;221,5948
08.01.2025 09:15;243,861
08.01.2025 09:30;232,6438
08.01.2025 09:45;220,8408
08.01.2025 10:00;215,7136
08.01.2025 10:15;219,9302
08.01.2025 10:30;207,5588
08.01.2025 10:45;193,8128
08.01.2025 11:00;190,4836
08.01.2025 11:15;216,8794
08.01.2025 11:30;223,9264
08.01.2025 11:45;220,4696
08.01.2025 12:00;203,145
08.01.2025 12:15;175,4906
08.01.2025 12:30;194,474
08.01.2025 12:45;217,935
08.01.2025 13:00;218,863
08.01.2025 13:15;188,1926
08.01.2025 13:30;215,9514
08.01.2025 13:45;205,9928
08.01.2025 14:00;181,2558
08.01.2025 14:15;159,094
08.01.2025 14:30;110,3218
08.01.2025 14:45;112,8796
08.01.2025 15:00;114,0396
08.01.2025 15:15;112,2184
08.01.2025 15:30;115,1358
08.01.2025 15:45;115,5592
08.01.2025 16:00;104,0462
08.01.2025 16:15;106,6388
08.01.2025 16:30;83,2822
08.01.2025 16:45;83,0618
08.01.2025 17:00;88,4732
08.01.2025 17:15;91,6748
08.01.2025 17:30;98,3332
08.01.2025 17:45;86,4548
08.01.2025 18:00;98,0548
08.01.2025 18:15;87,6032
08.01.2025 18:30;71,6648
08.01.2025 18:45;66,1432
08.01.2025 19:00;71,0848
08.01.2025 19:15;64,1248
08.01.2025 19:30;63,5332
08.01.2025 19:45;69,9248
08.01.2025 20:00;61,7932
08.01.2025 20:15;69,9248
08.01.2025 20:30;67,3148
08.01.2025 20:45;66,4332
08.01.2025 21:00;76,3048
08.01.2025 21:15;70,5048
08.01.2025 21:30;72,5232
08.01.2025 21:45;71,6648
08.01.2025 22:00;65,5748
08.01.2025 22:15;73,9848
08.01.2025 22:30;65,83
08.01.2025 22:45;64,38
08.01.2025 23:00;68,15
08.01.2025 23:15;58,87
08.01.2025 23:30;65,25
08.01.2025 23:45;61,77
09.01.2025 00:00;58,58
09.01.2025 00:15;68,44
09.01.2025 00:30;59,45
09.01.2025 00:45;62,35
09.01.2025 01:00;62,93
09.01.2025 01:15;60,32
09.01.2025 01:30;69,02
09.01.2025 01:45;59,45
09.01.2025 02:00;58,29
09.01.2025 02:15;65,83
09.01.2025 02:30;59,74
09.01.2025 02:45;65,2732
09.01.2025 03:00;61,2248
09.01.2025 03:15;59,4848
09.01.2025 03:30;70,2148
09.01.2025 03:45;59,7632
09.01.2025 04:00;76,3048
09.01.2025 04:15;81,2348
09.01.2025 04:30;75,7248
09.01.2025 04:45;85,8632
09.01.2025 05:00;81,2348
09.01.2025 05:15;87,0348
09.01.2025 05:30;117,1832
09.01.2025 05:45;128,5048
09.01.2025 06:00;135,7432
09.01.2025 06:15;162,4406
09.01.2025 06:30;179,2432
09.01.2025 06:45;187,3748
09.01.2025 07:00;202,1532
09.01.2025 07:15;184,1848
09.01.2025 07:30;182,1432
09.01.2025 07:45;198,9516
09.01.2025 08:00;208,2432
09.01.2025 08:15;189,3932
09.01.2025 08:30;182,1432
09.01.2025 08:45;151,7048
09.01.2025 09:00;183,5932
09.01.2025 09:15;199,5432
09.01.2025 09:30;197,345
09.01.2025 09:45;207,176
09.01.2025 10:00;209,873
09.01.2025 10:15;199,926
09.01.2025 10:30;187,717
09.01.2025 10:45;174,6438
09.01.2025 11:00;185,7334
09.01.2025 11:15;197,751
09.01.2025 11:30;199,3982
09.01.2025 11:45;190,3444
09.01.2025 12:00;181,6676
09.01.2025 12:15;160,544
09.01.2025 12:30;192,154
09.01.2025 12:45;214,658
09.01.2025 13:00;199,926
09.01.2025 13:15;213,6662
09.01.2025 13:30;200,361
09.01.2025 13:45;199,5664
09.01.2025 14:00;188,268
09.01.2025 14:15;148,1088
09.01.2025 14:30;119,8918
09.01.2025 14:45;120,611
09.01.2025 15:00;109,4228
09.01.2025 15:15;120,1354
09.01.2025 15:30;104,284
09.01.2025 15:45;107,4334
09.01.2025 16:00;95,4564
09.01.2025 16:15;96,1408
09.01.2025 16:30;96,0074
09.01.2025 16:45;94,8764
09.01.2025 17:00;86,7448
09.01.2025 17:15;73,3932
09.01.2025 17:30;79,2048
09.01.2025 17:45;73,9732
09.01.2025 18:00;73,9848
09.01.2025 18:15;77,1632
09.01.2025 18:30;71,9548
09.01.2025 18:45;82,9632
09.01.2025 19:00;72,8248
09.01.2025 19:15;73,6832
09.01.2025 19:30;78,3348
09.01.2025 19:45;67,0132
09.01.2025 20:00;76,5948
09.01.2025 20:15;76,3048
09.01.2025 20:30;75,1332
09.01.2025 20:45;83,2648
09.01.2025 21:00;76,8732
09.01.2025 21:15;69,3448
09.01.2025 21:30;77,1748
09.01.2025 21:45;69,0432
09.01.2025 22:00;74,5648
09.01.2025 22:15;71,0732
09.01.2025 22:30;67,57
09.01.2025 22:45;73,37
09.01.2025 23:00;60,03
09.01.2025 23:15;61,77
09.01.2025 23:30;60,61
09.01.2025 23:45;58,58
10.01.2025 00:00;64,38
10.01.2025 00:15;58,87
10.01.2025 00:30;60,61
10.01.2025 00:45;63,22
10.01.2025 01:00;58,87
10.01.2025 01:15;67,86
10.01.2025 01:30;58,29
10.01.2025 01:45;60,03
10.01.2025 02:00;64,38
10.01.2025 02:15;56,84
10.01.2025 02:30;65,54
10.01.2025 02:45;56,5848
10.01.2025 03:00;59,1948
10.01.2025 03:15;67,3032
10.01.2025 03:30;57,7448
10.01.2025 03:45;71,9548
10.01.2025 04:00;76,0032
10.01.2025 04:15;73,9848
10.01.2025 04:30;80,9448
10.01.2025 04:45;73,3932
10.01.2025 05:00;84,4248
10.01.2025 05:15;94,5632
10.01.2025 05:30;102,6948
10.01.2025 05:45;138,0748
10.01.2025 06:00;132,5532
10.01.2025 06:15;153,1548
10.01.2025 06:30;167,0632
10.01.2025 06:45;184,73
10.01.2025 07:00;168,2232
10.01.2025 07:15;166,7616
10.01.2025 07:30;178,6516
10.01.2025 07:45;189,1148
10.01.2025 08:00;177,4974
10.01.2025 08:15;179,2548
10.01.2025 08:30;172,289
10.01.2025 08:45;149,8082
10.01.2025 09:00;148,3466
10.01.2025 09:15;168,1188
10.01.2025 09:30;165,0216
10.01.2025 09:45;160,4918
10.01.2025 10:00;162,6494
10.01.2025 10:15;159,8712
10.01.2025 10:30;148,4974
10.01.2025 10:45;161,5358
10.01.2025 11:00;163,0496
10.01.2025 11:15;172,492
10.01.2025 11:30;163,5774
10.01.2025 11:45;173,3388
10.01.2025 12:00;154,5874
10.01.2025 12:15;137,9704
10.01.2025 12:30;106,6156
10.01.2025 12:45;110,0434
10.01.2025 13:00;92,771
10.01.2025 13:15;91,1354
10.01.2025 13:30;94,1804
10.01.2025 13:45;87,3248
10.01.2025 14:00;92,771
10.01.2025 14:15;83,1372
10.01.2025 14:30;87,7018
10.01.2025 14:45;88,8792
10.01.2025 15:00;96,7498
10.01.2025 15:15;83,346
10.01.2025 15:30;77,4764
10.01.2025 15:45;77,488
10.01.2025 16:00;95,613
10.01.2025 16:15;90,0218
10.01.2025 16:30;84,767
10.01.2025 16:45;89,1518
10.01.2025 17:00;83,8332
10.01.2025 17:15;71,9432
10.01.2025 17:30;71,3748
10.01.2025 17:45;77,4532
10.01.2025 18:00;66,7348
10.01.2025 18:15;67,5932
10.01.2025 18:30;69,6348
10.01.2025 18:45;61,2132
10.01.2025 19:00;64,1248
10.01.2025 19:15;63,5332
10.01.2025 19:30;60,3548
10.01.2025 19:45;63,5332
10.01.2025 20:00;61,5148
10.01.2025 20:15;62,9648
10.01.2025 20:30;68,4632
10.01.2025 20:45;62,3848
10.01.2025 21:00;62,3732
10.01.2025 21:15;67,0248
10.01.2025 21:30;59,4732
10.01.2025 21:45;61,5148
10.01.2025 22:00;68,1732
10.01.2025 22:15;62,6748
10.01.2025 22:30;63,22
10.01.2025 22:45;66,41
10.01.2025 23:00;57,71
10.01.2025 23:15;61,19
10.01.2025 23:30;61,77
10.01.2025 23:45;57,13
11.01.2025 00:00;62,64
11.01.2025 00:15;59,74
11.01.2025 00:30;57,71
11.01.2025 00:45;66,99
11.01.2025 01:00;56,55
11.01.2025 01:15;58
11.01.2025 01:30;65,54
11.01.2025 01:45;56,84
11.01.2025 02:00;57,42
11.01.2025 02:15;65,54
11.01.2025 02:30;57,13
11.01.2025 02:45;60,6332
11.01.2025 03:00;62,0948
11.01.2025 03:15;58,0348
11.01.2025 03:30;63,2432
11.01.2025 03:45;60,3548
11.01.2025 04:00;57,4432
11.01.2025 04:15;64,7048
11.01.2025 04:30;58,0348
11.01.2025 04:45;58,6032
11.01.2025 05:00;64,7048
11.01.2025 05:15;61,7932
11.01.2025 05:30;68,1848
11.01.2025 05:45;67,8948
11.01.2025 06:00;64,1132
11.01.2025 06:15;72,8248
11.01.2025 06:30;64,6932
11.01.2025 06:45;64,1248
11.01.2025 07:00;73,1148
11.01.2025 07:15;64,6932
11.01.2025 07:30;67,3148
11.01.2025 07:45;67,5932
11.01.2025 08:00;58,9048
11.01.2025 08:15;60,3548
11.01.2025 08:30;62,089
11.01.2025 08:45;55,1522
11.01.2025 09:00;63,0634
11.01.2025 09:15;57,1184
11.01.2025 09:30;55,6974
11.01.2025 09:45;64,119
11.01.2025 10:00;54,8216
11.01.2025 10:15;55,709
11.01.2025 10:30;63,2722
11.01.2025 10:45;54,9956
11.01.2025 11:00;56,2658
11.01.2025 11:15;62,1122
11.01.2025 11:30;54,926
11.01.2025 11:45;59,218
11.01.2025 12:00;59,0962
11.01.2025 12:15;53,0874
11.01.2025 12:30;59,4732
11.01.2025 12:45;54,085
11.01.2025 13:00;52,7568
11.01.2025 13:15;61,1958
11.01.2025 13:30;53,0642
11.01.2025 13:45;53,7602
11.01.2025 14:00;61,6424
11.01.2025 14:15;52,548
11.01.2025 14:30;55,0652
11.01.2025 14:45;58,551
11.01.2025 15:00;53,5688
11.01.2025 15:15;57,2866
11.01.2025 15:30;57,9768
11.01.2025 15:45;55,6916
11.01.2025 16:00;60,3838
11.01.2025 16:15;55,0362
11.01.2025 16:30;54,752
11.01.2025 16:45;64,032
11.01.2025 17:00;54,0038
11.01.2025 17:15;54,2648
11.01.2025 17:30;64,6932
11.01.2025 17:45;56,5848
11.01.2025 18:00;60,6448
11.01.2025 18:15;65,2732
11.01.2025 18:30;60,0648
11.01.2025 18:45;64,1132
11.01.2025 19:00;61,8048
11.01.2025 19:15;56,8748
11.01.2025 19:30;66,4332
11.01.2025 19:45;58,0348
11.01.2025 20:00;58,8932
11.01.2025 20:15;66,7348
11.01.2025 20:30;58,0348
11.01.2025 20:45;57,4432
11.01.2025 21:00;66,1548
11.01.2025 21:15;56,8748
11.01.2025 21:30;60,3432
11.01.2025 21:45;62,9648
11.01.2025 22:00;56,5848
11.01.2025 22:15;64,9832
11.01.2025 22:30;58
11.01.2025 22:45;58
11.01.2025 23:00;65,83
11.01.2025 23:15;56,84
11.01.2025 23:30;55,97
11.01.2025 23:45;64,09
12.01.2025 00:00;56,55
12.01.2025 00:15;62,06
12.01.2025 00:30;61,77
12.01.2025 00:45;56,26
12.01.2025 01:00;64,96
12.01.2025 01:15;56,26
12.01.2025 01:30;56,26
12.01.2025 01:45;62,93
12.01.2025 02:00;57,13
12.01.2025 02:15;60,61
12.01.2025 02:30;62,64
12.01.2025 02:45;57,7448
12.01.2025 03:00;64,4148
12.01.2025 03:15;56,2832
12.01.2025 03:30;56,5848
12.01.2025 03:45;62,9648
12.01.2025 04:00;59,7748
12.01.2025 04:15;58,3132
12.01.2025 04:30;64,4148
12.01.2025 04:45;57,7448
12.01.2025 05:00;62,9532
12.01.2025 05:15;60,9348
12.01.2025 05:30;58,3248
12.01.2025 05:45;64,9948
12.01.2025 06:00;58,0232
12.01.2025 06:15;60,6448
12.01.2025 06:30;67,0248
12.01.2025 06:45;60,3548
12.01.2025 07:00;62,6632
12.01.2025 07:15;64,1248
12.01.2025 07:30;59,7748
12.01.2025 07:45;66,1432
12.01.2025 08:00;58,0348
12.01.2025 08:15;56,5848
12.01.2025 08:30;63,8348
12.01.2025 08:45;55,3726
12.01.2025 09:00;57,2634
12.01.2025 09:15;60,7086
12.01.2025 09:30;53,3252
12.01.2025 09:45;62,4544
12.01.2025 10:00;54,259
12.01.2025 10:15;54,9086
12.01.2025 10:30;61,8686
12.01.2025 10:45;53,7892
12.01.2025 11:00;54,2358
12.01.2025 11:15;60,1982
12.01.2025 11:30;52,7104
12.01.2025 11:45;58,7134
12.01.2025 12:00;55,8598
12.01.2025 12:15;52,7452
12.01.2025 12:30;58,725
12.01.2025 12:45;51,1502
12.01.2025 13:00;52,0202
12.01.2025 13:15;60,5114
12.01.2025 13:30;52,5654
12.01.2025 13:45;53,5688
12.01.2025 14:00;56,4398
12.01.2025 14:15;52,345
12.01.2025 14:30;57,9072
12.01.2025 14:45;53,6268
12.01.2025 15:00;51,388
12.01.2025 15:15;58,58
12.01.2025 15:30;54,752
12.01.2025 15:45;53,1976
12.01.2025 16:00;59,2644
12.01.2025 16:15;51,3822
12.01.2025 16:30;55,4712
12.01.2025 16:45;57,13
12.01.2025 17:00;66,903
12.01.2025 17:15;78,9032
12.01.2025 17:30;71,9548
12.01.2025 17:45;72,8132
12.01.2025 18:00;78,3348
12.01.2025 18:15;71,3632
12.01.2025 18:30;73,1148
12.01.2025 18:45;76,0148
12.01.2025 19:00;69,9132
12.01.2025 19:15;78,9148
12.01.2025 19:30;69,9132
12.01.2025 19:45;68,1848
12.01.2025 20:00;76,0148
12.01.2025 20:15;69,0432
12.01.2025 20:30;72,8248
12.01.2025 20:45;75,7132
12.01.2025 21:00;69,3448
12.01.2025 21:15;76,0148
12.01.2025 21:30;71,0732
12.01.2025 21:45;69,0548
12.01.2025 22:00;76,5948
12.01.2025 22:15;67,3032
12.01.2025 22:30;69,6
12.01.2025 22:45;75,11
12.01.2025 23:00;68,73
12.01.2025 23:15;74,82
12.01.2025 23:30;70,47
12.01.2025 23:45;68,44
13.01.2025 00:00;76,85
13.01.2025 00:15;68,15
13.01.2025 00:30;70,18
13.01.2025 00:45;74,82
13.01.2025 01:00;68,44
13.01.2025 01:15;74,53
13.01.2025 01:30;71,05
13.01.2025 01:45;69,02
13.01.2025 02:00;76,56
13.01.2025 02:15;69,6
13.01.2025 02:30;69,02
13.01.2025 02:45;77,1748
13.01.2025 03:00;69,9132
13.01.2025 03:15;73,1148
13.01.2025 03:30;74,5648
13.01.2025 03:45;69,0432
13.01.2025 04:00;76,8848
13.01.2025 04:15;69,3448
13.01.2025 04:30;69,3448
13.01.2025 04:45;81,5132
13.01.2025 05:00;76,8848
13.01.2025 05:15;92,5448
13.01.2025 05:30;102,6832
13.01.2025 05:45;127,6348
13.01.2025 06:00;141,5548
13.01.2025 06:15;147,6332
13.01.2025 06:30;185,0548
13.01.2025 06:45;185,9132
13.01.2025 07:00;172,5848
13.01.2025 07:15;169,0932
13.01.2025 07:30;180,7048
13.01.2025 07:45;195,7732
13.01.2025 08:00;197,5248
13.01.2025 08:15;208,829
13.01.2025 08:30;191,139
13.01.2025 08:45;161,7156
13.01.2025 09:00;176,639
13.01.2025 09:15;207,7444
13.01.2025 09:30;202,0952
13.01.2025 09:45;194,6944
13.01.2025 10:00;190,3444
13.01.2025 10:15;189,428
13.01.2025 10:30;194,764
13.01.2025 10:45;186,9108
13.01.2025 11:00;190,1008
13.01.2025 11:15;183,251
13.01.2025 11:30;197,7104
13.01.2025 11:45;194,8974
13.01.2025 12:00;186,093
13.01.2025 12:15;160,3294
13.01.2025 12:30;199,2996
13.01.2025 12:45;202,8202
13.01.2025 13:00;229,6684
13.01.2025 13:15;216,0674
13.01.2025 13:30;220,9162
13.01.2025 13:45;224,6282
13.01.2025 14:00;213,9968
13.01.2025 14:15;171,3552
13.01.2025 14:30;119,7352
13.01.2025 14:45;100,833
13.01.2025 15:00;106,5576
13.01.2025 15:15;100,1718
13.01.2025 15:30;113,8018
13.01.2025 15:45;98,7218
13.01.2025 16:00;107,9032
13.01.2025 16:15;94,0528
13.01.2025 16:30;101,645
13.01.2025 16:45;88,276
13.01.2025 17:00;95,6594
13.01.2025 17:15;68,7532
13.01.2025 17:30;64,4148
13.01.2025 17:45;78,0332
13.01.2025 18:00;69,9248
13.01.2025 18:15;68,4748
13.01.2025 18:30;75,1332
13.01.2025 18:45;70,2148
13.01.2025 19:00;75,1448
13.01.2025 19:15;66,7348
13.01.2025 19:30;69,6232
13.01.2025 19:45;71,6648
13.01.2025 20:00;75,4348
13.01.2025 20:15;76,2932
13.01.2025 20:30;68,1848
13.01.2025 20:45;71,0848
13.01.2025 21:00;78,3348
13.01.2025 21:15;72,8132
13.01.2025 21:30;71,6648
13.01.2025 21:45;73,1148
13.01.2025 22:00;68,4748
13.01.2025 22:15;74,5532
13.01.2025 22:30;62,35
13.01.2025 22:45;60,03
13.01.2025 23:00;66,99
13.01.2025 23:15;60,03
13.01.2025 23:30;62,64
13.01.2025 23:45;62,93
14.01.2025 00:00;58,58
14.01.2025 00:15;65,54
14.01.2025 00:30;58
14.01.2025 00:45;61,48
14.01.2025 01:00;65,83
14.01.2025 01:15;58,87
14.01.2025 01:30;65,25
14.01.2025 01:45;60,03
14.01.2025 02:00;58,58
14.01.2025 02:15;76,27
14.01.2025 02:30;75,98
14.01.2025 02:45;77,1748
14.01.2025 03:00;81,5248
14.01.2025 03:15;73,1148
14.01.2025 03:30;78,6248
14.01.2025 03:45;71,6648
14.01.2025 04:00;69,6232
14.01.2025 04:15;79,4948
14.01.2025 04:30;70,2148
14.01.2025 04:45;77,7548
14.01.2025 05:00;81,2348
14.01.2025 05:15;87,6148
14.01.2025 05:30;111,9748
14.01.2025 05:45;132,8432
14.01.2025 06:00;132,2748
14.01.2025 06:15;174,3132
14.01.2025 06:30;210,5632
14.01.2025 06:45;208,8116
14.01.2025 07:00;213,4632
14.01.2025 07:15;194,6074
14.01.2025 07:30;210,2848
14.01.2025 07:45;219,8432
14.01.2025 08:00;216,9548
14.01.2025 08:15;194,9032
14.01.2025 08:30;203,6206
14.01.2025 08:45;174,3886
14.01.2025 09:00;187,8446
14.01.2025 09:15;208,945
14.01.2025 09:30;208,7304
14.01.2025 09:45;210,801
14.01.2025 10:00;191,1912
14.01.2025 10:15;212,1756
14.01.2025 10:30;216,8446
14.01.2025 10:45;199,752
14.01.2025 11:00;209,3162
14.01.2025 11:15;204,3804
14.01.2025 11:30;203,3886
14.01.2025 11:45;219,5184
14.01.2025 12:00;190,3908
14.01.2025 12:15;175,4094
14.01.2025 12:30;169,8704
14.01.2025 12:45;193,633
14.01.2025 13:00;191,6842
14.01.2025 13:15;218,6136
14.01.2025 13:30;204,3572
14.01.2025 13:45;196,4692
14.01.2025 14:00;208,1562
14.01.2025 14:15;161,8838
14.01.2025 14:30;147,6622
14.01.2025 14:45;134,618
14.01.2025 15:00;139,8148
14.01.2025 15:15;139,6002
14.01.2025 15:30;138,9738
14.01.2025 15:45;136,4798
14.01.2025 16:00;120,7676
14.01.2025 16:15;122,206
14.01.2025 16:30;101,471
14.01.2025 16:45;81,7162
14.01.2025 17:00;69,3332
14.01.2025 17:15;88,1948
14.01.2025 17:30;73,3932
14.01.2025 17:45;64,4148
14.01.2025 18:00;69,9132
14.01.2025 18:15;61,8048
14.01.2025 18:30;61,8048
14.01.2025 18:45;68,7532
14.01.2025 19:00;66,4448
14.01.2025 19:15;67,6048
14.01.2025 19:30;63,8232
14.01.2025 19:45;61,8048
14.01.2025 20:00;68,4632
14.01.2025 20:15;61,5148
14.01.2025 20:30;69,3448
14.01.2025 20:45;70,2032
14.01.2025 21:00;68,7648
14.01.2025 21:15;65,5748
14.01.2025 21:30;61,5032
14.01.2025 21:45;70,7948
14.01.2025 22:00;62,6748
14.01.2025 22:15;62,0832
14.01.2025 22:30;68,44
14.01.2025 22:45;58
14.01.2025 23:00;60,61
14.01.2025 23:15;60,61
14.01.2025 23:30;59,16
14.01.2025 23:45;63,22
15.01.2025 00:00;57,71
15.01.2025 00:15;57,42
15.01.2025 00:30;64,38
15.01.2025 00:45;57,13
15.01.2025 01:00;54,52
15.01.2025 01:15;63,51
15.01.2025 01:30;55,97
15.01.2025 01:45;59,74
15.01.2025 02:00;61,48
15.01.2025 02:15;57,13
15.01.2025 02:30;80,91
15.01.2025 02:45;73,3932
15.01.2025 03:00;71,9548
15.01.2025 03:15;78,0448
15.01.2025 03:30;69,0548
15.01.2025 03:45;69,0548
15.01.2025 04:00;77,4532
15.01.2025 04:15;67,3148
15.01.2025 04:30;71,3748
15.01.2025 04:45;71,9548
15.01.2025 05:00;75,7248
15.01.2025 05:15;91,9532
15.01.2025 05:30;102,1148
15.01.2025 05:45;127,3448
15.01.2025 06:00;133,7248
15.01.2025 06:15;154,0016
15.01.2025 06:30;192,5948
15.01.2025 06:45;194,0216
15.01.2025 07:00;158,6648
15.01.2025 07:15;160,399
15.01.2025 07:30;193,4532
15.01.2025 07:45;221,2932
15.01.2025 08:00;233,769
15.01.2025 08:15;233,4848
15.01.2025 08:30;200,9932
15.01.2025 08:45;173,1648
15.01.2025 09:00;196,2314
15.01.2025 09:15;245,891
15.01.2025 09:30;233,7052
15.01.2025 09:45;215,5628
15.01.2025 10:00;203,3886
15.01.2025 10:15;194,4218
15.01.2025 10:30;193,4416
15.01.2025 10:45;175,2354
15.01.2025 11:00;192,5948
15.01.2025 11:15;193,7954
15.01.2025 11:30;218,573
15.01.2025 11:45;193,0182
15.01.2025 12:00;190,1182
15.01.2025 12:15;158,2704
15.01.2025 12:30;181,2384
15.01.2025 12:45;211,0446
15.01.2025 13:00;236,4196
15.01.2025 13:15;199,4388
15.01.2025 13:30;208,9566
15.01.2025 13:45;206,0218
15.01.2025 14:00;161,9824
15.01.2025 14:15;140,9806
15.01.2025 14:30;119,1784
15.01.2025 14:45;121,3882
15.01.2025 15:00;110,2464
15.01.2025 15:15;121,0518
15.01.2025 15:30;105,6702
15.01.2025 15:45;110,0724
15.01.2025 16:00;97,5038
15.01.2025 16:15;106,0066
15.01.2025 16:30;100,5256
15.01.2025 16:45;99,7832
15.01.2025 17:00;94,2848
15.01.2025 17:15;95,7232
15.01.2025 17:30;95,1548
15.01.2025 17:45;81,8032
15.01.2025 18:00;64,4148
15.01.2025 18:15;73,9848
15.01.2025 18:30;69,0432
15.01.2025 18:45;66,4448
15.01.2025 19:00;72,5348
15.01.2025 19:15;63,2432
15.01.2025 19:30;68,7648
15.01.2025 19:45;59,7748
15.01.2025 20:00;68,1732
15.01.2025 20:15;60,0648
15.01.2025 20:30;63,5448
15.01.2025 20:45;72,2332
15.01.2025 21:00;62,9648
15.01.2025 21:15;67,0248
15.01.2025 21:30;65,8532
15.01.2025 21:45;62,9648
15.01.2025 22:00;67,3148
15.01.2025 22:15;61,8048
15.01.2025 22:30;59,74
15.01.2025 22:45;65,25
15.01.2025 23:00;55,97
15.01.2025 23:15;56,55
15.01.2025 23:30;64,38
15.01.2025 23:45;55,39
16.01.2025 00:00;56,84
16.01.2025 00:15;61,48
16.01.2025 00:30;56,55
16.01.2025 00:45;61,48
16.01.2025 01:00;58,87
16.01.2025 01:15;57,71
16.01.2025 01:30;61,48
16.01.2025 01:45;55,97
16.01.2025 02:00;55,39
16.01.2025 02:15;63,8
16.01.2025 02:30;55,68
16.01.2025 02:45;54,2648
16.01.2025 03:00;63,2548
16.01.2025 03:15;57,1532
16.01.2025 03:30;56,8748
16.01.2025 03:45;62,9648
16.01.2025 04:00;55,1348
16.01.2025 04:15;58,3132
16.01.2025 04:30;61,5148
16.01.2025 04:45;57,7448
16.01.2025 05:00;65,8532
16.01.2025 05:15;78,6248
16.01.2025 05:30;90,8048
16.01.2025 05:45;129,3632
16.01.2025 06:00;132,8548
16.01.2025 06:15;170,8564
16.01.2025 06:30;221,0032
16.01.2025 06:45;217,5116
16.01.2025 07:00;209,4148
16.01.2025 07:15;164,1632
16.01.2025 07:30;191,1332
16.01.2025 07:45;236,379
16.01.2025 08:00;221,5832
16.01.2025 08:15;204,1832
16.01.2025 08:30;206,8048
16.01.2025 08:45;164,1574
16.01.2025 09:00;198,6906
16.01.2025 09:15;224,4948
16.01.2025 09:30;243,2404
16.01.2025 09:45;223,7408
16.01.2025 10:00;202,8086
16.01.2025 10:15;196,8462
16.01.2025 10:30;221,5832
16.01.2025 10:45;185,136
16.01.2025 11:00;188,065
16.01.2025 11:15;199,81
16.01.2025 11:30;205,5404
16.01.2025 11:45;214,8726
16.01.2025 12:00;204,2992
16.01.2025 12:15;148,5322
16.01.2025 12:30;192,2642
16.01.2025 12:45;218,0452
16.01.2025 13:00;205,6622
16.01.2025 13:15;211,7232
16.01.2025 13:30;211,1722
16.01.2025 13:45;200,6742
16.01.2025 14:00;191,7306
16.01.2025 14:15;160,718
16.01.2025 14:30;135,662
16.01.2025 14:45;131,6658
16.01.2025 15:00;114,84
16.01.2025 15:15;109,1908
16.01.2025 15:30;101,587
16.01.2025 15:45;112,6128
16.01.2025 16:00;101,8422
16.01.2025 16:15;103,8838
16.01.2025 16:30;93,5598
16.01.2025 16:45;103,5532
16.01.2025 17:00;94,2848
16.01.2025 17:15;100,0732
16.01.2025 17:30;93,9948
16.01.2025 17:45;77,7548
16.01.2025 18:00;60,9232
16.01.2025 18:15;71,0848
16.01.2025 18:30;66,1432
16.01.2025 18:45;76,0148
16.01.2025 19:00;75,7248
16.01.2025 19:15;62,0832
16.01.2025 19:30;61,5148
16.01.2025 19:45;66,7232
16.01.2025 20:00;58,9048
16.01.2025 20:15;66,4448
16.01.2025 20:30;63,5332
16.01.2025 20:45;64,4148
16.01.2025 21:00;71,6648
16.01.2025 21:15;63,2432
16.01.2025 21:30;64,4148
16.01.2025 21:45;68,4748
16.01.2025 22:00;60,6332
16.01.2025 22:15;66,4448
16.01.2025 22:30;62,93
16.01.2025 22:45;58,29
16.01.2025 23:00;63,51
16.01.2025 23:15;55,39
16.01.2025 23:30;55,39
16.01.2025 23:45;64,96
17.01.2025 00:00;57,42
17.01.2025 00:15;59,16
17.01.2025 00:30;58,58
17.01.2025 00:45;54,52
17.01.2025 01:00;65,25
17.01.2025 01:15;56,84
17.01.2025 01:30;56,84
17.01.2025 01:45;64,09
17.01.2025 02:00;56,84
17.01.2025 02:15;56,84
17.01.2025 02:30;77,43
17.01.2025 02:45;72,2448
17.01.2025 03:00;76,8848
17.01.2025 03:15;74,5532
17.01.2025 03:30;71,9548
17.01.2025 03:45;76,8848
17.01.2025 04:00;68,7648
17.01.2025 04:15;67,3032
17.01.2025 04:30;74,8548
17.01.2025 04:45;67,0248
17.01.2025 05:00;73,9732
17.01.2025 05:15;90,8048
17.01.2025 05:30;101,5348
17.01.2025 05:45;134,0032
17.01.2025 06:00;128,7948
17.01.2025 06:15;153,4332
17.01.2025 06:30;189,9732
17.01.2025 06:45;192,0032
17.01.2025 07:00;189,1206
17.01.2025 07:15;154,3032
17.01.2025 07:30;196,3532
17.01.2025 07:45;216,0616
17.01.2025 08:00;203,3016
17.01.2025 08:15;201,8516
17.01.2025 08:30;190,8316
17.01.2025 08:45;173,7332
17.01.2025 09:00;185,02
17.01.2025 09:15;221,9138
17.01.2025 09:30;212,4714
17.01.2025 09:45;211,497
17.01.2025 10:00;195,3092
17.01.2025 10:15;207,5704
17.01.2025 10:30;199,3866
17.01.2025 10:45;196,6026
17.01.2025 11:00;195,692
17.01.2025 11:15;187,833
17.01.2025 11:30;189,3642
17.01.2025 11:45;176,32
17.01.2025 12:00;172,0338
17.01.2025 12:15;146,74
17.01.2025 12:30;125,8194
17.01.2025 12:45;104,5508
17.01.2025 13:00;103,0892
17.01.2025 13:15;104,4522
17.01.2025 13:30;93,9948
17.01.2025 13:45;84,7496
17.01.2025 14:00;80,1096
17.01.2025 14:15;83,4562
17.01.2025 14:30;95,8624
17.01.2025 14:45;78,9554
17.01.2025 15:00;75,3884
17.01.2025 15:15;81,5712
17.01.2025 15:30;73,7064
17.01.2025 15:45;77,5518
17.01.2025 16:00;74,2284
17.01.2025 16:15;68,7648
17.01.2025 16:30;77,8128
17.01.2025 16:45;70,9398
17.01.2025 17:00;71,6532
17.01.2025 17:15;73,6948
17.01.2025 17:30;68,7532
17.01.2025 17:45;78,0448
17.01.2025 18:00;71,3748
17.01.2025 18:15;77,1632
17.01.2025 18:30;62,3848
17.01.2025 18:45;61,2132
17.01.2025 19:00;69,6348
17.01.2025 19:15;58,6148
17.01.2025 19:30;67,3032
17.01.2025 19:45;59,1948
17.01.2025 20:00;60,9232
17.01.2025 20:15;65,2848
17.01.2025 20:30;61,5148
17.01.2025 20:45;70,4932
17.01.2025 21:00;62,6748
17.01.2025 21:15;64,1248
17.01.2025 21:30;65,8532
17.01.2025 21:45;60,3548
17.01.2025 22:00;68,7648
17.01.2025 22:15;61,2132
17.01.2025 22:30;66,99
17.01.2025 22:45;62,93
17.01.2025 23:00;58,29
17.01.2025 23:15;66,7
17.01.2025 23:30;58,29
17.01.2025 23:45;65,54
18.01.2025 00:00;58,29
18.01.2025 00:15;59,16
18.01.2025 00:30;66,12
18.01.2025 00:45;57,13
18.01.2025 01:00;65,54
18.01.2025 01:15;56,26
18.01.2025 01:30;60,03
18.01.2025 01:45;63,51
18.01.2025 02:00;57,42
18.01.2025 02:15;66,41
18.01.2025 02:30;57,71
18.01.2025 02:45;63,2548
18.01.2025 03:00;60,0648
18.01.2025 03:15;58,6032
18.01.2025 03:30;66,1548
18.01.2025 03:45;58,6148
18.01.2025 04:00;64,7048
18.01.2025 04:15;59,1832
18.01.2025 04:30;59,1948
18.01.2025 04:45;66,1548
18.01.2025 05:00;59,1948
18.01.2025 05:15;69,9132
18.01.2025 05:30;64,7048
18.01.2025 05:45;66,4448
18.01.2025 06:00;71,3748
18.01.2025 06:15;64,4032
18.01.2025 06:30;72,2448
18.01.2025 06:45;63,2548
18.01.2025 07:00;66,4332
18.01.2025 07:15;69,6348
18.01.2025 07:30;62,9648
18.01.2025 07:45;69,3448
18.01.2025 08:00;59,189
18.01.2025 08:15;60,6448
18.01.2025 08:30;60,0648
18.01.2025 08:45;54,8738
18.01.2025 09:00;65,1862
18.01.2025 09:15;55,274
18.01.2025 09:30;62,5588
18.01.2025 09:45;57,1532
18.01.2025 10:00;56,956
18.01.2025 10:15;62,379
18.01.2025 10:30;59,0672
18.01.2025 10:45;62,4138
18.01.2025 11:00;55,6046
18.01.2025 11:15;56,7704
18.01.2025 11:30;62,8604
18.01.2025 11:45;55,3436
18.01.2025 12:00;63,4752
18.01.2025 12:15;54,23
18.01.2025 12:30;57,5418
18.01.2025 12:45;60,8942
18.01.2025 13:00;54,259
18.01.2025 13:15;63,017
18.01.2025 13:30;54,2532
18.01.2025 13:45;59,7458
18.01.2025 14:00;58,5336
18.01.2025 14:15;54,4794
18.01.2025 14:30;62,1064
18.01.2025 14:45;53,853
18.01.2025 15:00;60,2446
18.01.2025 15:15;55,535
18.01.2025 15:30;54,9086
18.01.2025 15:45;60,6796
18.01.2025 16:00;56,231
18.01.2025 16:15;61,886
18.01.2025 16:30;55,4828
18.01.2025 16:45;54,868
18.01.2025 17:00;60,842
18.01.2025 17:15;55,7032
18.01.2025 17:30;62,0832
18.01.2025 17:45;56,2948
18.01.2025 18:00;57,7448
18.01.2025 18:15;64,1132
18.01.2025 18:30;60,3548
18.01.2025 18:45;67,3032
18.01.2025 19:00;58,6148
18.01.2025 19:15;59,1832
18.01.2025 19:30;63,8348
18.01.2025 19:45;58,0348
18.01.2025 20:00;66,4332
18.01.2025 20:15;57,4548
18.01.2025 20:30;60,3548
18.01.2025 20:45;64,4032
18.01.2025 21:00;59,1948
18.01.2025 21:15;65,2848
18.01.2025 21:30;56,2832
18.01.2025 21:45;62,9648
18.01.2025 22:00;61,7932
18.01.2025 22:15;57,4548
18.01.2025 22:30;66,12
18.01.2025 22:45;57,71
18.01.2025 23:00;61,48
18.01.2025 23:15;61,48
18.01.2025 23:30;55,68
18.01.2025 23:45;65,54
19.01.2025 00:00;57,13
19.01.2025 00:15;61,77
19.01.2025 00:30;60,61
19.01.2025 00:45;57,71
19.01.2025 01:00;65,54
19.01.2025 01:15;55,97
19.01.2025 01:30;63,51
19.01.2025 01:45;58,58
19.01.2025 02:00;57,42
19.01.2025 02:15;64,38
19.01.2025 02:30;57,42
19.01.2025 02:45;62,3848
19.01.2025 03:00;58,3132
19.01.2025 03:15;57,1648
19.01.2025 03:30;64,7048
19.01.2025 03:45;56,8632
19.01.2025 04:00;64,4148
19.01.2025 04:15;55,4248
19.01.2025 04:30;56,2832
19.01.2025 04:45;62,3848
19.01.2025 05:00;56,5848
19.01.2025 05:15;66,4332
19.01.2025 05:30;58,0348
19.01.2025 05:45;61,8048
19.01.2025 06:00;62,9648
19.01.2025 06:15;58,3132
19.01.2025 06:30;67,0248
19.01.2025 06:45;59,4848
19.01.2025 07:00;62,6632
19.01.2025 07:15;62,6748
19.01.2025 07:30;57,7448
19.01.2025 07:45;67,5932
19.01.2025 08:00;56,0048
19.01.2025 08:15;62,0948
19.01.2025 08:30;55,4132
19.01.2025 08:45;54,4852
19.01.2025 09:00;60,5578
19.01.2025 09:15;53,0178
19.01.2025 09:30;62,0252
19.01.2025 09:45;54,0618
19.01.2025 10:00;57,971
19.01.2025 10:15;58,435
19.01.2025 10:30;53,2324
19.01.2025 10:45;59,8966
19.01.2025 11:00;53,4702
19.01.2025 11:15;58,0348
19.01.2025 11:30;56,7994
19.01.2025 11:45;53,36
19.01.2025 12:00;61,8686
19.01.2025 12:15;50,6804
19.01.2025 12:30;59,102
19.01.2025 12:45;55,0188
19.01.2025 13:00;51,2604
19.01.2025 13:15;60,3954
19.01.2025 13:30;52,026
19.01.2025 13:45;56,4978
19.01.2025 14:00;52,4842
19.01.2025 14:15;50,6746
19.01.2025 14:30;58,4988
19.01.2025 14:45;52,8496
19.01.2025 15:00;57,6404
19.01.2025 15:15;53,94
19.01.2025 15:30;50,9994
19.01.2025 15:45;59,2702
19.01.2025 16:00;51,6316
19.01.2025 16:15;60,5462
19.01.2025 16:30;52,2522
19.01.2025 16:45;53,6268
19.01.2025 17:00;62,6632
19.01.2025 17:15;54,2532
19.01.2025 17:30;62,3848
19.01.2025 17:45;55,7032
19.01.2025 18:00;58,0348
19.01.2025 18:15;63,8232
19.01.2025 18:30;58,3248
19.01.2025 18:45;65,2848
19.01.2025 19:00;56,8632
19.01.2025 19:15;60,6448
19.01.2025 19:30;62,6632
19.01.2025 19:45;56,0048
19.01.2025 20:00;64,7048
19.01.2025 20:15;57,4432
19.01.2025 20:30;76,8848
19.01.2025 20:45;75,7132
19.01.2025 21:00;72,8248
19.01.2025 21:15;79,4948
19.01.2025 21:30;68,7532
19.01.2025 21:45;73,9848
19.01.2025 22:00;69,0432
19.01.2025 22:15;68,1848
19.01.2025 22:30;73,08
19.01.2025 22:45;64,96
19.01.2025 23:00;73,95
19.01.2025 23:15;65,54
19.01.2025 23:30;68,44
19.01.2025 23:45;69,6
20.01.2025 00:00;64,67
20.01.2025 00:15;74,53
20.01.2025 00:30;64,67
20.01.2025 00:45;71,63
20.01.2025 01:00;67,57
20.01.2025 01:15;64,38
20.01.2025 01:30;73,37
20.01.2025 01:45;65,54
20.01.2025 02:00;73,95
20.01.2025 02:15;66,99
20.01.2025 02:30;67,57
20.01.2025 02:45;73,9848
20.01.2025 03:00;64,4032
20.01.2025 03:15;73,9848
20.01.2025 03:30;66,1548
20.01.2025 03:45;70,2032
20.01.2025 04:00;70,2148
20.01.2025 04:15;68,1732
20.01.2025 04:30;75,4348
20.01.2025 04:45;69,9248
20.01.2025 05:00;77,4532
20.01.2025 05:15;86,4548
20.01.2025 05:30;96,3148
20.01.2025 05:45;134,2932
20.01.2025 06:00;128,5048
20.01.2025 06:15;165,6132
20.01.2025 06:30;211,1548
20.01.2025 06:45;235,2132
20.01.2025 07:00;210,8532
20.01.2025 07:15;200,6916
20.01.2025 07:30;196,0632
20.01.2025 07:45;210,8474
20.01.2025 08:00;215,5106
20.01.2025 08:15;212,0016
20.01.2025 08:30;220,9916
20.01.2025 08:45;192,5948
20.01.2025 09:00;227,099
20.01.2025 09:15;246,3318
20.01.2025 09:30;248,9882
20.01.2025 09:45;229,3668
20.01.2025 10:00;234,7318
20.01.2025 10:15;227,7254
20.01.2025 10:30;239,5342
20.01.2025 10:45;206,4742
20.01.2025 11:00;200,5698
20.01.2025 11:15;191,4174
20.01.2025 11:30;208,249
20.01.2025 11:45;196,0806
20.01.2025 12:00;173,9478
20.01.2025 12:15;141,8448
20.01.2025 12:30;176,8304
20.01.2025 12:45;178,5646
20.01.2025 13:00;181,6908
20.01.2025 13:15;175,7284
20.01.2025 13:30;214,513
20.01.2025 13:45;195,663
20.01.2025 14:00;185,5246
20.01.2025 14:15;147,8362
20.01.2025 14:30;98,4782
20.01.2025 14:45;114,6776
20.01.2025 15:00;99,1626
20.01.2025 15:15;111,7776
20.01.2025 15:30;107,1086
20.01.2025 15:45;103,3212
20.01.2025 16:00;86,507
20.01.2025 16:15;72,21
20.01.2025 16:30;77,6446
20.01.2025 16:45;77,4822
20.01.2025 17:00;73,6832
20.01.2025 17:15;87,0348
20.01.2025 17:30;70,4932
20.01.2025 17:45;68,1848
20.01.2025 18:00;59,1832
20.01.2025 18:15;58,9048
20.01.2025 18:30;67,0132
20.01.2025 18:45;57,7448
20.01.2025 19:00;62,6632
20.01.2025 19:15;68,4748
20.01.2025 19:30;75,7132
20.01.2025 19:45;58,0348
20.01.2025 20:00;59,1832
20.01.2025 20:15;70,5048
20.01.2025 20:30;58,0348
20.01.2025 20:45;64,4032
20.01.2025 21:00;63,5448
20.01.2025 21:15;58,6032
20.01.2025 21:30;66,7348
20.01.2025 21:45;59,4848
20.01.2025 22:00;59,479
20.01.2025 22:15;66,1548
20.01.2025 22:30;58,58
20.01.2025 22:45;58,29
20.01.2025 23:00;61,19
20.01.2025 23:15;55,1
20.01.2025 23:30;53,65
20.01.2025 23:45;61,19
21.01.2025 00:00;52,78
21.01.2025 00:15;54,81
21.01.2025 00:30;59,45
21.01.2025 00:45;52,78
21.01.2025 01:00;57,71
21.01.2025 01:15;57,71
21.01.2025 01:30;52,78
21.01.2025 01:45;57,71
21.01.2025 02:00;54,52
21.01.2025 02:15;51,62
21.01.2025 02:30;60,03
21.01.2025 02:45;54,8448
21.01.2025 03:00;52,2232
21.01.2025 03:15;61,5148
21.01.2025 03:30;52,2348
21.01.2025 03:45;55,9932
21.01.2025 04:00;60,3548
21.01.2025 04:15;54,2532
21.01.2025 04:30;52,5248
21.01.2025 04:45;61,5206
21.01.2025 05:00;58,0232
21.01.2025 05:15;71,0848
21.01.2025 05:30;90,2132
21.01.2025 05:45;108,4948
21.01.2025 06:00;117,1948
21.01.2025 06:15;151,4032
21.01.2025 06:30;180,1248
21.01.2025 06:45;189,9732
21.01.2025 07:00;173,1706
21.01.2025 07:15;145,0232
21.01.2025 07:30;184,1732
21.01.2025 07:45;193,1806
21.01.2025 08:00;196,649
21.01.2025 08:15;202,1648
21.01.2025 08:30;205,3432
21.01.2025 08:45;169,6848
21.01.2025 09:00;192,183
21.01.2025 09:15;213,7126
21.01.2025 09:30;214,223
21.01.2025 09:45;204,247
21.01.2025 10:00;192,1366
21.01.2025 10:15;171,2044
21.01.2025 10:30;184,2254
21.01.2025 10:45;168,2
21.01.2025 11:00;166,8312
21.01.2025 11:15;168,2
21.01.2025 11:30;159,2854
21.01.2025 11:45;169,4412
21.01.2025 12:00;153,7696
21.01.2025 12:15;135,0646
21.01.2025 12:30;154,7034
21.01.2025 12:45;184,3936
21.01.2025 13:00;171,3204
21.01.2025 13:15;160,1612
21.01.2025 13:30;161,3676
21.01.2025 13:45;178,089
21.01.2025 14:00;159,181
21.01.2025 14:15;147,1866
21.01.2025 14:30;100,0094
21.01.2025 14:45;118,7202
21.01.2025 15:00;103,7794
21.01.2025 15:15;103,1472
21.01.2025 15:30;99,1046
21.01.2025 15:45;107,7988
21.01.2025 16:00;92,6898
21.01.2025 16:15;102,3642
21.01.2025 16:30;89,7724
21.01.2025 16:45;99,7716
21.01.2025 17:00;90,7932
21.01.2025 17:15;75,4348
21.01.2025 17:30;55,7032
21.01.2025 17:45;58,9048
21.01.2025 18:00;62,3732
21.01.2025 18:15;56,0048
21.01.2025 18:30;63,2432
21.01.2025 18:45;68,1848
21.01.2025 19:00;78,0332
21.01.2025 19:15;68,4748
21.01.2025 19:30;56,2948
21.01.2025 19:45;55,4132
21.01.2025 20:00;63,5448
21.01.2025 20:15;56,0048
21.01.2025 20:30;57,4432
21.01.2025 20:45;62,6748
21.01.2025 21:00;56,8632
21.01.2025 21:15;62,9648
21.01.2025 21:30;59,1948
21.01.2025 21:45;55,4132
21.01.2025 22:00;62,6748
21.01.2025 22:15;56,2832
21.01.2025 22:30;55,68
21.01.2025 22:45;64,67
21.01.2025 23:00;51,33
21.01.2025 23:15;56,26
21.01.2025 23:30;64,96
21.01.2025 23:45;55,97
22.01.2025 00:00;57,71
22.01.2025 00:15;65,54
22.01.2025 00:30;56,84
22.01.2025 00:45;60,61
22.01.2025 01:00;61,77
22.01.2025 01:15;55,97
22.01.2025 01:30;62,93
22.01.2025 01:45;58,29
22.01.2025 02:00;55,97
22.01.2025 02:15;64,09
22.01.2025 02:30;57,42
22.01.2025 02:45;57,7332
22.01.2025 03:00;64,4148
22.01.2025 03:15;57,1648
22.01.2025 03:30;57,1532
22.01.2025 03:45;64,4148
22.01.2025 04:00;56,5848
22.01.2025 04:15;60,0532
22.01.2025 04:30;60,9348
22.01.2025 04:45;56,5848
22.01.2025 05:00;64,6932
22.01.2025 05:15;63,5448
22.01.2025 05:30;87,3248
22.01.2025 05:45;122,6932
22.01.2025 06:00;115,4548
22.01.2025 06:15;147,929
22.01.2025 06:30;169,3716
22.01.2025 06:45;174,6148
22.01.2025 07:00;157,4932
22.01.2025 07:15;145,8932
22.01.2025 07:30;180,9832
22.01.2025 07:45;198,36
22.01.2025 08:00;198,099
22.01.2025 08:15;195,199
22.01.2025 08:30;182,4216
22.01.2025 08:45;151,873
22.01.2025 09:00;171,9816
22.01.2025 09:15;169,418
22.01.2025 09:30;174,8468
22.01.2025 09:45;173,1764
22.01.2025 10:00;162,951
22.01.2025 10:15;171,651
22.01.2025 10:30;162,6668
22.01.2025 10:45;169,1454
22.01.2025 11:00;176,3664
22.01.2025 11:15;168,9946
22.01.2025 11:30;166,402
22.01.2025 11:45;172,4456
22.01.2025 12:00;173,3794
22.01.2025 12:15;146,624
22.01.2025 12:30;172,5268
22.01.2025 12:45;175,8792
22.01.2025 13:00;191,3884
22.01.2025 13:15;168,1362
22.01.2025 13:30;174,5626
22.01.2025 13:45;177,3176
22.01.2025 14:00;155,6604
22.01.2025 14:15;143,5906
22.01.2025 14:30;104,342
22.01.2025 14:45;119,045
22.01.2025 15:00;110,6118
22.01.2025 15:15;109,7186
22.01.2025 15:30;103,0776
22.01.2025 15:45;107,1318
22.01.2025 16:00;98,9654
22.01.2025 16:15;100,7054
22.01.2025 16:30;95,0794
22.01.2025 16:45;102,0568
22.01.2025 17:00;101,8132
22.01.2025 17:15;102,4048
22.01.2025 17:30;73,1032
22.01.2025 17:45;71,0848
22.01.2025 18:00;62,9532
22.01.2025 18:15;68,4632
22.01.2025 18:30;62,3848
22.01.2025 18:45;69,6232
22.01.2025 19:00;66,7348
22.01.2025 19:15;68,7532
22.01.2025 19:30;77,4648
22.01.2025 19:45;70,2148
22.01.2025 20:00;63,8232
22.01.2025 20:15;68,4748
22.01.2025 20:30;66,1432
22.01.2025 20:45;82,3948
22.01.2025 21:00;71,3632
22.01.2025 21:15;72,8248
22.01.2025 21:30;68,7532
22.01.2025 21:45;70,5048
22.01.2025 22:00;66,7348
22.01.2025 22:15;70,2032
22.01.2025 22:30;64,38
22.01.2025 22:45;70,76
22.01.2025 23:00;56,55
22.01.2025 23:15;69,02
22.01.2025 23:30;56,55
22.01.2025 23:45;67,28
23.01.2025 00:00;58
23.01.2025 00:15;67,57
23.01.2025 00:30;63,22
23.01.2025 00:45;65,54
23.01.2025 01:00;62,64
23.01.2025 01:15;66,41
23.01.2025 01:30;63,8
23.01.2025 01:45;65,83
23.01.2025 02:00;62,35
23.01.2025 02:15;70,18
23.01.2025 02:30;60,61
23.01.2025 02:45;72,2448
23.01.2025 03:00;61,2132
23.01.2025 03:15;68,4748
23.01.2025 03:30;64,1248
23.01.2025 03:45;67,3032
23.01.2025 04:00;70,5048
23.01.2025 04:15;60,0648
23.01.2025 04:30;69,9132
23.01.2025 04:45;68,4748
23.01.2025 05:00;63,2432
23.01.2025 05:15;75,1448
23.01.2025 05:30;101,2448
23.01.2025 05:45;125,5932
23.01.2025 06:00;129,3748
23.01.2025 06:15;155,15
23.01.2025 06:30;197,5132
23.01.2025 06:45;188,5348
23.01.2025 07:00;174,5916
23.01.2025 07:15;165,3232
23.01.2025 07:30;187,6532
23.01.2025 07:45;203,3016
23.01.2025 08:00;199,8332
23.01.2025 08:15;201,2832
23.01.2025 08:30;190,8432
23.01.2025 08:45;168,5538
23.01.2025 09:00;186,7078
23.01.2025 09:15;192,9196
23.01.2025 09:30;191,1506
23.01.2025 09:45;194,01
23.01.2025 10:00;194,6886
23.01.2025 10:15;199,1256
23.01.2025 10:30;183,5178
23.01.2025 10:45;187,688
23.01.2025 11:00;206,1726
23.01.2025 11:15;202,9362
23.01.2025 11:30;177,538
23.01.2025 11:45;183,9238
23.01.2025 12:00;168,3276
23.01.2025 12:15;150,5796
23.01.2025 12:30;165,503
23.01.2025 12:45;182,9494
23.01.2025 13:00;176,6332
23.01.2025 13:15;179,7478
23.01.2025 13:30;183,2162
23.01.2025 13:45;169,2498
23.01.2025 14:00;173,2518
23.01.2025 14:15;148,0856
23.01.2025 14:30;119,886
23.01.2025 14:45;119,5844
23.01.2025 15:00;118,7028
23.01.2025 15:15;117,8212
23.01.2025 15:30;123,5864
23.01.2025 15:45;124,1316
23.01.2025 16:00;125,7556
23.01.2025 16:15;124,8682
23.01.2025 16:30;119,1958
23.01.2025 16:45;120,7154
23.01.2025 17:00;107,9902
23.01.2025 17:15;103,8548
23.01.2025 17:30;101,2332
23.01.2025 17:45;84,1348
23.01.2025 18:00;69,3332
23.01.2025 18:15;61,7932
23.01.2025 18:30;66,1548
23.01.2025 18:45;67,0132
23.01.2025 19:00;62,6748
23.01.2025 19:15;63,8232
23.01.2025 19:30;67,3148
23.01.2025 19:45;78,3232
23.01.2025 20:00;84,4248
23.01.2025 20:15;76,8732
23.01.2025 20:30;62,0948
23.01.2025 20:45;66,4332
23.01.2025 21:00;70,2148
23.01.2025 21:15;63,2432
23.01.2025 21:30;62,6748
23.01.2025 21:45;70,7832
23.01.2025 22:00;61,8048
23.01.2025 22:15;61,2132
23.01.2025 22:30;69,6
23.01.2025 22:45;63,8
23.01.2025 23:00;57,71
23.01.2025 23:15;61,77
23.01.2025 23:30;58,87
23.01.2025 23:45;55,68
24.01.2025 00:00;60,61
24.01.2025 00:15;60,32
24.01.2025 00:30;55,97
24.01.2025 00:45;58,87
24.01.2025 01:00;61,48
24.01.2025 01:15;56,55
24.01.2025 01:30;56,84
24.01.2025 01:45;63,51
24.01.2025 02:00;57,71
24.01.2025 02:15;56,84
24.01.2025 02:30;64,38
24.01.2025 02:45;56,8748
24.01.2025 03:00;55,9932
24.01.2025 03:15;63,5448
24.01.2025 03:30;55,9932
24.01.2025 03:45;57,4548
24.01.2025 04:00;63,8232
24.01.2025 04:15;56,5848
24.01.2025 04:30;57,7448
24.01.2025 04:45;64,9832
24.01.2025 05:00;56,0106
24.01.2025 05:15;61,7932
24.01.2025 05:30;86,7448
24.01.2025 05:45;115,7332
24.01.2025 06:00;117,4732
24.01.2025 06:15;145,9048
24.01.2025 06:30;152,8416
24.01.2025 06:45;165,329
24.01.2025 07:00;143,5906
24.01.2025 07:15;156,9016
24.01.2025 07:30;165,0216
24.01.2025 07:45;192,2932
24.01.2025 08:00;176,6332
24.01.2025 08:15;206,5032
24.01.2025 08:30;179,2432
24.01.2025 08:45;169,8008
24.01.2025 09:00;182,8682
24.01.2025 09:15;199,4968
24.01.2025 09:30;196,7592
24.01.2025 09:45;204,2238
24.01.2025 10:00;187,5256
24.01.2025 10:15;187,2414
24.01.2025 10:30;173,0082
24.01.2025 10:45;183,889
24.01.2025 11:00;169,8008
24.01.2025 11:15;178,3442
24.01.2025 11:30;177,4974
24.01.2025 11:45;169,8066
24.01.2025 12:00;154,4018
24.01.2025 12:15;132,0892
24.01.2025 12:30;127,223
24.01.2025 12:45;117,5486
24.01.2025 13:00;115,8144
24.01.2025 13:15;104,5334
24.01.2025 13:30;103,211
24.01.2025 13:45;101,4884
24.01.2025 14:00;107,7234
24.01.2025 14:15;94,4414
24.01.2025 14:30;79,2338
24.01.2025 14:45;92,6028
24.01.2025 15:00;82,447
24.01.2025 15:15;95,903
24.01.2025 15:30;83,7404
24.01.2025 15:45;84,9062
24.01.2025 16:00;80,8694
24.01.2025 16:15;69,0954
24.01.2025 16:30;75,5334
24.01.2025 16:45;67,5352
24.01.2025 17:00;71,3632
24.01.2025 17:15;72,8132
24.01.2025 17:30;68,7648
24.01.2025 17:45;75,1332
24.01.2025 18:00;67,8832
24.01.2025 18:15;61,5148
24.01.2025 18:30;69,9132
24.01.2025 18:45;57,1532
24.01.2025 19:00;60,0648
24.01.2025 19:15;65,5632
24.01.2025 19:30;57,7448
24.01.2025 19:45;61,7932
24.01.2025 20:00;58,0348
24.01.2025 20:15;57,1532
24.01.2025 20:30;68,7532
24.01.2025 20:45;59,2006
24.01.2025 21:00;60,0532
24.01.2025 21:15;66,4448
24.01.2025 21:30;58,3132
24.01.2025 21:45;63,5332
24.01.2025 22:00;60,9348
24.01.2025 22:15;59,4732
24.01.2025 22:30;67,86
24.01.2025 22:45;58
24.01.2025 23:00;56,26
24.01.2025 23:15;64,38
24.01.2025 23:30;55,97
24.01.2025 23:45;59,16
25.01.2025 00:00;58,29
25.01.2025 00:15;55,68
25.01.2025 00:30;63,8
25.01.2025 00:45;54,23
25.01.2025 01:00;55,68
25.01.2025 01:15;64,09
25.01.2025 01:30;56,55
25.01.2025 01:45;59,45
25.01.2025 02:00;60,03
25.01.2025 02:15;55,68
25.01.2025 02:30;62,35
25.01.2025 02:45;54,5548
25.01.2025 03:00;55,9932
25.01.2025 03:15;63,2548
25.01.2025 03:30;55,1232
25.01.2025 03:45;60,9232
25.01.2025 04:00;58,6148
25.01.2025 04:15;55,1232
25.01.2025 04:30;62,3848
25.01.2025 04:45;54,5432
25.01.2025 05:00;58,6148
25.01.2025 05:15;64,9832
25.01.2025 05:30;60,6448
25.01.2025 05:45;67,3032
25.01.2025 06:00;66,7348
25.01.2025 06:15;68,4632
25.01.2025 06:30;76,3048
25.01.2025 06:45;66,1432
25.01.2025 07:00;66,4448
25.01.2025 07:15;74,2632
25.01.2025 07:30;74,8548
25.01.2025 07:45;76,0032
25.01.2025 08:00;72,5406
25.01.2025 08:15;68,4632
25.01.2025 08:30;76,5948
25.01.2025 08:45;69,049
25.01.2025 09:00;67,1814
25.01.2025 09:15;77,2444
25.01.2025 09:30;68,933
25.01.2025 09:45;72,5812
25.01.2025 10:00;72,0708
25.01.2025 10:15;68,875
25.01.2025 10:30;76,125
25.01.2025 10:45;68,092
25.01.2025 11:00;70,0756
25.01.2025 11:15;76,4498
25.01.2025 11:30;67,8774
25.01.2025 11:45;72,2158
25.01.2025 12:00;71,6706
25.01.2025 12:15;61,7236
25.01.2025 12:30;63,6492
25.01.2025 12:45;53,6906
25.01.2025 13:00;53,8588
25.01.2025 13:15;58,9396
25.01.2025 13:30;51,1386
25.01.2025 13:45;56,7414
25.01.2025 14:00;54,4678
25.01.2025 14:15;53,2556
25.01.2025 14:30;59,1774
25.01.2025 14:45;51,272
25.01.2025 15:00;53,1918
25.01.2025 15:15;58,3712
25.01.2025 15:30;52,316
25.01.2025 15:45;58,4118
25.01.2025 16:00;52,5828
25.01.2025 16:15;52,2464
25.01.2025 16:30;60,6448
25.01.2025 16:45;51,939
25.01.2025 17:00;54,2532
25.01.2025 17:15;56,8748
25.01.2025 17:30;54,8332
25.01.2025 17:45;62,6748
25.01.2025 18:00;55,4132
25.01.2025 18:15;58,0348
25.01.2025 18:30;65,8532
25.01.2025 18:45;58,0348
25.01.2025 19:00;61,2132
25.01.2025 19:15;62,0948
25.01.2025 19:30;57,7332
25.01.2025 19:45;64,6932
25.01.2025 20:00;55,1348
25.01.2025 20:15;57,4432
25.01.2025 20:30;63,8348
25.01.2025 20:45;58,3132
25.01.2025 21:00;62,9648
25.01.2025 21:15;55,1232
25.01.2025 21:30;56,8748
25.01.2025 21:45;64,1132
25.01.2025 22:00;55,7148
25.01.2025 22:15;62,3732
25.01.2025 22:30;59,16
25.01.2025 22:45;55,1
25.01.2025 23:00;62,64
25.01.2025 23:15;55,39
25.01.2025 23:30;58,29
25.01.2025 23:45;58,87
26.01.2025 00:00;57,13
26.01.2025 00:15;63,8
26.01.2025 00:30;54,23
26.01.2025 00:45;58,29
26.01.2025 01:00;61,19
26.01.2025 01:15;55,68
26.01.2025 01:30;61,77
26.01.2025 01:45;56,26
26.01.2025 02:00;56,55
26.01.2025 02:15;63,8
26.01.2025 02:30;54,81
26.01.2025 02:45;59,7632
26.01.2025 03:00;59,7748
26.01.2025 03:15;54,2532
26.01.2025 03:30;62,6748
26.01.2025 03:45;57,4432
26.01.2025 04:00;60,0648
26.01.2025 04:15;59,1832
26.01.2025 04:30;55,1348
26.01.2025 04:45;63,8232
26.01.2025 05:00;56,0048
26.01.2025 05:15;57,1648
26.01.2025 05:30;64,699
26.01.2025 05:45;58,0348
26.01.2025 06:00;65,5632
26.01.2025 06:15;57,4548
26.01.2025 06:30;59,1832
26.01.2025 06:45;67,3148
26.01.2025 07:00;57,7332
26.01.2025 07:15;62,3848
26.01.2025 07:30;60,0532
26.01.2025 07:45;57,7448
26.01.2025 08:00;64,1132
26.01.2025 08:15;56,0048
26.01.2025 08:30;58,8932
26.01.2025 08:45;56,0512
26.01.2025 09:00;54,2242
26.01.2025 09:15;60,842
26.01.2025 09:30;51,2778
26.01.2025 09:45;55,9642
26.01.2025 10:00;58,6554
26.01.2025 10:15;50,7616
26.01.2025 10:30;59,6646
26.01.2025 10:45;52,9598
26.01.2025 11:00;54,3576
26.01.2025 11:15;58,3538
26.01.2025 11:30;51,7824
26.01.2025 11:45;60,494
26.01.2025 12:00;52,3334
26.01.2025 12:15;50,8138
26.01.2025 12:30;59,7168
26.01.2025 12:45;51,2314
26.01.2025 13:00;56,1092
26.01.2025 13:15;50,7732
26.01.2025 13:30;51,185
26.01.2025 13:45;58,812
26.01.2025 14:00;50,576
26.01.2025 14:15;53,6094
26.01.2025 14:30;55,5118
26.01.2025 14:45;52,0608
26.01.2025 15:00;59,6182
26.01.2025 15:15;50,0714
26.01.2025 15:30;52,7046
26.01.2025 15:45;55,9468
26.01.2025 16:00;52,3856
26.01.2025 16:15;59,7864
26.01.2025 16:30;56,405
26.01.2025 16:45;57,0894
26.01.2025 17:00;64,9948
26.01.2025 17:15;58,6148
26.01.2025 17:30;59,7632
26.01.2025 17:45;55,7148
26.01.2025 18:00;57,4432
26.01.2025 18:15;66,4448
26.01.2025 18:30;56,5848
26.01.2025 18:45;62,6632
26.01.2025 19:00;62,0948
26.01.2025 19:15;57,4548
26.01.2025 19:30;65,5632
26.01.2025 19:45;56,2948
26.01.2025 20:00;60,9348
26.01.2025 20:15;62,0832
26.01.2025 20:30;57,4548
26.01.2025 20:45;64,4148
26.01.2025 21:00;57,7332
26.01.2025 21:15;58,3248
26.01.2025 21:30;61,5148
26.01.2025 21:45;56,8632
26.01.2025 22:00;64,7048
26.01.2025 22:15;55,4248
26.01.2025 22:30;56,26
26.01.2025 22:45;63,22
26.01.2025 23:00;57,13
26.01.2025 23:15;62,06
26.01.2025 23:30;56,84
26.01.2025 23:45;55,97
27.01.2025 00:00;64,96
27.01.2025 00:15;55,68
27.01.2025 00:30;62,64
27.01.2025 00:45;59,74
27.01.2025 01:00;55,68
27.01.2025 01:15;63,8
27.01.2025 01:30;54,81
27.01.2025 01:45;58
27.01.2025 02:00;61,48
27.01.2025 02:15;55,68
27.01.2025 02:30;63,22
27.01.2025 02:45;54,5432
27.01.2025 03:00;56,2948
27.01.2025 03:15;63,2548
27.01.2025 03:30;53,6732
27.01.2025 03:45;60,6448
27.01.2025 04:00;58,9048
27.01.2025 04:15;56,8632
27.01.2025 04:30;63,2548
27.01.2025 04:45;55,7148
27.01.2025 05:00;58,8932
27.01.2025 05:15;65,2848
27.01.2025 05:30;79,4948
27.01.2025 05:45;124,7348
27.01.2025 06:00;132,5532
27.01.2025 06:15;150,8348
27.01.2025 06:30;193,1516
27.01.2025 06:45;190,5648
27.01.2025 07:00;193,1632
27.01.2025 07:15;163,009
27.01.2025 07:30;173,4548
27.01.2025 07:45;194,6132
27.01.2025 08:00;194,3348
27.01.2025 08:15;229,999
27.01.2025 08:30;207,6864
27.01.2025 08:45;188,9234
27.01.2025 09:00;215,6962
27.01.2025 09:15;243,5188
27.01.2025 09:30;226,7974
27.01.2025 09:45;240,613
27.01.2025 10:00;220,5682
27.01.2025 10:15;206,9324
27.01.2025 10:30;210,8532
27.01.2025 10:45;204,4732
27.01.2025 11:00;210,8068
27.01.2025 11:15;197,0028
27.01.2025 11:30;206,7584
27.01.2025 11:45;195,7094
27.01.2025 12:00;194,4044
27.01.2025 12:15;161,965
27.01.2025 12:30;172,3586
27.01.2025 12:45;191,9568
27.01.2025 13:00;196,3938
27.01.2025 13:15;184,875
27.01.2025 13:30;184,759
27.01.2025 13:45;189,1322
27.01.2025 14:00;174,348
27.01.2025 14:15;140,3426
27.01.2025 14:30;120,582
27.01.2025 14:45;123,5632
27.01.2025 15:00;107,5262
27.01.2025 15:15;115,8028
27.01.2025 15:30;119,8686
27.01.2025 15:45;108,8776
27.01.2025 16:00;116,029
27.01.2025 16:15;107,2884
27.01.2025 16:30;107,155
27.01.2025 16:45;82,1976
27.01.2025 17:00;73,631
27.01.2025 17:15;72,587
27.01.2025 17:30;75,7248
27.01.2025 17:45;76,5832
27.01.2025 18:00;73,9848
27.01.2025 18:15;79,1932
27.01.2025 18:30;65,2848
27.01.2025 18:45;60,9232
27.01.2025 19:00;69,6348
27.01.2025 19:15;63,8348
27.01.2025 19:30;60,6332
27.01.2025 19:45;66,4448
27.01.2025 20:00;60,3548
27.01.2025 20:15;61,7932
27.01.2025 20:30;71,3748
27.01.2025 20:45;69,9132
27.01.2025 21:00;65,5748
27.01.2025 21:15;72,2448
27.01.2025 21:30;63,8232
27.01.2025 21:45;71,6648
27.01.2025 22:00;67,0248
27.01.2025 22:15;60,9232
27.01.2025 22:30;64,09
27.01.2025 22:45;61,77
27.01.2025 23:00;57,42
27.01.2025 23:15;62,64
27.01.2025 23:30;58,58
27.01.2025 23:45;58,58
28.01.2025 00:00;63,8
28.01.2025 00:15;57,13
28.01.2025 00:30;56,55
28.01.2025 00:45;64,38
28.01.2025 01:00;55,39
28.01.2025 01:15;56,26
28.01.2025 01:30;64,09
28.01.2025 01:45;56,84
28.01.2025 02:00;56,55
28.01.2025 02:15;64,38
28.01.2025 02:30;55,1
28.01.2025 02:45;56,2948
28.01.2025 03:00;63,2548
28.01.2025 03:15;55,9932
28.01.2025 03:30;60,9348
28.01.2025 03:45;61,2248
28.01.2025 04:00;55,9932
28.01.2025 04:15;61,2248
28.01.2025 04:30;57,4548
28.01.2025 04:45;56,2832
28.01.2025 05:00;63,2548
28.01.2025 05:15;61,2248
28.01.2025 05:30;85,8632
28.01.2025 05:45;124,1548
28.01.2025 06:00;118,0532
28.01.2025 06:15;154,0248
28.01.2025 06:30;169,0932
28.01.2025 06:45;179,829
28.01.2025 07:00;178,9532
28.01.2025 07:15;154,0132
28.01.2025 07:30;176,6332
28.01.2025 07:45;198,099
28.01.2025 08:00;207,3848
28.01.2025 08:15;200,1232
28.01.2025 08:30;192,3396
28.01.2025 08:45;158,7808
28.01.2025 09:00;188,0708
28.01.2025 09:15;210,656
28.01.2025 09:30;215,9398
28.01.2025 09:45;203,3016
28.01.2025 10:00;187,1892
28.01.2025 10:15;184,991
28.01.2025 10:30;186,0118
28.01.2025 10:45;160,2366
28.01.2025 11:00;170,7578
28.01.2025 11:15;170,636
28.01.2025 11:30;183,9006
28.01.2025 11:45;195,2918
28.01.2025 12:00;171,2218
28.01.2025 12:15;144,1068
28.01.2025 12:30;178,002
28.01.2025 12:45;204,305
28.01.2025 13:00;204,044
28.01.2025 13:15;197,0898
28.01.2025 13:30;171,9294
28.01.2025 13:45;189,66
28.01.2025 14:00;177,0624
28.01.2025 14:15;150,22
28.01.2025 14:30;118,059
28.01.2025 14:45;118,5984
28.01.2025 15:00;103,1704
28.01.2025 15:15;114,1382
28.01.2025 15:30;101,7088
28.01.2025 15:45;101,3028
28.01.2025 16:00;93,4264
28.01.2025 16:15;90,4684
28.01.2025 16:30;92,6666
28.01.2025 16:45;94,3892
28.01.2025 17:00;92,6492
28.01.2025 17:15;87,4698
28.01.2025 17:30;87,9048
28.01.2025 17:45;88,1832
28.01.2025 18:00;91,6748
28.01.2025 18:15;87,8932
28.01.2025 18:30;80,9448
28.01.2025 18:45;75,4232
28.01.2025 19:00;73,1148
28.01.2025 19:15;64,4032
28.01.2025 19:30;82,9748
28.01.2025 19:45;70,2032
28.01.2025 20:00;58,6148
28.01.2025 20:15;69,6232
28.01.2025 20:30;68,4748
28.01.2025 20:45;70,7832
28.01.2025 21:00;68,4748
28.01.2025 21:15;71,0732
28.01.2025 21:30;66,4448
28.01.2025 21:45;71,9548
28.01.2025 22:00;66,7232
28.01.2025 22:15;69,3448
28.01.2025 22:30;62,06
28.01.2025 22:45;67,86
28.01.2025 23:00;59,45
28.01.2025 23:15;67,86
28.01.2025 23:30;57,71
28.01.2025 23:45;68,44
29.01.2025 00:00;56,26
29.01.2025 00:15;69,31
29.01.2025 00:30;56,84
29.01.2025 00:45;68,44
29.01.2025 01:00;58,29
29.01.2025 01:15;67,86
29.01.2025 01:30;57,13
29.01.2025 01:45;68,15
29.01.2025 02:00;59,16
29.01.2025 02:15;65,54
29.01.2025 02:30;58,58
29.01.2025 02:45;68,1732
29.01.2025 03:00;59,4848
29.01.2025 03:15;65,2848
29.01.2025 03:30;61,2132
29.01.2025 03:45;63,8348
29.01.2025 04:00;62,3848
29.01.2025 04:15;64,4032
29.01.2025 04:30;61,8048
29.01.2025 04:45;61,7932
29.01.2025 05:00;63,8348
29.01.2025 05:15;66,1548
29.01.2025 05:30;96,5932
29.01.2025 05:45;116,6148
29.01.2025 06:00;123,2732
29.01.2025 06:15;136,6248
29.01.2025 06:30;156,3332
29.01.2025 06:45;171,1232
29.01.2025 07:00;166,199
29.01.2025 07:15;160,0916
29.01.2025 07:30;170,549
29.01.2025 07:45;186,2032
29.01.2025 08:00;191,11
29.01.2025 08:15;182,1316
29.01.2025 08:30;172,8632
29.01.2025 08:45;155,7996
29.01.2025 09:00;169,1454
29.01.2025 09:15;184,4806
29.01.2025 09:30;177,799
29.01.2025 09:45;169,6384
29.01.2025 10:00;168,7394
29.01.2025 10:15;164,2966
29.01.2025 10:30;161,1182
29.01.2025 10:45;156,194
29.01.2025 11:00;162,7886
29.01.2025 11:15;171,1638
29.01.2025 11:30;168,4088
29.01.2025 11:45;172,1788
29.01.2025 12:00;166,6456
29.01.2025 12:15;147,8304
29.01.2025 12:30;156,3506
29.01.2025 12:45;175,2122
29.01.2025 13:00;186,528
29.01.2025 13:15;178,9648
29.01.2025 13:30;177,1088
29.01.2025 13:45;170,0676
29.01.2025 14:00;163,2062
29.01.2025 14:15;143,289
29.01.2025 14:30;118,0532
29.01.2025 14:45;116,1508
29.01.2025 15:00;114,0106
29.01.2025 15:15;115,7854
29.01.2025 15:30;112,2474
29.01.2025 15:45;107,735
29.01.2025 16:00;111,9516
29.01.2025 16:15;109,7476
29.01.2025 16:30;114,0686
29.01.2025 16:45;106,8302
29.01.2025 17:00;98,3796
29.01.2025 17:15;94,8532
29.01.2025 17:30;83,5432
29.01.2025 17:45;73,9848
29.01.2025 18:00;73,9732
29.01.2025 18:15;74,8432
29.01.2025 18:30;73,9848
29.01.2025 18:45;74,5532
29.01.2025 19:00;73,9732
29.01.2025 19:15;80,0748
29.01.2025 19:30;76,8732
29.01.2025 19:45;72,2332
29.01.2025 20:00;72,8248
29.01.2025 20:15;72,2332
29.01.2025 20:30;73,1032
29.01.2025 20:45;77,7548
29.01.2025 21:00;76,0032
29.01.2025 21:15;73,6948
29.01.2025 21:30;75,7132
29.01.2025 21:45;74,2632
29.01.2025 22:00;73,6948
29.01.2025 22:15;73,3932
29.01.2025 22:30;71,92
29.01.2025 22:45;69,89
29.01.2025 23:00;68,44
29.01.2025 23:15;69,02
29.01.2025 23:30;68,73
29.01.2025 23:45;69,6
30.01.2025 00:00;67,57
30.01.2025 00:15;68,15
30.01.2025 00:30;68,44
30.01.2025 00:45;69,31
30.01.2025 01:00;69,6
30.01.2025 01:15;69,02
30.01.2025 01:30;69,02
30.01.2025 01:45;69,6
30.01.2025 02:00;71,05
30.01.2025 02:15;70,47
30.01.2025 02:30;71,63
30.01.2025 02:45;71,0848
30.01.2025 03:00;71,9432
30.01.2025 03:15;69,6348
30.01.2025 03:30;71,3632
30.01.2025 03:45;69,0548
30.01.2025 04:00;71,0732
30.01.2025 04:15;71,9548
30.01.2025 04:30;71,0732
30.01.2025 04:45;71,9548
30.01.2025 05:00;77,4532
30.01.2025 05:15;94,5632
30.01.2025 05:30;105,0148
30.01.2025 05:45;130,8132
30.01.2025 06:00;131,1148
30.01.2025 06:15;155,469
30.01.2025 06:30;174,8874
30.01.2025 06:45;169,3774
30.01.2025 07:00;169,389
30.01.2025 07:15;164,7548
30.01.2025 07:30;185,0316
30.01.2025 07:45;188,5116
30.01.2025 08:00;193,1632
30.01.2025 08:15;188,8132
30.01.2025 08:30;179,8348
30.01.2025 08:45;152,917
30.01.2025 09:00;166,5992
30.01.2025 09:15;197,113
30.01.2025 09:30;202,0662
30.01.2025 09:45;199,8274
30.01.2025 10:00;184,6952
30.01.2025 10:15;181,5748
30.01.2025 10:30;174,928
30.01.2025 10:45;199,085
30.01.2025 11:00;198,418
30.01.2025 11:15;178,2572
30.01.2025 11:30;180,641
30.01.2025 11:45;171,5814
30.01.2025 12:00;179,742
30.01.2025 12:15;150,133
30.01.2025 12:30;167,3996
30.01.2025 12:45;175,2528
30.01.2025 13:00;190,153
30.01.2025 13:15;176,5868
30.01.2025 13:30;165,329
30.01.2025 13:45;168,8844
30.01.2025 14:00;166,9182
30.01.2025 14:15;145,7308
30.01.2025 14:30;109,7476
30.01.2025 14:45;120,1528
30.01.2025 15:00;90,6134
30.01.2025 15:15;99,818
30.01.2025 15:30;96,048
30.01.2025 15:45;94,1108
30.01.2025 16:00;96,2104
30.01.2025 16:15;88,9546
30.01.2025 16:30;91,8836
30.01.2025 16:45;82,3484
30.01.2025 17:00;90,4104
30.01.2025 17:15;90,538
30.01.2025 17:30;86,4258
30.01.2025 17:45;88,1948
30.01.2025 18:00;89,6332
30.01.2025 18:15;84,7032
30.01.2025 18:30;69,9132
30.01.2025 18:45;81,2348
30.01.2025 19:00;71,3632
30.01.2025 19:15;76,5948
30.01.2025 19:30;78,6132
30.01.2025 19:45;84,1232
30.01.2025 20:00;79,7848
30.01.2025 20:15;69,3332
30.01.2025 20:30;76,5832
30.01.2025 20:45;73,1148
30.01.2025 21:00;76,8732
30.01.2025 21:15;74,2748
30.01.2025 21:30;75,4232
30.01.2025 21:45;74,2632
30.01.2025 22:00;72,5348
30.01.2025 22:15;75,1332
30.01.2025 22:30;68,73
30.01.2025 22:45;73,66
30.01.2025 23:00;63,8
30.01.2025 23:15;73,37
30.01.2025 23:30;62,64
30.01.2025 23:45;72,79
31.01.2025 00:00;62,93
31.01.2025 00:15;72,5
31.01.2025 00:30;63,8
31.01.2025 00:45;72,5
31.01.2025 01:00;64,09
31.01.2025 01:15;72,21
31.01.2025 01:30;65,83
31.01.2025 01:45;69,6
31.01.2025 02:00;67,57
31.01.2025 02:15;68,44
31.01.2025 02:30;69,02
31.01.2025 02:45;66,7348
31.01.2025 03:00;73,3932
31.01.2025 03:15;64,4148
31.01.2025 03:30;73,1032
31.01.2025 03:45;62,9532
31.01.2025 04:00;72,5348
31.01.2025 04:15;63,2432
31.01.2025 04:30;71,9548
31.01.2025 04:45;64,9832
31.01.2025 05:00;78,9148
31.01.2025 05:15;84,1232
31.01.2025 05:30;107,0448
31.01.2025 05:45;123,8532
31.01.2025 06:00;131,6832
31.01.2025 06:15;147,6332
31.01.2025 06:30;181,8532
31.01.2025 06:45;192,2932
31.01.2025 07:00;175,7632
31.01.2025 07:15;171,4016
31.01.2025 07:30;190,8548
31.01.2025 07:45;234,0532
31.01.2025 08:00;218,9616
31.01.2025 08:15;242,4458
31.01.2025 08:30;190,3792
31.01.2025 08:45;160,1554
31.01.2025 09:00;180,6642
31.01.2025 09:15;206,1378
31.01.2025 09:30;193,8534
31.01.2025 09:45;184,614
31.01.2025 10:00;192,3338
31.01.2025 10:15;191,2492
31.01.2025 10:30;165,4682
31.01.2025 10:45;174,3886
31.01.2025 11:00;181,4704
31.01.2025 11:15;185,7392
31.01.2025 11:30;175,682
31.01.2025 11:45;177,973
31.01.2025 12:00;170,8448
31.01.2025 12:15;152,9982
31.01.2025 12:30;121,9914
31.01.2025 12:45;127,1012
31.01.2025 13:00;102,4512
31.01.2025 13:15;96,1524
31.01.2025 13:30;98,2114
31.01.2025 13:45;87,377
31.01.2025 14:00;97,1732
31.01.2025 14:15;83,4968
31.01.2025 14:30;87,9338
31.01.2025 14:45;87,4002
31.01.2025 15:00;79,7558
31.01.2025 15:15;89,5346
31.01.2025 15:30;82,3368
31.01.2025 15:45;91,3558
31.01.2025 16:00;81,1246
31.01.2025 16:15;82,0352
31.01.2025 16:30;86,942
31.01.2025 16:45;80,2082
31.01.2025 17:00;86,9246
31.01.2025 17:15;80,6896
31.01.2025 17:30;89,1228
31.01.2025 17:45;82,6848
31.01.2025 18:00;81,5248
31.01.2025 18:15;78,0448
31.01.2025 18:30;81,5248
31.01.2025 18:45;76,8848
31.01.2025 19:00;77,1748
31.01.2025 19:15;85,8632
31.01.2025 19:30;76,3048
31.01.2025 19:45;76,8848
31.01.2025 20:00;82,9748
31.01.2025 20:15;76,8848
31.01.2025 20:30;76,8848
31.01.2025 20:45;87,0348
31.01.2025 21:00;79,2048
31.01.2025 21:15;80,3648
31.01.2025 21:30;84,4248
31.01.2025 21:45;77,1748
31.01.2025 22:00;81,8148
31.01.2025 22:15;81,8032
31.01.2025 22:30;79,75
31.01.2025 22:45;80,91
31.01.2025 23:00;75,69
31.01.2025 23:15;73,66
31.01.2025 23:30;80,33
31.01.2025 23:45;75,4
01.02.2025 00:00;73,37
01.02.2025 00:15;82,94
01.02.2025 00:30;73,66
01.02.2025 00:45;74,24
01.02.2025 01:00;81,2
01.02.2025 01:15;73,95
01.02.2025 01:30;74,82
01.02.2025 01:45;80,62
01.02.2025 02:00;73,66
01.02.2025 02:15;78,01
01.02.2025 02:30;80,91
01.02.2025 02:45;74,8548
01.02.2025 03:00;79,4948
01.02.2025 03:15;76,8848
01.02.2025 03:30;73,6948
01.02.2025 03:45;82,3948
01.02.2025 04:00;73,6948
01.02.2025 04:15;74,2748
01.02.2025 04:30;82,1048
01.02.2025 04:45;73,9848
01.02.2025 05:00;77,1748
01.02.2025 05:15;84,1348
01.02.2025 05:30;84,7148
01.02.2025 05:45;94,2848
01.02.2025 06:00;107,9032
01.02.2025 06:15;111,1048
01.02.2025 06:30;116,9048
01.02.2025 06:45;116,3248
01.02.2025 07:00;113,7148
01.02.2025 07:15;120,3848
01.02.2025 07:30;121,8348
01.02.2025 07:45;117,7748
01.02.2025 08:00;106,7606
01.02.2025 08:15;104,7364
01.02.2025 08:30;112,0792
01.02.2025 08:45;102,6136
01.02.2025 09:00;103,8374
01.02.2025 09:15;111,7196
01.02.2025 09:30;101,9756
01.02.2025 09:45;100,166
01.02.2025 10:00;113,564
01.02.2025 10:15;122,2408
01.02.2025 10:30;120,553
01.02.2025 10:45;121,8638
01.02.2025 11:00;104,1042
01.02.2025 11:15;90,6772
01.02.2025 11:30;84,0246
01.02.2025 11:45;77,7896
01.02.2025 12:00;78,5552
01.02.2025 12:15;72,4652
01.02.2025 12:30;73,3584
01.02.2025 12:45;79,2512
01.02.2025 13:00;70,9978
01.02.2025 13:15;70,238
01.02.2025 13:30;76,9312
01.02.2025 13:45;70,0524
01.02.2025 14:00;72,2274
01.02.2025 14:15;75,922
01.02.2025 14:30;70,3946
01.02.2025 14:45;70,2032
01.02.2025 15:00;77,2386
01.02.2025 15:15;69,9538
01.02.2025 15:30;70,8644
01.02.2025 15:45;76,6528
01.02.2025 16:00;70,5628
01.02.2025 16:15;71,9606
01.02.2025 16:30;75,9162
01.02.2025 16:45;69,9364
01.02.2025 17:00;76,2932
01.02.2025 17:15;73,4338
01.02.2025 17:30;68,0746
01.02.2025 17:45;76,5948
01.02.2025 18:00;74,5648
01.02.2025 18:15;75,7248
01.02.2025 18:30;83,8448
01.02.2025 18:45;77,1748
01.02.2025 19:00;77,1748
01.02.2025 19:15;84,7148
01.02.2025 19:30;78,6248
01.02.2025 19:45;75,1448
01.02.2025 20:00;83,8448
01.02.2025 20:15;78,3348
01.02.2025 20:30;76,0148
01.02.2025 20:45;85,8748
01.02.2025 21:00;76,0148
01.02.2025 21:15;77,4648
01.02.2025 21:30;81,2348
01.02.2025 21:45;74,5648
01.02.2025 22:00;80,3648
01.02.2025 22:15;76,8848
01.02.2025 22:30;76,56
01.02.2025 22:45;81,78
01.02.2025 23:00;75,11
01.02.2025 23:15;75,4
01.02.2025 23:30;82,36
01.02.2025 23:45;75,4
02.02.2025 00:00;74,24
02.02.2025 00:15;82,36
02.02.2025 00:30;74,82
02.02.2025 00:45;74,53
02.02.2025 01:00;83,23
02.02.2025 01:15;77,72
02.02.2025 01:30;77,14
02.02.2025 01:45;82,94
02.02.2025 02:00;74,82
02.02.2025 02:15;80,91
02.02.2025 02:30;80,04
02.02.2025 02:45;75,4348
02.02.2025 03:00;81,8148
02.02.2025 03:15;75,4348
02.02.2025 03:30;76,8848
02.02.2025 03:45;82,3948
02.02.2025 04:00;76,8848
02.02.2025 04:15;76,0148
02.02.2025 04:30;82,6848
02.02.2025 04:45;76,3048
02.02.2025 05:00;77,7548
02.02.2025 05:15;82,6906
02.02.2025 05:30;76,8848
02.02.2025 05:45;82,1048
02.02.2025 06:00;80,3764
02.02.2025 06:15;79,2048
02.02.2025 06:30;85,2948
02.02.2025 06:45;76,8848
02.02.2025 07:00;77,7548
02.02.2025 07:15;84,4248
02.02.2025 07:30;77,7548
02.02.2025 07:45;76,0148
02.02.2025 08:00;81,2348
02.02.2025 08:15;73,6948
02.02.2025 08:30;74,24
02.02.2025 08:45;78,7292
02.02.2025 09:00;72,5174
02.02.2025 09:15;78,4624
02.02.2025 09:30;74,2748
02.02.2025 09:45;73,4686
02.02.2025 10:00;78,8104
02.02.2025 10:15;73,7006
02.02.2025 10:30;71,05
02.02.2025 10:45;79,2338
02.02.2025 11:00;71,862
02.02.2025 11:15;70,9746
02.02.2025 11:30;78,9612
02.02.2025 11:45;70,1278
02.02.2025 12:00;74,3038
02.02.2025 12:15;77,4706
02.02.2025 12:30;70,093
02.02.2025 12:45;72,7204
02.02.2025 13:00;74,936
02.02.2025 13:15;68,7358
02.02.2025 13:30;75,8234
02.02.2025 13:45;71,3574
02.02.2025 14:00;69,1302
02.02.2025 14:15;76,0612
02.02.2025 14:30;70,992
02.02.2025 14:45;68,44
02.02.2025 15:00;75,8582
02.02.2025 15:15;69,1708
02.02.2025 15:30;69,5652
02.02.2025 15:45;76,415
02.02.2025 16:00;70,818
02.02.2025 16:15;69,745
02.02.2025 16:30;76,56
02.02.2025 16:45;71,7808
02.02.2025 17:00;69,6812
02.02.2025 17:15;78,0564
02.02.2025 17:30;68,8692
02.02.2025 17:45;75,5044
02.02.2025 18:00;78,9148
02.02.2025 18:15;75,7248
02.02.2025 18:30;82,1048
02.02.2025 18:45;79,2048
02.02.2025 19:00;76,8848
02.02.2025 19:15;83,2648
02.02.2025 19:30;77,7548
02.02.2025 19:45;74,2748
02.02.2025 20:00;83,8448
02.02.2025 20:15;77,7548
02.02.2025 20:30;76,5948
02.02.2025 20:45;85,5848
02.02.2025 21:00;76,8848
02.02.2025 21:15;76,3048
02.02.2025 21:30;80,9448
02.02.2025 21:45;75,7364
02.02.2025 22:00;78,9148
02.02.2025 22:15;78,6248
02.02.2025 22:30;75,4
02.02.2025 22:45;83,81
02.02.2025 23:00;75,98
02.02.2025 23:15;75,4
02.02.2025 23:30;85,84
02.02.2025 23:45;75,69
03.02.2025 00:00;76,56
03.02.2025 00:15;82,36
03.02.2025 00:30;75,69
03.02.2025 00:45;79,17
03.02.2025 01:00;80,33
03.02.2025 01:15;75,69
03.02.2025 01:30;82,65
03.02.2025 01:45;76,56
03.02.2025 02:00;76,56
03.02.2025 02:15;84,1
03.02.2025 02:30;75,69
03.02.2025 02:45;76,5948
03.02.2025 03:00;84,4248
03.02.2025 03:15;74,8548
03.02.2025 03:30;78,0448
03.02.2025 03:45;82,3948
03.02.2025 04:00;76,3048
03.02.2025 04:15;81,2348
03.02.2025 04:30;82,9864
03.02.2025 04:45;77,7548
03.02.2025 05:00;91,9648
03.02.2025 05:15;98,3448
03.02.2025 05:30;107,3348
03.02.2025 05:45;142,1348
03.02.2025 06:00;140,3948
03.02.2025 06:15;160,6948
03.02.2025 06:30;174,9048
03.02.2025 06:45;205,3432
03.02.2025 07:00;216,3748
03.02.2025 07:15;200,7032
03.02.2025 07:30;205,0532
03.02.2025 07:45;250,8732
03.02.2025 08:00;296,9432
03.02.2025 08:15;248,2864
03.02.2025 08:30;230,2078
03.02.2025 08:45;196,3358
03.02.2025 09:00;215,6556
03.02.2025 09:15;222,8592
03.02.2025 09:30;227,6848
03.02.2025 09:45;239,4472
03.02.2025 10:00;229,1174
03.02.2025 10:15;213,4574
03.02.2025 10:30;222,517
03.02.2025 10:45;194,2072
03.02.2025 11:00;195,8718
03.02.2025 11:15;202,4026
03.02.2025 11:30;217,5696
03.02.2025 11:45;206,944
03.02.2025 12:00;195,0656
03.02.2025 12:15;167,2198
03.02.2025 12:30;190,8142
03.02.2025 12:45;199,8796
03.02.2025 13:00;210,743
03.02.2025 13:15;194,5784
03.02.2025 13:30;188,8886
03.02.2025 13:45;189,8978
03.02.2025 14:00;167,8056
03.02.2025 14:15;164,5286
03.02.2025 14:30;135,8998
03.02.2025 14:45;126,092
03.02.2025 15:00;126,962
03.02.2025 15:15;121,6028
03.02.2025 15:30;123,076
03.02.2025 15:45;113,6568
03.02.2025 16:00;117,5022
03.02.2025 16:15;113,6162
03.02.2025 16:30;113,1812
03.02.2025 16:45;114,7762
03.02.2025 17:00;119,7294
03.02.2025 17:15;112,23
03.02.2025 17:30;99,5802
03.02.2025 17:45;97,3414
03.02.2025 18:00;100,9432
03.02.2025 18:15;81,2406
03.02.2025 18:30;81,5248
03.02.2025 18:45;75,1448
03.02.2025 19:00;79,4948
03.02.2025 19:15;75,7248
03.02.2025 19:30;78,3348
03.02.2025 19:45;79,5064
03.02.2025 20:00;82,3948
03.02.2025 20:15;77,7548
03.02.2025 20:30;79,2048
03.02.2025 20:45;80,3648
03.02.2025 21:00;80,6548
03.02.2025 21:15;78,9148
03.02.2025 21:30;80,0748
03.02.2025 21:45;77,4648
03.02.2025 22:00;78,6248
03.02.2025 22:15;75,7248
03.02.2025 22:30;83,52
03.02.2025 22:45;72,21
03.02.2025 23:00;74,24
03.02.2025 23:15;70,47
03.02.2025 23:30;74,82
03.02.2025 23:45;70,18
04.02.2025 00:00;74,82
04.02.2025 00:15;71,05
04.02.2025 00:30;73,08
04.02.2025 00:45;70,18
04.02.2025 01:00;73,08
04.02.2025 01:15;72,21
04.02.2025 01:30;71,92
04.02.2025 01:45;75,98
04.02.2025 02:00;70,76
04.02.2025 02:15;75,4
04.02.2025 02:30;70,47
04.02.2025 02:45;73,1148
04.02.2025 03:00;71,9548
04.02.2025 03:15;74,5648
04.02.2025 03:30;70,7948
04.02.2025 03:45;75,1448
04.02.2025 04:00;71,9548
04.02.2025 04:15;76,0148
04.02.2025 04:30;70,2264
04.02.2025 04:45;73,6948
04.02.2025 05:00;79,7848
04.02.2025 05:15;88,4848
04.02.2025 05:30;114,0048
04.02.2025 05:45;128,2148
04.02.2025 06:00;136,3348
04.02.2025 06:15;163,009
04.02.2025 06:30;206,219
04.02.2025 06:45;202,7448
04.02.2025 07:00;228,8448
04.02.2025 07:15;201,8748
04.02.2025 07:30;204,1948
04.02.2025 07:45;222,1632
04.02.2025 08:00;204,2006
04.02.2025 08:15;217,8364
04.02.2025 08:30;201,3296
04.02.2025 08:45;174,6322
04.02.2025 09:00;196,156
04.02.2025 09:15;221,2294
04.02.2025 09:30;205,5926
04.02.2025 09:45;203,9918
04.02.2025 10:00;201,9502
04.02.2025 10:15;195,5354
04.02.2025 10:30;194,8046
04.02.2025 10:45;194,7582
04.02.2025 11:00;187,2588
04.02.2025 11:15;193,546
04.02.2025 11:30;194,9148
04.02.2025 11:45;188,2158
04.02.2025 12:00;178,466
04.02.2025 12:15;169,8124
04.02.2025 12:30;180,2234
04.02.2025 12:45;189,9094
04.02.2025 13:00;180,7628
04.02.2025 13:15;179,6144
04.02.2025 13:30;188,6392
04.02.2025 13:45;180,206
04.02.2025 14:00;169,1164
04.02.2025 14:15;160,6136
04.02.2025 14:30;136,9438
04.02.2025 14:45;138,4692
04.02.2025 15:00;130,297
04.02.2025 15:15;127,9654
04.02.2025 15:30;130,1694
04.02.2025 15:45;123,6908
04.02.2025 16:00;105,7572
04.02.2025 16:15;100,7634
04.02.2025 16:30;102,2482
04.02.2025 16:45;103,4952
04.02.2025 17:00;95,2534
04.02.2025 17:15;94,9112
04.02.2025 17:30;93,8904
04.02.2025 17:45;91,3848
04.02.2025 18:00;93,7048
04.02.2025 18:15;94,8648
04.02.2025 18:30;78,0448
04.02.2025 18:45;78,6248
04.02.2025 19:00;76,8732
04.02.2025 19:15;81,8148
04.02.2025 19:30;78,6248
04.02.2025 19:45;78,3348
04.02.2025 20:00;76,0148
04.02.2025 20:15;78,6248
04.02.2025 20:30;83,2648
04.02.2025 20:45;78,6248
04.02.2025 21:00;81,8148
04.02.2025 21:15;77,4648
04.02.2025 21:30;80,0748
04.02.2025 21:45;76,3048
04.02.2025 22:00;80,6548
04.02.2025 22:15;76,0148
04.02.2025 22:30;88,45
04.02.2025 22:45;74,24
04.02.2025 23:00;73,37
04.02.2025 23:15;73,66
04.02.2025 23:30;73,95
04.02.2025 23:45;70,18
05.02.2025 00:00;74,53
05.02.2025 00:15;73,08
05.02.2025 00:30;74,24
05.02.2025 00:45;70,47
05.02.2025 01:00;74,24
05.02.2025 01:15;71,92
05.02.2025 01:30;73,66
05.02.2025 01:45;73,37
05.02.2025 02:00;73,08
05.02.2025 02:15;71,63
05.02.2025 02:30;74,53
05.02.2025 02:45;72,8248
05.02.2025 03:00;72,5348
05.02.2025 03:15;73,6948
05.02.2025 03:30;72,8248
05.02.2025 03:45;74,8548
05.02.2025 04:00;71,9548
05.02.2025 04:15;73,9848
05.02.2025 04:30;72,8248
05.02.2025 04:45;78,0448
05.02.2025 05:00;78,0448
05.02.2025 05:15;96,6048
05.02.2025 05:30;103,8548
05.02.2025 05:45;140,6732
05.02.2025 06:00;152,8648
05.02.2025 06:15;174,6148
05.02.2025 06:30;218,9616
05.02.2025 06:45;206,219
05.02.2025 07:00;213,759
05.02.2025 07:15;204,1948
05.02.2025 07:30;220,4348
05.02.2025 07:45;223,3232
05.02.2025 08:00;216,6416
05.02.2025 08:15;211,4332
05.02.2025 08:30;193,5054
05.02.2025 08:45;169,4238
05.02.2025 09:00;182,4448
05.02.2025 09:15;195,4194
05.02.2025 09:30;203,203
05.02.2025 09:45;195,8776
05.02.2025 10:00;175,102
05.02.2025 10:15;182,6246
05.02.2025 10:30;181,0296
05.02.2025 10:45;157,0234
05.02.2025 11:00;172,6544
05.02.2025 11:15;180,8092
05.02.2025 11:30;181,8184
05.02.2025 11:45;170,897
05.02.2025 12:00;163,2584
05.02.2025 12:15;148,4394
05.02.2025 12:30;163,009
05.02.2025 12:45;190,5764
05.02.2025 13:00;205,7724
05.02.2025 13:15;192,3396
05.02.2025 13:30;182,468
05.02.2025 13:45;183,5062
05.02.2025 14:00;170,3054
05.02.2025 14:15;145,7656
05.02.2025 14:30;125,1756
05.02.2025 14:45;123,656
05.02.2025 15:00;128,0466
05.02.2025 15:15;118,3606
05.02.2025 15:30;115,3562
05.02.2025 15:45;114,5326
05.02.2025 16:00;111,4354
05.02.2025 16:15;108,9414
05.02.2025 16:30;109,2198
05.02.2025 16:45;109,33
05.02.2025 17:00;98,4434
05.02.2025 17:15;97,4168
05.02.2025 17:30;92,568
05.02.2025 17:45;96,0132
05.02.2025 18:00;90,2248
05.02.2025 18:15;96,8832
05.02.2025 18:30;93,4148
05.02.2025 18:45;97,7648
05.02.2025 19:00;94,8532
05.02.2025 19:15;111,3948
05.02.2025 19:30;111,3948
05.02.2025 19:45;103,2632
05.02.2025 20:00;100,6648
05.02.2025 20:15;98,0548
05.02.2025 20:30;98,3332
05.02.2025 20:45;103,2748
05.02.2025 21:00;97,1732
05.02.2025 21:15;99,2148
05.02.2025 21:30;99,5048
05.02.2025 21:45;100,0732
05.02.2025 22:00;97,7648
05.02.2025 22:15;92,2548
05.02.2025 22:30;83,23
05.02.2025 22:45;75,4
05.02.2025 23:00;72,79
05.02.2025 23:15;74,82
05.02.2025 23:30;73,08
05.02.2025 23:45;73,08
06.02.2025 00:00;73,66
06.02.2025 00:15;75,69
06.02.2025 00:30;73,66
06.02.2025 00:45;73,66
06.02.2025 01:00;73,66
06.02.2025 01:15;74,82
06.02.2025 01:30;74,24
06.02.2025 01:45;74,53
06.02.2025 02:00;76,56
06.02.2025 02:15;74,24
06.02.2025 02:30;74,82
06.02.2025 02:45;74,8548
06.02.2025 03:00;73,4048
06.02.2025 03:15;74,8548
06.02.2025 03:30;73,9732
06.02.2025 03:45;74,5648
06.02.2025 04:00;77,7548
06.02.2025 04:15;74,5648
06.02.2025 04:30;75,1332
06.02.2025 04:45;77,7548
06.02.2025 05:00;80,3648
06.02.2025 05:15;89,9348
06.02.2025 05:30;113,7032
06.02.2025 05:45;134,5948
06.02.2025 06:00;134,5948
06.02.2025 06:15;153,1432
06.02.2025 06:30;192,6006
06.02.2025 06:45;223,6132
06.02.2025 07:00;209,4206
06.02.2025 07:15;193,4532
06.02.2025 07:30;206,7816
06.02.2025 07:45;229,419
06.02.2025 08:00;238,9948
06.02.2025 08:15;233,4732
06.02.2025 08:30;224,8892
06.02.2025 08:45;178,7676
06.02.2025 09:00;203,0928
06.02.2025 09:15;224,0424
06.02.2025 09:30;238,061
06.02.2025 09:45;231,7158
06.02.2025 10:00;221,3628
06.02.2025 10:15;207,002
06.02.2025 10:30;206,6424
06.02.2025 10:45;194,3522
06.02.2025 11:00;195,2164
06.02.2025 11:15;190,211
06.02.2025 11:30;197,4668
06.02.2025 11:45;194,7872
06.02.2025 12:00;186,3134
06.02.2025 12:15;170,3054
06.02.2025 12:30;194,0796
06.02.2025 12:45;189,4976
06.02.2025 13:00;183,6222
06.02.2025 13:15;211,1432
06.02.2025 13:30;213,6894
06.02.2025 13:45;178,2572
06.02.2025 14:00;166,9414
06.02.2025 14:15;149,147
06.02.2025 14:30;122,4322
06.02.2025 14:45;115,7622
06.02.2025 15:00;110,0318
06.02.2025 15:15;116,9918
06.02.2025 15:30;103,8374
06.02.2025 15:45;102,8862
06.02.2025 16:00;102,1032
06.02.2025 16:15;107,851
06.02.2025 16:30;91,9358
06.02.2025 16:45;83,6128
06.02.2025 17:00;78,126
06.02.2025 17:15;69,2694
06.02.2025 17:30;70,7252
06.02.2025 17:45;60,9986
06.02.2025 18:00;67,0132
06.02.2025 18:15;67,0248
06.02.2025 18:30;70,4932
06.02.2025 18:45;66,7348
06.02.2025 19:00;64,1248
06.02.2025 19:15;66,4332
06.02.2025 19:30;69,9248
06.02.2025 19:45;66,7232
06.02.2025 20:00;62,6748
06.02.2025 20:15;68,4748
06.02.2025 20:30;61,5032
06.02.2025 20:45;69,9248
06.02.2025 21:00;67,6048
06.02.2025 21:15;64,1132
06.02.2025 21:30;67,6048
06.02.2025 21:45;63,2548
06.02.2025 22:00;66,7232
06.02.2025 22:15;62,9648
06.02.2025 22:30;66,7
06.02.2025 22:45;61,77
06.02.2025 23:00;64,38
06.02.2025 23:15;58,87
06.02.2025 23:30;60,61
06.02.2025 23:45;62,06
07.02.2025 00:00;59,45
07.02.2025 00:15;62,35
07.02.2025 00:30;58,29
07.02.2025 00:45;62,06
07.02.2025 01:00;58,58
07.02.2025 01:15;61,77
07.02.2025 01:30;60,03
07.02.2025 01:45;60,32
07.02.2025 02:00;62,93
07.02.2025 02:15;59,16
07.02.2025 02:30;61,19
07.02.2025 02:45;58,3248
07.02.2025 03:00;61,7932
07.02.2025 03:15;57,4548
07.02.2025 03:30;62,6748
07.02.2025 03:45;59,7632
07.02.2025 04:00;60,3548
07.02.2025 04:15;62,9648
07.02.2025 04:30;59,7748
07.02.2025 04:45;62,0832
07.02.2025 05:00;59,1948
07.02.2025 05:15;68,4748
07.02.2025 05:30;86,7332
07.02.2025 05:45;122,7048
07.02.2025 06:00;127,9248
07.02.2025 06:15;147,6332
07.02.2025 06:30;187,0732
07.02.2025 06:45;194,9032
07.02.2025 07:00;213,7532
07.02.2025 07:15;180,4206
07.02.2025 07:30;195,7616
07.02.2025 07:45;194,3232
07.02.2025 08:00;197,519
07.02.2025 08:15;204,4848
07.02.2025 08:30;175,131
07.02.2025 08:45;152,511
07.02.2025 09:00;172,7124
07.02.2025 09:15;193,3488
07.02.2025 09:30;190,5706
07.02.2025 09:45;189,1148
07.02.2025 10:00;193,5924
07.02.2025 10:15;191,2608
07.02.2025 10:30;187,2936
07.02.2025 10:45;182,9668
07.02.2025 11:00;188,384
07.02.2025 11:15;192,6934
07.02.2025 11:30;186,6672
07.02.2025 11:45;184,4458
07.02.2025 12:00;173,3156
07.02.2025 12:15;150,4752
07.02.2025 12:30;116,4872
07.02.2025 12:45;113,8424
07.02.2025 13:00;102,0162
07.02.2025 13:15;110,5132
07.02.2025 13:30;111,0236
07.02.2025 13:45;96,3844
07.02.2025 14:00;97,4574
07.02.2025 14:15;95,1954
07.02.2025 14:30;100,3632
07.02.2025 14:45;101,7262
07.02.2025 15:00;97,005
07.02.2025 15:15;92,1504
07.02.2025 15:30;90,3234
07.02.2025 15:45;94,7604
07.02.2025 16:00;73,5672
07.02.2025 16:15;73,8688
07.02.2025 16:30;69,3216
07.02.2025 16:45;70,1626
07.02.2025 17:00;72,8828
07.02.2025 17:15;66,729
07.02.2025 17:30;71,6648
07.02.2025 17:45;66,7232
07.02.2025 18:00;69,6232
07.02.2025 18:15;71,3748
07.02.2025 18:30;71,3632
07.02.2025 18:45;65,8648
07.02.2025 19:00;71,0732
07.02.2025 19:15;64,7048
07.02.2025 19:30;68,4632
07.02.2025 19:45;64,7048
07.02.2025 20:00;67,8832
07.02.2025 20:15;67,3148
07.02.2025 20:30;69,3332
07.02.2025 20:45;67,8832
07.02.2025 21:00;69,3448
07.02.2025 21:15;67,5932
07.02.2025 21:30;68,7648
07.02.2025 21:45;70,4932
07.02.2025 22:00;68,4748
07.02.2025 22:15;70,4932
07.02.2025 22:30;67,28
07.02.2025 22:45;69,02
07.02.2025 23:00;61,48
07.02.2025 23:15;64,96
07.02.2025 23:30;61,48
07.02.2025 23:45;66,41
08.02.2025 00:00;63,51
08.02.2025 00:15;68,15
08.02.2025 00:30;62,64
08.02.2025 00:45;66,7
08.02.2025 01:00;61,19
08.02.2025 01:15;65,54
08.02.2025 01:30;62,93
08.02.2025 01:45;65,54
08.02.2025 02:00;64,96
08.02.2025 02:15;63,22
08.02.2025 02:30;66,99
08.02.2025 02:45;61,5148
08.02.2025 03:00;66,4332
08.02.2025 03:15;62,9648
08.02.2025 03:30;67,5932
08.02.2025 03:45;62,9648
08.02.2025 04:00;65,5632
08.02.2025 04:15;62,6748
08.02.2025 04:30;66,7232
08.02.2025 04:45;61,2248
08.02.2025 05:00;65,8648
08.02.2025 05:15;67,5932
08.02.2025 05:30;72,2448
08.02.2025 05:45;82,3832
08.02.2025 06:00;95,7348
08.02.2025 06:15;94,8532
08.02.2025 06:30;99,5048
08.02.2025 06:45;106,7432
08.02.2025 07:00;102,6948
08.02.2025 07:15;103,8432
08.02.2025 07:30;104,7248
08.02.2025 07:45;103,8432
08.02.2025 08:00;98,6348
08.02.2025 08:15;101,0244
08.02.2025 08:30;94,0006
08.02.2025 08:45;97,3588
08.02.2025 09:00;94,3776
08.02.2025 09:15;102,196
08.02.2025 09:30;98,2926
08.02.2025 09:45;99,267
08.02.2025 10:00;92,9044
08.02.2025 10:15;97,3124
08.02.2025 10:30;94,5052
08.02.2025 10:45;100,108
08.02.2025 11:00;96,5932
08.02.2025 11:15;76,2758
08.02.2025 11:30;62,1354
08.02.2025 11:45;66,3926
08.02.2025 12:00;62,4892
08.02.2025 12:15;64,264
08.02.2025 12:30;60,1982
08.02.2025 12:45;62,8024
08.02.2025 13:00;63,6724
08.02.2025 13:15;62,5298
08.02.2025 13:30;61,8802
08.02.2025 13:45;59,392
08.02.2025 14:00;62,9822
08.02.2025 14:15;61,4684
08.02.2025 14:30;63,5332
08.02.2025 14:45;58,7946
08.02.2025 15:00;62,2108
08.02.2025 15:15;56,9328
08.02.2025 15:30;63,0866
08.02.2025 15:45;58,6032
08.02.2025 16:00;62,5936
08.02.2025 16:15;57,0604
08.02.2025 16:30;61,9324
08.02.2025 16:45;56,9966
08.02.2025 17:00;62,8082
08.02.2025 17:15;59,3514
08.02.2025 17:30;63,7884
08.02.2025 17:45;59,7632
08.02.2025 18:00;64,1132
08.02.2025 18:15;61,2248
08.02.2025 18:30;66,7232
08.02.2025 18:45;62,9532
08.02.2025 19:00;67,0248
08.02.2025 19:15;62,6632
08.02.2025 19:30;65,8648
08.02.2025 19:45;63,5332
08.02.2025 20:00;68,4748
08.02.2025 20:15;62,3732
08.02.2025 20:30;65,8532
08.02.2025 20:45;64,9948
08.02.2025 21:00;66,7232
08.02.2025 21:15;62,3848
08.02.2025 21:30;63,5332
08.02.2025 21:45;60,9348
08.02.2025 22:00;65,5632
08.02.2025 22:15;64,7048
08.02.2025 22:30;64,38
08.02.2025 22:45;64,38
08.02.2025 23:00;60,61
08.02.2025 23:15;65,54
08.02.2025 23:30;62,35
08.02.2025 23:45;65,25
09.02.2025 00:00;62,35
09.02.2025 00:15;63,8
09.02.2025 00:30;60,32
09.02.2025 00:45;64,96
09.02.2025 01:00;62,06
09.02.2025 01:15;64,96
09.02.2025 01:30;60,9
09.02.2025 01:45;65,83
09.02.2025 02:00;60,61
09.02.2025 02:15;66,7
09.02.2025 02:30;62,06
09.02.2025 02:45;64,9832
09.02.2025 03:00;60,0648
09.02.2025 03:15;65,5632
09.02.2025 03:30;62,0948
09.02.2025 03:45;65,8532
09.02.2025 04:00;60,3548
09.02.2025 04:15;64,9948
09.02.2025 04:30;62,3732
09.02.2025 04:45;65,8648
09.02.2025 05:00;63,8232
09.02.2025 05:15;65,2848
09.02.2025 05:30;65,8532
09.02.2025 05:45;63,2548
09.02.2025 06:00;83,2532
09.02.2025 06:15;90,2248
09.02.2025 06:30;93,1248
09.02.2025 06:45;90,5148
09.02.2025 07:00;94,5632
09.02.2025 07:15;87,0348
09.02.2025 07:30;91,3732
09.02.2025 07:45;87,6148
09.02.2025 08:00;88,7632
09.02.2025 08:15;82,8588
09.02.2025 08:30;86,0778
09.02.2025 08:45;79,3034
09.02.2025 09:00;86,159
09.02.2025 09:15;84,2044
09.02.2025 09:30;90,6192
09.02.2025 09:45;84,7554
09.02.2025 10:00;86,8608
09.02.2025 10:15;83,8912
09.02.2025 10:30;86,7622
09.02.2025 10:45;82,1686
09.02.2025 11:00;77,0878
09.02.2025 11:15;58,3654
09.02.2025 11:30;62,0426
09.02.2025 11:45;57,0024
09.02.2025 12:00;61,9092
09.02.2025 12:15;57,8318
09.02.2025 12:30;61,4974
09.02.2025 12:45;57,6926
09.02.2025 13:00;62,4196
09.02.2025 13:15;56,637
09.02.2025 13:30;60,6274
09.02.2025 13:45;57,9478
09.02.2025 14:00;61,5264
09.02.2025 14:15;56,028
09.02.2025 14:30;60,2098
09.02.2025 14:45;57,1474
09.02.2025 15:00;60,001
09.02.2025 15:15;59,5428
09.02.2025 15:30;59,2818
09.02.2025 15:45;57,507
09.02.2025 16:00;58,0232
09.02.2025 16:15;58,9802
09.02.2025 16:30;58,6612
09.02.2025 16:45;59,7864
09.02.2025 17:00;58,551
09.02.2025 17:15;60,4766
09.02.2025 17:30;59,1426
09.02.2025 17:45;60,9348
09.02.2025 18:00;59,1948
09.02.2025 18:15;65,8648
09.02.2025 18:30;62,9648
09.02.2025 18:45;67,0132
09.02.2025 19:00;62,0948
09.02.2025 19:15;67,3148
09.02.2025 19:30;64,9948
09.02.2025 19:45;65,8532
09.02.2025 20:00;62,9648
09.02.2025 20:15;66,4448
09.02.2025 20:30;62,6748
09.02.2025 20:45;67,8832
09.02.2025 21:00;62,9648
09.02.2025 21:15;65,5748
09.02.2025 21:30;60,9348
09.02.2025 21:45;64,7048
09.02.2025 22:00;62,0832
09.02.2025 22:15;66,1548
09.02.2025 22:30;62,35
09.02.2025 22:45;65,25
09.02.2025 23:00;60,32
09.02.2025 23:15;67,57
09.02.2025 23:30;63,8
09.02.2025 23:45;64,96
10.02.2025 00:00;63,22
10.02.2025 00:15;62,64
10.02.2025 00:30;65,83
10.02.2025 00:45;62,93
10.02.2025 01:00;66,12
10.02.2025 01:15;61,19
10.02.2025 01:30;64,09
10.02.2025 01:45;62,06
10.02.2025 02:00;66,41
10.02.2025 02:15;62,93
10.02.2025 02:30;66,7
10.02.2025 02:45;61,2248
10.02.2025 03:00;65,8648
10.02.2025 03:15;61,5148
10.02.2025 03:30;66,4448
10.02.2025 03:45;62,6632
10.02.2025 04:00;65,5748
10.02.2025 04:15;63,2548
10.02.2025 04:30;66,1548
10.02.2025 04:45;69,0548
10.02.2025 05:00;73,9848
10.02.2025 05:15;80,3648
10.02.2025 05:30;99,7832
10.02.2025 05:45;129,3748
10.02.2025 06:00;135,1748
10.02.2025 06:15;150,8232
10.02.2025 06:30;179,5216
10.02.2025 06:45;183,5816
10.02.2025 07:00;187,9432
10.02.2025 07:15;175,7516
10.02.2025 07:30;189,3932
10.02.2025 07:45;192,0032
10.02.2025 08:00;201,0048
10.02.2025 08:15;191,7364
10.02.2025 08:30;173,3562
10.02.2025 08:45;157,9398
10.02.2025 09:00;178,379
10.02.2025 09:15;202,4664
10.02.2025 09:30;197,4378
10.02.2025 09:45;187,3806
10.02.2025 10:00;195,866
10.02.2025 10:15;184,9214
10.02.2025 10:30;220,661
10.02.2025 10:45;205,3606
10.02.2025 11:00;193,0472
10.02.2025 11:15;200,1
10.02.2025 11:30;206,2828
10.02.2025 11:45;191,5334
10.02.2025 12:00;175,334
10.02.2025 12:15;158,0268
10.02.2025 12:30;183,6802
10.02.2025 12:45;199,201
10.02.2025 13:00;199,3228
10.02.2025 13:15;193,9114
10.02.2025 13:30;192,531
10.02.2025 13:45;201,7994
10.02.2025 14:00;190,6866
10.02.2025 14:15;165,7466
10.02.2025 14:30;130,8016
10.02.2025 14:45;119,9614
10.02.2025 15:00;120,6574
10.02.2025 15:15;109,9158
10.02.2025 15:30;99,5164
10.02.2025 15:45;97,4632
10.02.2025 16:00;98,6754
10.02.2025 16:15;95,9262
10.02.2025 16:30;96,7034
10.02.2025 16:45;93,7396
10.02.2025 17:00;81,7104
10.02.2025 17:15;75,2376
10.02.2025 17:30;65,9692
10.02.2025 17:45;62,3732
10.02.2025 18:00;67,0132
10.02.2025 18:15;69,0548
10.02.2025 18:30;65,8532
10.02.2025 18:45;66,7348
10.02.2025 19:00;61,2248
10.02.2025 19:15;65,5632
10.02.2025 19:30;66,7348
10.02.2025 19:45;60,6332
10.02.2025 20:00;65,8648
10.02.2025 20:15;62,6632
10.02.2025 20:30;64,9948
10.02.2025 20:45;69,3448
10.02.2025 21:00;65,5632
10.02.2025 21:15;67,0248
10.02.2025 21:30;65,5748
10.02.2025 21:45;63,8232
10.02.2025 22:00;67,3148
10.02.2025 22:15;63,8348
10.02.2025 22:30;66,7
10.02.2025 22:45;63,8
10.02.2025 23:00;58
10.02.2025 23:15;62,06
10.02.2025 23:30;61,19
10.02.2025 23:45;61,19
11.02.2025 00:00;63,51
11.02.2025 00:15;61,19
11.02.2025 00:30;64,09
11.02.2025 00:45;63,22
11.02.2025 01:00;58,87
11.02.2025 01:15;63,22
11.02.2025 01:30;60,61
11.02.2025 01:45;60,03
11.02.2025 02:00;62,93
11.02.2025 02:15;59,74
11.02.2025 02:30;63,8
11.02.2025 02:45;63,2548
11.02.2025 03:00;60,0648
11.02.2025 03:15;62,6632
11.02.2025 03:30;59,7748
11.02.2025 03:45;60,9348
11.02.2025 04:00;63,2432
11.02.2025 04:15;58,3248
11.02.2025 04:30;62,0948
11.02.2025 04:45;63,8232
11.02.2025 05:00;66,4448
11.02.2025 05:15;83,8448
11.02.2025 05:30;103,269
11.02.2025 05:45;117,7748
11.02.2025 06:00;122,6932
11.02.2025 06:15;142,4248
11.02.2025 06:30;211,4332
11.02.2025 06:45;225,0748
11.02.2025 07:00;189,6832
11.02.2025 07:15;181,5632
11.02.2025 07:30;195,1932
11.02.2025 07:45;247,1032
11.02.2025 08:00;239,2674
11.02.2025 08:15;212,5932
11.02.2025 08:30;195,7848
11.02.2025 08:45;174,3074
11.02.2025 09:00;203,0174
11.02.2025 09:15;215,876
11.02.2025 09:30;220,4986
11.02.2025 09:45;224,0366
11.02.2025 10:00;210,4356
11.02.2025 10:15;228,2996
11.02.2025 10:30;212,9238
11.02.2025 10:45;196,4344
11.02.2025 11:00;213,7126
11.02.2025 11:15;213,846
11.02.2025 11:30;197,4146
11.02.2025 11:45;220,8698
11.02.2025 12:00;199,7462
11.02.2025 12:15;156,4376
11.02.2025 12:30;178,5066
11.02.2025 12:45;223,3116
11.02.2025 13:00;221,2004
11.02.2025 13:15;199,955
11.02.2025 13:30;179,9392
11.02.2025 13:45;188,9756
11.02.2025 14:00;182,2186
11.02.2025 14:15;158,775
11.02.2025 14:30;125,9122
11.02.2025 14:45;126,7126
11.02.2025 15:00;114,7704
11.02.2025 15:15;113,216
11.02.2025 15:30;109,5388
11.02.2025 15:45;112,4446
11.02.2025 16:00;116,4118
11.02.2025 16:15;111,4064
11.02.2025 16:30;105,2932
11.02.2025 16:45;98,9248
11.02.2025 17:00;89,9232
11.02.2025 17:15;87,6148
11.02.2025 17:30;89,9232
11.02.2025 17:45;86,7448
11.02.2025 18:00;70,4932
11.02.2025 18:15;64,4032
11.02.2025 18:30;64,7048
11.02.2025 18:45;66,7232
11.02.2025 19:00;62,3848
11.02.2025 19:15;65,5632
11.02.2025 19:30;67,3148
11.02.2025 19:45;88,7632
11.02.2025 20:00;80,9448
11.02.2025 20:15;62,6632
11.02.2025 20:30;67,6048
11.02.2025 20:45;67,5932
11.02.2025 21:00;69,0548
11.02.2025 21:15;64,4148
11.02.2025 21:30;68,7532
11.02.2025 21:45;63,5448
11.02.2025 22:00;69,0432
11.02.2025 22:15;66,4448
11.02.2025 22:30;62,35
11.02.2025 22:45;62,64
11.02.2025 23:00;57,71
11.02.2025 23:15;62,35
11.02.2025 23:30;57,71
11.02.2025 23:45;62,06
12.02.2025 00:00;57,13
12.02.2025 00:15;61,77
12.02.2025 00:30;58,58
12.02.2025 00:45;60,61
12.02.2025 01:00;60,61
12.02.2025 01:15;60,61
12.02.2025 01:30;61,48
12.02.2025 01:45;58
12.02.2025 02:00;61,19
12.02.2025 02:15;57,42
12.02.2025 02:30;61,77
12.02.2025 02:45;58,6032
12.02.2025 03:00;62,0948
12.02.2025 03:15;58,6032
12.02.2025 03:30;62,6748
12.02.2025 03:45;61,2248
12.02.2025 04:00;59,7632
12.02.2025 04:15;62,6748
12.02.2025 04:30;58,8932
12.02.2025 04:45;62,6748
12.02.2025 05:00;61,8048
12.02.2025 05:15;95,4332
12.02.2025 05:30;109,0748
12.02.2025 05:45;121,8232
12.02.2025 06:00;121,2548
12.02.2025 06:15;158,9316
12.02.2025 06:30;183,5932
12.02.2025 06:45;213,7416
12.02.2025 07:00;178,9706
12.02.2025 07:15;176,0532
12.02.2025 07:30;199,839
12.02.2025 07:45;205,6332
12.02.2025 08:00;192,5832
12.02.2025 08:15;185,3448
12.02.2025 08:30;167,9332
12.02.2025 08:45;147,668
12.02.2025 09:00;160,0858
12.02.2025 09:15;183,483
12.02.2025 09:30;191,1042
12.02.2025 09:45;184,2544
12.02.2025 10:00;186,7252
12.02.2025 10:15;172,4456
12.02.2025 10:30;194,4508
12.02.2025 10:45;173,942
12.02.2025 11:00;173,1996
12.02.2025 11:15;175,2586
12.02.2025 11:30;182,787
12.02.2025 11:45;186,1974
12.02.2025 12:00;181,9112
12.02.2025 12:15;154,454
12.02.2025 12:30;173,507
12.02.2025 12:45;210,9112
12.02.2025 13:00;204,5544
12.02.2025 13:15;214,3506
12.02.2025 13:30;192,8732
12.02.2025 13:45;193,7084
12.02.2025 14:00;175,5834
12.02.2025 14:15;148,1146
12.02.2025 14:30;112,984
12.02.2025 14:45;98,8958
12.02.2025 15:00;99,9572
12.02.2025 15:15;102,9558
12.02.2025 15:30;102,95
12.02.2025 15:45;101,6102
12.02.2025 16:00;99,5628
12.02.2025 16:15;94,8706
12.02.2025 16:30;99,2438
12.02.2025 16:45;94,743
12.02.2025 17:00;89,7782
12.02.2025 17:15;75,4116
12.02.2025 17:30;65,8532
12.02.2025 17:45;69,9248
12.02.2025 18:00;70,7832
12.02.2025 18:15;69,6348
12.02.2025 18:30;74,5532
12.02.2025 18:45;69,0548
12.02.2025 19:00;74,5532
12.02.2025 19:15;73,6948
12.02.2025 19:30;92,8232
12.02.2025 19:45;70,7948
12.02.2025 20:00;71,3632
12.02.2025 20:15;72,5348
12.02.2025 20:30;73,9732
12.02.2025 20:45;74,2748
12.02.2025 21:00;72,8132
12.02.2025 21:15;73,4048
12.02.2025 21:30;70,2148
12.02.2025 21:45;71,9432
12.02.2025 22:00;70,2148
12.02.2025 22:15;71,0848
12.02.2025 22:30;72,21
12.02.2025 22:45;69,89
12.02.2025 23:00;66,41
12.02.2025 23:15;69,02
12.02.2025 23:30;67,86
12.02.2025 23:45;66,99
13.02.2025 00:00;67,28
13.02.2025 00:15;67,86
13.02.2025 00:30;66,41
13.02.2025 00:45;67,57
13.02.2025 01:00;67,86
13.02.2025 01:15;66,99
13.02.2025 01:30;68,44
13.02.2025 01:45;66,12
13.02.2025 02:00;68,15
13.02.2025 02:15;65,83
13.02.2025 02:30;68,44
13.02.2025 02:45;66,1548
13.02.2025 03:00;69,0432
13.02.2025 03:15;64,9948
13.02.2025 03:30;69,3332
13.02.2025 03:45;65,5748
13.02.2025 04:00;68,7648
13.02.2025 04:15;65,5632
13.02.2025 04:30;68,7648
13.02.2025 04:45;65,5632
13.02.2025 05:00;76,0148
13.02.2025 05:15;85,2948
13.02.2025 05:30;120,9532
13.02.2025 05:45;126,4806
13.02.2025 06:00;129,6532
13.02.2025 06:15;162,7132
13.02.2025 06:30;185,6232
13.02.2025 06:45;194,3116
13.02.2025 07:00;194,3232
13.02.2025 07:15;180,4032
13.02.2025 07:30;213,1848
13.02.2025 07:45;230,869
13.02.2025 08:00;225,6432
13.02.2025 08:15;213,4632
13.02.2025 08:30;198,9922
13.02.2025 08:45;171,3958
13.02.2025 09:00;214,7566
13.02.2025 09:15;229,9932
13.02.2025 09:30;232,4582
13.02.2025 09:45;230,492
13.02.2025 10:00;232,8236
13.02.2025 10:15;217,326
13.02.2025 10:30;207,1934
13.02.2025 10:45;195,6166
13.02.2025 11:00;212,8542
13.02.2025 11:15;215,3714
13.02.2025 11:30;230,086
13.02.2025 11:45;237,9624
13.02.2025 12:00;219,7562
13.02.2025 12:15;179,7246
13.02.2025 12:30;193,1284
13.02.2025 12:45;238,2292
13.02.2025 13:00;217,7378
13.02.2025 13:15;222,2792
13.02.2025 13:30;230,7704
13.02.2025 13:45;225,3764
13.02.2025 14:00;199,1488
13.02.2025 14:15;168,577
13.02.2025 14:30;136,2768
13.02.2025 14:45;115,3794
13.02.2025 15:00;110,2058
13.02.2025 15:15;110,5248
13.02.2025 15:30;108,692
13.02.2025 15:45;107,3754
13.02.2025 16:00;99,1162
13.02.2025 16:15;101,1056
13.02.2025 16:30;98,4202
13.02.2025 16:45;95,2998
13.02.2025 17:00;89,4186
13.02.2025 17:15;85,9096
13.02.2025 17:30;81,6234
13.02.2025 17:45;69,9248
13.02.2025 18:00;77,1632
13.02.2025 18:15;75,4348
13.02.2025 18:30;71,6532
13.02.2025 18:45;68,4748
13.02.2025 19:00;76,0032
13.02.2025 19:15;86,7448
13.02.2025 19:30;82,6732
13.02.2025 19:45;70,2148
13.02.2025 20:00;67,8948
13.02.2025 20:15;71,9432
13.02.2025 20:30;71,0848
13.02.2025 20:45;74,8432
13.02.2025 21:00;72,5348
13.02.2025 21:15;70,5048
13.02.2025 21:30;73,3932
13.02.2025 21:45;67,8948
13.02.2025 22:00;71,0848
13.02.2025 22:15;66,4332
13.02.2025 22:30;66,99
13.02.2025 22:45;61,19
13.02.2025 23:00;63,22
13.02.2025 23:15;58,87
13.02.2025 23:30;62,64
13.02.2025 23:45;59,45
14.02.2025 00:00;62,64
14.02.2025 00:15;59,45
14.02.2025 00:30;62,35
14.02.2025 00:45;58,87
14.02.2025 01:00;63,22
14.02.2025 01:15;58,87
14.02.2025 01:30;62,64
14.02.2025 01:45;60,03
14.02.2025 02:00;61,48
14.02.2025 02:15;58,58
14.02.2025 02:30;62,93
14.02.2025 02:45;58,3132
14.02.2025 03:00;62,6748
14.02.2025 03:15;62,0948
14.02.2025 03:30;61,2132
14.02.2025 03:45;60,0648
14.02.2025 04:00;60,6448
14.02.2025 04:15;61,2132
14.02.2025 04:30;59,4848
14.02.2025 04:45;62,6748
14.02.2025 05:00;65,5632
14.02.2025 05:15;84,4248
14.02.2025 05:30;96,3148
14.02.2025 05:45;120,0832
14.02.2025 06:00;137,2048
14.02.2025 06:15;168,2232
14.02.2025 06:30;192,8616
14.02.2025 06:45;215,209
14.02.2025 07:00;209,1132
14.02.2025 07:15;188,2448
14.02.2025 07:30;231,7274
14.02.2025 07:45;249,11
14.02.2025 08:00;214,6348
14.02.2025 08:15;207,2688
14.02.2025 08:30;195,2744
14.02.2025 08:45;153,091
14.02.2025 09:00;189,5208
14.02.2025 09:15;228,1314
14.02.2025 09:30;221,038
14.02.2025 09:45;190,4488
14.02.2025 10:00;181,5168
14.02.2025 10:15;176,6216
14.02.2025 10:30;188,9814
14.02.2025 10:45;203,2494
14.02.2025 11:00;186,2728
14.02.2025 11:15;192,6934
14.02.2025 11:30;190,9534
14.02.2025 11:45;183,1408
14.02.2025 12:00;171,9758
14.02.2025 12:15;156,2636
14.02.2025 12:30;107,1724
14.02.2025 12:45;99,0988
14.02.2025 13:00;103,704
14.02.2025 13:15;103,1298
14.02.2025 13:30;96,6396
14.02.2025 13:45;95,6942
14.02.2025 14:00;91,2224
14.02.2025 14:15;85,5616
14.02.2025 14:30;83,9086
14.02.2025 14:45;74,6924
14.02.2025 15:00;73,0162
14.02.2025 15:15;72,0998
14.02.2025 15:30;71,1776
14.02.2025 15:45;77,372
14.02.2025 16:00;76,9776
14.02.2025 16:15;75,1912
14.02.2025 16:30;71,079
14.02.2025 16:45;67,976
14.02.2025 17:00;70,3888
14.02.2025 17:15;71,3458
14.02.2025 17:30;65,9982
14.02.2025 17:45;67,6048
14.02.2025 18:00;62,6632
14.02.2025 18:15;67,8948
14.02.2025 18:30;68,1848
14.02.2025 18:45;64,9832
14.02.2025 19:00;67,6048
14.02.2025 19:15;67,5932
14.02.2025 19:30;65,2848
14.02.2025 19:45;66,7348
14.02.2025 20:00;64,6932
14.02.2025 20:15;67,0248
14.02.2025 20:30;70,7948
14.02.2025 20:45;66,4332
14.02.2025 21:00;70,2148
14.02.2025 21:15;69,9248
14.02.2025 21:30;65,2732
14.02.2025 21:45;68,7648
14.02.2025 22:00;67,3148
14.02.2025 22:15;65,8532
14.02.2025 22:30;69,31
14.02.2025 22:45;63,22
14.02.2025 23:00;64,96
14.02.2025 23:15;65,25
14.02.2025 23:30;61,19
14.02.2025 23:45;65,83
15.02.2025 00:00;65,83
15.02.2025 00:15;60,32
15.02.2025 00:30;64,96
15.02.2025 00:45;62,06
15.02.2025 01:00;63,22
15.02.2025 01:15;66,12
15.02.2025 01:30;61,77
15.02.2025 01:45;65,25
15.02.2025 02:00;66,41
15.02.2025 02:15;61,19
15.02.2025 02:30;65,54
15.02.2025 02:45;64,9948
15.02.2025 03:00;63,2432
15.02.2025 03:15;66,1548
15.02.2025 03:30;61,5148
15.02.2025 03:45;65,5632
15.02.2025 04:00;64,9948
15.02.2025 04:15;61,8048
15.02.2025 04:30;66,1432
15.02.2025 04:45;67,3148
15.02.2025 05:00;62,6748
15.02.2025 05:15;69,0548
15.02.2025 05:30;69,9132
15.02.2025 05:45;71,9548
15.02.2025 06:00;79,2048
15.02.2025 06:15;73,9732
15.02.2025 06:30;78,9148
15.02.2025 06:45;86,1648
15.02.2025 07:00;86,7332
15.02.2025 07:15;84,4248
15.02.2025 07:30;82,3948
15.02.2025 07:45;86,1532
15.02.2025 08:00;82,3948
15.02.2025 08:15;75,7306
15.02.2025 08:30;76,4846
15.02.2025 08:45;75,8814
15.02.2025 09:00;74,2922
15.02.2025 09:15;79,924
15.02.2025 09:30;79,8254
15.02.2025 09:45;78,387
15.02.2025 10:00;79,3614
15.02.2025 10:15;71,0268
15.02.2025 10:30;78,4276
15.02.2025 10:45;75,2028
15.02.2025 11:00;67,715
15.02.2025 11:15;70,9166
15.02.2025 11:30;58,4118
15.02.2025 11:45;61,6888
15.02.2025 12:00;61,857
15.02.2025 12:15;58,058
15.02.2025 12:30;62,9242
15.02.2025 12:45;59,3746
15.02.2025 13:00;60,61
15.02.2025 13:15;62,8894
15.02.2025 13:30;57,1648
15.02.2025 13:45;61,886
15.02.2025 14:00;59,8386
15.02.2025 14:15;58,261
15.02.2025 14:30;62,7154
15.02.2025 14:45;58,6438
15.02.2025 15:00;63,0808
15.02.2025 15:15;61,944
15.02.2025 15:30;57,217
15.02.2025 15:45;61,7874
15.02.2025 16:00;57,855
15.02.2025 16:15;59,682
15.02.2025 16:30;60,7318
15.02.2025 16:45;56,9618
15.02.2025 17:00;61,7236
15.02.2025 17:15;60,8884
15.02.2025 17:30;57,4432
15.02.2025 17:45;61,0682
15.02.2025 18:00;62,3732
15.02.2025 18:15;60,0648
15.02.2025 18:30;66,1432
15.02.2025 18:45;62,6748
15.02.2025 19:00;68,7532
15.02.2025 19:15;67,3148
15.02.2025 19:30;63,8348
15.02.2025 19:45;66,7232
15.02.2025 20:00;67,6048
15.02.2025 20:15;66,1432
15.02.2025 20:30;67,8948
15.02.2025 20:45;66,4448
15.02.2025 21:00;65,8532
15.02.2025 21:15;66,4448
15.02.2025 21:30;62,0948
15.02.2025 21:45;67,3032
15.02.2025 22:00;65,8648
15.02.2025 22:15;60,6448
15.02.2025 22:30;66,12
15.02.2025 22:45;63,22
15.02.2025 23:00;62,64
15.02.2025 23:15;66,12
15.02.2025 23:30;61,77
15.02.2025 23:45;64,96
16.02.2025 00:00;65,54
16.02.2025 00:15;62,35
16.02.2025 00:30;65,54
16.02.2025 00:45;64,67
16.02.2025 01:00;61,77
16.02.2025 01:15;66,12
16.02.2025 01:30;62,64
16.02.2025 01:45;64,67
16.02.2025 02:00;66,99
16.02.2025 02:15;63,8
16.02.2025 02:30;66,41
16.02.2025 02:45;67,0248
16.02.2025 03:00;62,0948
16.02.2025 03:15;65,8532
16.02.2025 03:30;62,9648
16.02.2025 03:45;65,2848
16.02.2025 04:00;65,5632
16.02.2025 04:15;62,0948
16.02.2025 04:30;65,8532
16.02.2025 04:45;65,8648
16.02.2025 05:00;62,0948
16.02.2025 05:15;67,5932
16.02.2025 05:30;64,9948
16.02.2025 05:45;66,4448
16.02.2025 06:00;68,1732
16.02.2025 06:15;64,7048
16.02.2025 06:30;68,4632
16.02.2025 06:45;67,6048
16.02.2025 07:00;64,9948
16.02.2025 07:15;66,7232
16.02.2025 07:30;64,7048
16.02.2025 07:45;65,5748
16.02.2025 08:00;63,9044
16.02.2025 08:15;59,7052
16.02.2025 08:30;62,8314
16.02.2025 08:45;62,4022
16.02.2025 09:00;59,4268
16.02.2025 09:15;63,713
16.02.2025 09:30;62,176
16.02.2025 09:45;59,2876
16.02.2025 10:00;62,2398
16.02.2025 10:15;58,986
16.02.2025 10:30;62,263
16.02.2025 10:45;62,4196
16.02.2025 11:00;58,1044
16.02.2025 11:15;62,205
16.02.2025 11:30;60,9928
16.02.2025 11:45;56,9154
16.02.2025 12:00;60,2272
16.02.2025 12:15;59,0846
16.02.2025 12:30;60,1866
16.02.2025 12:45;61,1784
16.02.2025 13:00;57,1068
16.02.2025 13:15;60,291
16.02.2025 13:30;58,6264
16.02.2025 13:45;57,7506
16.02.2025 14:00;60,5694
16.02.2025 14:15;55,7206
16.02.2025 14:30;61,393
16.02.2025 14:45;62,2514
16.02.2025 15:00;57,739
16.02.2025 15:15;60,3548
16.02.2025 15:30;59,5486
16.02.2025 15:45;55,9004
16.02.2025 16:00;60,088
16.02.2025 16:15;58,7598
16.02.2025 16:30;59,5602
16.02.2025 16:45;61,8048
16.02.2025 17:00;57,6346
16.02.2025 17:15;62,35
16.02.2025 17:30;63,0808
16.02.2025 17:45;58,377
16.02.2025 18:00;63,3708
16.02.2025 18:15;63,5448
16.02.2025 18:30;63,5448
16.02.2025 18:45;66,4448
16.02.2025 19:00;62,9532
16.02.2025 19:15;66,1548
16.02.2025 19:30;66,1548
16.02.2025 19:45;62,9648
16.02.2025 20:00;69,3332
16.02.2025 20:15;65,2848
16.02.2025 20:30;66,7348
16.02.2025 20:45;67,0248
16.02.2025 21:00;62,9648
16.02.2025 21:15;67,0132
16.02.2025 21:30;65,5748
16.02.2025 21:45;62,0948
16.02.2025 22:00;66,7348
16.02.2025 22:15;63,8348
16.02.2025 22:30;64,96
16.02.2025 22:45;66,12
16.02.2025 23:00;61,19
16.02.2025 23:15;66,99
16.02.2025 23:30;66,41
16.02.2025 23:45;62,64
17.02.2025 00:00;67,28
17.02.2025 00:15;65,54
17.02.2025 00:30;62,35
17.02.2025 00:45;65,83
17.02.2025 01:00;62,35
17.02.2025 01:15;64,67
17.02.2025 01:30;66,12
17.02.2025 01:45;62,06
17.02.2025 02:00;68,44
17.02.2025 02:15;66,41
17.02.2025 02:30;62,35
17.02.2025 02:45;66,1548
17.02.2025 03:00;65,5748
17.02.2025 03:15;64,1132
17.02.2025 03:30;67,0248
17.02.2025 03:45;62,6748
17.02.2025 04:00;67,0248
17.02.2025 04:15;69,0548
17.02.2025 04:30;64,1248
17.02.2025 04:45;69,9132
17.02.2025 05:00;71,6648
17.02.2025 05:15;85,8748
17.02.2025 05:30;101,5348
17.02.2025 05:45;120,0948
17.02.2025 06:00;141,2532
17.02.2025 06:15;162,4406
17.02.2025 06:30;198,9632
17.02.2025 06:45;215,5048
17.02.2025 07:00;204,4848
17.02.2025 07:15;179,5332
17.02.2025 07:30;208,8348
17.02.2025 07:45;217,819
17.02.2025 08:00;213,5386
17.02.2025 08:15;241,5758
17.02.2025 08:30;186,9746
17.02.2025 08:45;164,7258
17.02.2025 09:00;191,2492
17.02.2025 09:15;235,2422
17.02.2025 09:30;247,283
17.02.2025 09:45;230,753
17.02.2025 10:00;222,517
17.02.2025 10:15;244,9108
17.02.2025 10:30;193,1052
17.02.2025 10:45;198,6732
17.02.2025 11:00;201,7704
17.02.2025 11:15;235,9556
17.02.2025 11:30;195,6862
17.02.2025 11:45;193,7316
17.02.2025 12:00;170,5026
17.02.2025 12:15;147,6738
17.02.2025 12:30;177,9324
17.02.2025 12:45;256,0584
17.02.2025 13:00;186,122
17.02.2025 13:15;175,0788
17.02.2025 13:30;183,7092
17.02.2025 13:45;210,3196
17.02.2025 14:00;173,0082
17.02.2025 14:15;148,1146
17.02.2025 14:30;137,1178
17.02.2025 14:45;176,03
17.02.2025 15:00;137,4426
17.02.2025 15:15;130,5638
17.02.2025 15:30;107,909
17.02.2025 15:45;110,316
17.02.2025 16:00;105,386
17.02.2025 16:15;104,052
17.02.2025 16:30;96,4366
17.02.2025 16:45;92,0982
17.02.2025 17:00;75,3304
17.02.2025 17:15;75,8176
17.02.2025 17:30;71,2008
17.02.2025 17:45;71,688
17.02.2025 18:00;67,164
17.02.2025 18:15;75,4348
17.02.2025 18:30;72,2448
17.02.2025 18:45;68,4748
17.02.2025 19:00;73,1148
17.02.2025 19:15;70,2148
17.02.2025 19:30;75,7248
17.02.2025 19:45;80,6664
17.02.2025 20:00;76,5948
17.02.2025 20:15;72,2448
17.02.2025 20:30;78,9148
17.02.2025 20:45;72,8248
17.02.2025 21:00;75,7248
17.02.2025 21:15;73,6948
17.02.2025 21:30;79,2048
17.02.2025 21:45;70,2148
17.02.2025 22:00;73,4164
17.02.2025 22:15;70,2148
17.02.2025 22:30;72,79
17.02.2025 22:45;69,89
17.02.2025 23:00;70,76
17.02.2025 23:15;64,38
17.02.2025 23:30;68,73
17.02.2025 23:45;64,38
18.02.2025 00:00;69,89
18.02.2025 00:15;64,96
18.02.2025 00:30;68,44
18.02.2025 00:45;65,54
18.02.2025 01:00;69,31
18.02.2025 01:15;65,54
18.02.2025 01:30;68,73
18.02.2025 01:45;65,83
18.02.2025 02:00;70,76
18.02.2025 02:15;64,67
18.02.2025 02:30;68,15
18.02.2025 02:45;65,2848
18.02.2025 03:00;69,3564
18.02.2025 03:15;64,9948
18.02.2025 03:30;68,1848
18.02.2025 03:45;65,5748
18.02.2025 04:00;69,0664
18.02.2025 04:15;64,1248
18.02.2025 04:30;69,0548
18.02.2025 04:45;66,1548
18.02.2025 05:00;74,5648
18.02.2025 05:15;87,6264
18.02.2025 05:30;105,3048
18.02.2025 05:45;122,9948
18.02.2025 06:00;138,0748
18.02.2025 06:15;167,9448
18.02.2025 06:30;180,6932
18.02.2025 06:45;187,3748
18.02.2025 07:00;203,6032
18.02.2025 07:15;187,3748
18.02.2025 07:30;203,9106
18.02.2025 07:45;246,5348
18.02.2025 08:00;244,1684
18.02.2025 08:15;239,7604
18.02.2025 08:30;225,1038
18.02.2025 08:45;196,4634
18.02.2025 09:00;205,0938
18.02.2025 09:15;233,1484
18.02.2025 09:30;232,3074
18.02.2025 09:45;227,6268
18.02.2025 10:00;229,8946
18.02.2025 10:15;226,7626
18.02.2025 10:30;215,8818
18.02.2025 10:45;213,3414
18.02.2025 11:00;193,372
18.02.2025 11:15;193,1226
18.02.2025 11:30;205,349
18.02.2025 11:45;201,7124
18.02.2025 12:00;190,3096
18.02.2025 12:15;154,628
18.02.2025 12:30;179,336
18.02.2025 12:45;213,6314
18.02.2025 13:00;195,2744
18.02.2025 13:15;183,7324
18.02.2025 13:30;193,3662
18.02.2025 13:45;192,0438
18.02.2025 14:00;194,2652
18.02.2025 14:15;148,9498
18.02.2025 14:30;153,671
18.02.2025 14:45;156,7798
18.02.2025 15:00;132,1298
18.02.2025 15:15;126,4922
18.02.2025 15:30;111,5166
18.02.2025 15:45;108,7442
18.02.2025 16:00;105,734
18.02.2025 16:15;94,5574
18.02.2025 16:30;83,2648
18.02.2025 16:45;81,8496
18.02.2025 17:00;91,7792
18.02.2025 17:15;78,9496
18.02.2025 17:30;64,583
18.02.2025 17:45;65,2442
18.02.2025 18:00;68,0166
18.02.2025 18:15;68,7764
18.02.2025 18:30;66,4448
18.02.2025 18:45;72,2448
18.02.2025 19:00;70,7948
18.02.2025 19:15;67,6048
18.02.2025 19:30;71,9548
18.02.2025 19:45;67,0248
18.02.2025 20:00;69,0664
18.02.2025 20:15;84,1348
18.02.2025 20:30;75,4348
18.02.2025 20:45;86,4548
18.02.2025 21:00;74,5764
18.02.2025 21:15;76,5948
18.02.2025 21:30;77,1748
18.02.2025 21:45;65,8648
18.02.2025 22:00;69,3564
18.02.2025 22:15;68,7648
18.02.2025 22:30;64,38
18.02.2025 22:45;69,31
18.02.2025 23:00;62,35
18.02.2025 23:15;62,93
18.02.2025 23:30;62,93
18.02.2025 23:45;61,77
19.02.2025 00:00;63,51
19.02.2025 00:15;63,8
19.02.2025 00:30;60,03
19.02.2025 00:45;64,09
19.02.2025 01:00;62,35
19.02.2025 01:15;62,06
19.02.2025 01:30;64,09
19.02.2025 01:45;60,32
19.02.2025 02:00;63,22
19.02.2025 02:15;63,8
19.02.2025 02:30;59,74
19.02.2025 02:45;64,4148
19.02.2025 03:00;62,6748
19.02.2025 03:15;63,2664
19.02.2025 03:30;63,8348
19.02.2025 03:45;61,8048
19.02.2025 04:00;64,1248
19.02.2025 04:15;64,1364
19.02.2025 04:30;60,6448
19.02.2025 04:45;64,9948
19.02.2025 05:00;71,6764
19.02.2025 05:15;82,1048
19.02.2025 05:30;99,7948
19.02.2025 05:45;118,3548
19.02.2025 06:00;133,4464
19.02.2025 06:15;162,4348
19.02.2025 06:30;211,1432
19.02.2025 06:45;228,2532
19.02.2025 07:00;207,0832
19.02.2025 07:15;193,4648
19.02.2025 07:30;219,2748
19.02.2025 07:45;232,3306
19.02.2025 08:00;259,3296
19.02.2025 08:15;234,8478
19.02.2025 08:30;214,9132
19.02.2025 08:45;176,0242
19.02.2025 09:00;217,6682
19.02.2025 09:15;235,5612
19.02.2025 09:30;221,3396
19.02.2025 09:45;202,1648
19.02.2025 10:00;216,5488
19.02.2025 10:15;221,0322
19.02.2025 10:30;206,0682
19.02.2025 10:45;184,1326
19.02.2025 11:00;189,1554
19.02.2025 11:15;199,897
19.02.2025 11:30;198,3194
19.02.2025 11:45;197,664
19.02.2025 12:00;192,0206
19.02.2025 12:15;165,271
19.02.2025 12:30;186,6498
19.02.2025 12:45;228,1024
19.02.2025 13:00;198,1744
19.02.2025 13:15;194,7988
19.02.2025 13:30;222,9984
19.02.2025 13:45;179,7246
19.02.2025 14:00;191,9858
19.02.2025 14:15;166,6688
19.02.2025 14:30;135,9056
19.02.2025 14:45;137,344
19.02.2025 15:00;132,6402
19.02.2025 15:15;129,1486
19.02.2025 15:30;111,0932
19.02.2025 15:45;105,821
19.02.2025 16:00;104,6146
19.02.2025 16:15;106,6852
19.02.2025 16:30;105,8326
19.02.2025 16:45;105,1018
19.02.2025 17:00;88,4152
19.02.2025 17:15;80,6316
19.02.2025 17:30;77,691
19.02.2025 17:45;77,8476
19.02.2025 18:00;60,3026
19.02.2025 18:15;66,7348
19.02.2025 18:30;65,8648
19.02.2025 18:45;61,5148
19.02.2025 19:00;66,4448
19.02.2025 19:15;65,2848
19.02.2025 19:30;63,2548
19.02.2025 19:45;78,9264
19.02.2025 20:00;71,3748
19.02.2025 20:15;63,8348
19.02.2025 20:30;69,0548
19.02.2025 20:45;76,0148
19.02.2025 21:00;64,7048
19.02.2025 21:15;68,7648
19.02.2025 21:30;68,7648
19.02.2025 21:45;66,1664
19.02.2025 22:00;66,4448
19.02.2025 22:15;68,4748
19.02.2025 22:30;65,83
19.02.2025 22:45;68,15
19.02.2025 23:00;66,12
19.02.2025 23:15;64,38
19.02.2025 23:30;62,35
19.02.2025 23:45;64,09
20.02.2025 00:00;63,8
20.02.2025 00:15;60,9
20.02.2025 00:30;63,22
20.02.2025 00:45;64,09
20.02.2025 01:00;58,87
20.02.2025 01:15;61,77
20.02.2025 01:30;62,64
20.02.2025 01:45;59,16
20.02.2025 02:00;62,35
20.02.2025 02:15;62,06
20.02.2025 02:30;63,22
20.02.2025 02:45;60,3548
20.02.2025 03:00;62,9648
20.02.2025 03:15;60,6564
20.02.2025 03:30;60,3548
20.02.2025 03:45;62,3848
20.02.2025 04:00;62,0948
20.02.2025 04:15;60,0648
20.02.2025 04:30;63,5448
20.02.2025 04:45;66,4448
20.02.2025 05:00;65,8764
20.02.2025 05:15;84,4248
20.02.2025 05:30;96,6048
20.02.2025 05:45;116,9048
20.02.2025 06:00;136,9148
20.02.2025 06:15;160,1148
20.02.2025 06:30;192,5948
20.02.2025 06:45;203,899
20.02.2025 07:00;190,8432
20.02.2025 07:15;220,1448
20.02.2025 07:30;227,969
20.02.2025 07:45;251,2792
20.02.2025 08:00;238,5308
20.02.2025 08:15;228,8506
20.02.2025 08:30;201,2194
20.02.2025 08:45;177,6018
20.02.2025 09:00;209,554
20.02.2025 09:15;227,5108
20.02.2025 09:30;220,458
20.02.2025 09:45;225,185
20.02.2025 10:00;222,6504
20.02.2025 10:15;197,0144
20.02.2025 10:30;202,8956
20.02.2025 10:45;195,518
20.02.2025 11:00;207,1296
20.02.2025 11:15;203,29
20.02.2025 11:30;195,692
20.02.2025 11:45;190,3618
20.02.2025 12:00;177,248
20.02.2025 12:15;147,1634
20.02.2025 12:30;175,6994
20.02.2025 12:45;212,2916
20.02.2025 13:00;194,2246
20.02.2025 13:15;191,8234
20.02.2025 13:30;179,2258
20.02.2025 13:45;194,6654
20.02.2025 14:00;181,2964
20.02.2025 14:15;151,8498
20.02.2025 14:30;131,2134
20.02.2025 14:45;127,5942
20.02.2025 15:00;129,9258
20.02.2025 15:15;118,1808
20.02.2025 15:30;102,4512
20.02.2025 15:45;88,6008
20.02.2025 16:00;98,223
20.02.2025 16:15;100,0442
20.02.2025 16:30;91,3326
20.02.2025 16:45;93,235
20.02.2025 17:00;82,824
20.02.2025 17:15;69,0722
20.02.2025 17:30;66,5666
20.02.2025 17:45;70,7948
20.02.2025 18:00;63,8348
20.02.2025 18:15;72,2448
20.02.2025 18:30;68,7648
20.02.2025 18:45;62,0948
20.02.2025 19:00;65,2848
20.02.2025 19:15;64,7048
20.02.2025 19:30;60,6448
20.02.2025 19:45;74,5648
20.02.2025 20:00;81,2232
20.02.2025 20:15;61,8048
20.02.2025 20:30;67,6048
20.02.2025 20:45;67,0248
20.02.2025 21:00;66,4564
20.02.2025 21:15;68,7648
20.02.2025 21:30;61,8048
20.02.2025 21:45;66,7348
20.02.2025 22:00;62,9648
20.02.2025 22:15;63,5448
20.02.2025 22:30;65,25
20.02.2025 22:45;61,19
20.02.2025 23:00;62,35
20.02.2025 23:15;60,61
20.02.2025 23:30;56,26
20.02.2025 23:45;62,93
21.02.2025 00:00;56,55
21.02.2025 00:15;59,16
21.02.2025 00:30;60,32
21.02.2025 00:45;56,26
21.02.2025 01:00;62,93
21.02.2025 01:15;58,87
21.02.2025 01:30;58
21.02.2025 01:45;60,03
21.02.2025 02:00;55,39
21.02.2025 02:15;61,19
21.02.2025 02:30;61,48
21.02.2025 02:45;57,7448
21.02.2025 03:00;62,6748
21.02.2025 03:15;56,8748
21.02.2025 03:30;59,7748
21.02.2025 03:45;60,3548
21.02.2025 04:00;56,8748
21.02.2025 04:15;61,5148
21.02.2025 04:30;57,4548
21.02.2025 04:45;60,6448
21.02.2025 05:00;67,3148
21.02.2025 05:15;78,6248
21.02.2025 05:30;99,2148
21.02.2025 05:45;116,9048
21.02.2025 06:00;134,8848
21.02.2025 06:15;180,1248
21.02.2025 06:30;213,469
21.02.2025 06:45;247,3816
21.02.2025 07:00;196,9332
21.02.2025 07:15;185,0432
21.02.2025 07:30;190,2516
21.02.2025 07:45;212,8948
21.02.2025 08:00;255,2812
21.02.2025 08:15;232,1102
21.02.2025 08:30;179,2896
21.02.2025 08:45;149,8662
21.02.2025 09:00;191,1564
21.02.2025 09:15;238,902
21.02.2025 09:30;217,21
21.02.2025 09:45;224,0888
21.02.2025 10:00;204,9662
21.02.2025 10:15;168,2986
21.02.2025 10:30;167,011
21.02.2025 10:45;201,753
21.02.2025 11:00;205,523
21.02.2025 11:15;209,7976
21.02.2025 11:30;165,8394
21.02.2025 11:45;202,6636
21.02.2025 12:00;163,4788
21.02.2025 12:15;138,2894
21.02.2025 12:30;107,1376
21.02.2025 12:45;96,7846
21.02.2025 13:00;93,438
21.02.2025 13:15;84,4422
21.02.2025 13:30;93,0204
21.02.2025 13:45;91,089
21.02.2025 14:00;88,2702
21.02.2025 14:15;88,9372
21.02.2025 14:30;94,3312
21.02.2025 14:45;91,2862
21.02.2025 15:00;91,64
21.02.2025 15:15;89,6738
21.02.2025 15:30;86,8666
21.02.2025 15:45;82,1106
21.02.2025 16:00;84,477
21.02.2025 16:15;86,5824
21.02.2025 16:30;63,365
21.02.2025 16:45;57,2228
21.02.2025 17:00;60,7086
21.02.2025 17:15;60,6448
21.02.2025 17:30;59,6124
21.02.2025 17:45;59,566
21.02.2025 18:00;60,5926
21.02.2025 18:15;64,1248
21.02.2025 18:30;60,3548
21.02.2025 18:45;60,9348
21.02.2025 19:00;63,5448
21.02.2025 19:15;58,0348
21.02.2025 19:30;61,7932
21.02.2025 19:45;62,0948
21.02.2025 20:00;59,1948
21.02.2025 20:15;57,4548
21.02.2025 20:30;60,0648
21.02.2025 20:45;62,9648
21.02.2025 21:00;58,3248
21.02.2025 21:15;64,1248
21.02.2025 21:30;62,9648
21.02.2025 21:45;59,7748
21.02.2025 22:00;61,5032
21.02.2025 22:15;61,2248
21.02.2025 22:30;60,32
21.02.2025 22:45;56,26
21.02.2025 23:00;60,32
21.02.2025 23:15;59,16
21.02.2025 23:30;54,23
21.02.2025 23:45;59,45
22.02.2025 00:00;58,87
22.02.2025 00:15;55,39
22.02.2025 00:30;56,84
22.02.2025 00:45;58,58
22.02.2025 01:00;58
22.02.2025 01:15;56,26
22.02.2025 01:30;61,19
22.02.2025 01:45;59,45
22.02.2025 02:00;55,97
22.02.2025 02:15;59,45
22.02.2025 02:30;59,74
22.02.2025 02:45;57,1648
22.02.2025 03:00;57,4548
22.02.2025 03:15;59,7748
22.02.2025 03:30;59,7748
22.02.2025 03:45;56,2948
22.02.2025 04:00;60,3548
22.02.2025 04:15;59,4848
22.02.2025 04:30;55,4248
22.02.2025 04:45;61,2248
22.02.2025 05:00;60,3548
22.02.2025 05:15;61,2132
22.02.2025 05:30;62,9648
22.02.2025 05:45;88,1948
22.02.2025 06:00;90,5148
22.02.2025 06:15;87,6148
22.02.2025 06:30;95,4448
22.02.2025 06:45;100,3748
22.02.2025 07:00;93,1248
22.02.2025 07:15;90,5148
22.02.2025 07:30;92,5448
22.02.2025 07:45;91,9532
22.02.2025 08:00;83,665
22.02.2025 08:15;86,9652
22.02.2025 08:30;86,2866
22.02.2025 08:45;79,0192
22.02.2025 09:00;83,4968
22.02.2025 09:15;87,1566
22.02.2025 09:30;85,7588
22.02.2025 09:45;82,7138
22.02.2025 10:00;83,1894
22.02.2025 10:15;81,7742
22.02.2025 10:30;79,547
22.02.2025 10:45;87,4408
22.02.2025 11:00;77,7316
22.02.2025 11:15;62,8024
22.02.2025 11:30;57,6462
22.02.2025 11:45;56,9792
22.02.2025 12:00;55,1696
22.02.2025 12:15;54,926
22.02.2025 12:30;57,4548
22.02.2025 12:45;58,7308
22.02.2025 13:00;52,3914
22.02.2025 13:15;56,9444
22.02.2025 13:30;56,956
22.02.2025 13:45;54,0618
22.02.2025 14:00;57,2808
22.02.2025 14:15;56,5558
22.02.2025 14:30;54,0386
22.02.2025 14:45;53,6152
22.02.2025 15:00;56,5384
22.02.2025 15:15;56,3992
22.02.2025 15:30;52,2406
22.02.2025 15:45;57,0314
22.02.2025 16:00;56,9096
22.02.2025 16:15;52,345
22.02.2025 16:30;55,361
22.02.2025 16:45;55,8424
22.02.2025 17:00;54,6534
22.02.2025 17:15;54,2068
22.02.2025 17:30;58,522
22.02.2025 17:45;55,8192
22.02.2025 18:00;51,9448
22.02.2025 18:15;58,0232
22.02.2025 18:30;58,9048
22.02.2025 18:45;57,1532
22.02.2025 19:00;58,3248
22.02.2025 19:15;60,9232
22.02.2025 19:30;60,0648
22.02.2025 19:45;55,1232
22.02.2025 20:00;59,1948
22.02.2025 20:15;59,7748
22.02.2025 20:30;55,9932
22.02.2025 20:45;60,6448
22.02.2025 21:00;60,0648
22.02.2025 21:15;57,7332
22.02.2025 21:30;56,5848
22.02.2025 21:45;58,6032
22.02.2025 22:00;58,3248
22.02.2025 22:15;53,9748
22.02.2025 22:30;59,74
22.02.2025 22:45;61,48
22.02.2025 23:00;55,39
22.02.2025 23:15;57,13
22.02.2025 23:30;57,71
22.02.2025 23:45;58,29
23.02.2025 00:00;55,39
23.02.2025 00:15;58,58
23.02.2025 00:30;59,45
23.02.2025 00:45;55,1
23.02.2025 01:00;59,45
23.02.2025 01:15;58,58
23.02.2025 01:30;56,84
23.02.2025 01:45;57,42
23.02.2025 02:00;58,87
23.02.2025 02:15;59,45
23.02.2025 02:30;56,26
23.02.2025 02:45;59,7748
23.02.2025 03:00;59,4848
23.02.2025 03:15;55,9932
23.02.2025 03:30;58,3248
23.02.2025 03:45;60,0648
23.02.2025 04:00;61,2132
23.02.2025 04:15;56,8748
23.02.2025 04:30;60,3548
23.02.2025 04:45;59,1948
23.02.2025 05:00;54,8332
23.02.2025 05:15;60,0648
23.02.2025 05:30;62,0948
23.02.2025 05:45;60,6332
23.02.2025 06:00;60,0648
23.02.2025 06:15;61,5148
23.02.2025 06:30;61,5148
23.02.2025 06:45;56,8632
23.02.2025 07:00;60,9348
23.02.2025 07:15;61,5148
23.02.2025 07:30;57,4432
23.02.2025 07:45;57,7448
23.02.2025 08:00;56,637
23.02.2025 08:15;55,9352
23.02.2025 08:30;52,3972
23.02.2025 08:45;55,9758
23.02.2025 09:00;56,6254
23.02.2025 09:15;53,2904
23.02.2025 09:30;57,6462
23.02.2025 09:45;55,7206
23.02.2025 10:00;54,3054
23.02.2025 10:15;52,171
23.02.2025 10:30;56,0338
23.02.2025 10:45;56,5616
23.02.2025 11:00;51,6548
23.02.2025 11:15;55,5176
23.02.2025 11:30;54,6824
23.02.2025 11:45;52,635
23.02.2025 12:00;52,0898
23.02.2025 12:15;55,0246
23.02.2025 12:30;55,129
23.02.2025 12:45;52,5132
23.02.2025 13:00;54,3344
23.02.2025 13:15;54,5026
23.02.2025 13:30;50,518
23.02.2025 13:45;53,041
23.02.2025 14:00;53,592
23.02.2025 14:15;53,0642
23.02.2025 14:30;51,7418
23.02.2025 14:45;55,2914
23.02.2025 15:00;53,5282
23.02.2025 15:15;50,9066
23.02.2025 15:30;53,36
23.02.2025 15:45;54,0328
23.02.2025 16:00;51,33
23.02.2025 16:15;55,0942
23.02.2025 16:30;55,912
23.02.2025 16:45;54,23
23.02.2025 17:00;52,1478
23.02.2025 17:15;55,1116
23.02.2025 17:30;54,81
23.02.2025 17:45;52,1942
23.02.2025 18:00;57,014
23.02.2025 18:15;58,0232
23.02.2025 18:30;56,0048
23.02.2025 18:45;56,8748
23.02.2025 19:00;60,0532
23.02.2025 19:15;59,7748
23.02.2025 19:30;55,7148
23.02.2025 19:45;59,4848
23.02.2025 20:00;60,0532
23.02.2025 20:15;57,7448
23.02.2025 20:30;58,9048
23.02.2025 20:45;59,7748
23.02.2025 21:00;60,3548
23.02.2025 21:15;53,6732
23.02.2025 21:30;58,6148
23.02.2025 21:45;58,9048
23.02.2025 22:00;55,4248
23.02.2025 22:15;58,6148
23.02.2025 22:30;58,58
23.02.2025 22:45;57,13
23.02.2025 23:00;54,81
23.02.2025 23:15;58,29
23.02.2025 23:30;60,03
23.02.2025 23:45;55,39
24.02.2025 00:00;59,74
24.02.2025 00:15;59,16
24.02.2025 00:30;56,55
24.02.2025 00:45;56,84
24.02.2025 01:00;59,16
24.02.2025 01:15;59,16
24.02.2025 01:30;56,26
24.02.2025 01:45;59,45
24.02.2025 02:00;59,45
24.02.2025 02:15;56,26
24.02.2025 02:30;57,71
24.02.2025 02:45;59,1948
24.02.2025 03:00;60,3432
24.02.2025 03:15;56,0048
24.02.2025 03:30;60,3548
24.02.2025 03:45;59,7748
24.02.2025 04:00;55,4248
24.02.2025 04:15;59,4848
24.02.2025 04:30;59,1948
24.02.2025 04:45;58,9048
24.02.2025 05:00;63,8348
24.02.2025 05:15;77,7548
24.02.2025 05:30;97,7532
24.02.2025 05:45;117,2006
24.02.2025 06:00;131,9848
24.02.2025 06:15;148,5032
24.02.2025 06:30;170,8216
24.02.2025 06:45;178,3732
24.02.2025 07:00;171,9932
24.02.2025 07:15;157,7948
24.02.2025 07:30;160,3932
24.02.2025 07:45;201,5906
24.02.2025 08:00;231,7854
24.02.2025 08:15;204,8676
24.02.2025 08:30;188,6276
24.02.2025 08:45;158,1022
24.02.2025 09:00;183,048
24.02.2025 09:15;243,3506
24.02.2025 09:30;244,0234
24.02.2025 09:45;239,8822
24.02.2025 10:00;229,9178
24.02.2025 10:15;228,491
24.02.2025 10:30;188,8132
24.02.2025 10:45;225,7244
24.02.2025 11:00;212,3786
24.02.2025 11:15;193,8708
24.02.2025 11:30;201,782
24.02.2025 11:45;193,8476
24.02.2025 12:00;173,7158
24.02.2025 12:15;148,016
24.02.2025 12:30;185,31
24.02.2025 12:45;247,7876
24.02.2025 13:00;201,8052
24.02.2025 13:15;234,4012
24.02.2025 13:30;194,3
24.02.2025 13:45;201,3122
24.02.2025 14:00;182,6884
24.02.2025 14:15;156,4318
24.02.2025 14:30;114,6892
24.02.2025 14:45;113,622
24.02.2025 15:00;117,653
24.02.2025 15:15;105,3628
24.02.2025 15:30;90,1494
24.02.2025 15:45;88,8676
24.02.2025 16:00;87,087
24.02.2025 16:15;85,985
24.02.2025 16:30;69,2346
24.02.2025 16:45;59,6066
24.02.2025 17:00;63,0866
24.02.2025 17:15;57,739
24.02.2025 17:30;78,4972
24.02.2025 17:45;77,6562
24.02.2025 18:00;71,9432
24.02.2025 18:15;62,6748
24.02.2025 18:30;65,8532
24.02.2025 18:45;63,2548
24.02.2025 19:00;62,6632
24.02.2025 19:15;64,7048
24.02.2025 19:30;64,9832
24.02.2025 19:45;60,9348
24.02.2025 20:00;63,2432
24.02.2025 20:15;66,7348
24.02.2025 20:30;78,9032
24.02.2025 20:45;86,4548
24.02.2025 21:00;71,6532
24.02.2025 21:15;64,7048
24.02.2025 21:30;64,4032
24.02.2025 21:45;66,4448
24.02.2025 22:00;63,2432
24.02.2025 22:15;64,7048
24.02.2025 22:30;60,32
24.02.2025 22:45;58,58
24.02.2025 23:00;60,9
24.02.2025 23:15;55,39
24.02.2025 23:30;60,03
24.02.2025 23:45;55,97
25.02.2025 00:00;59,16
25.02.2025 00:15;60,9
25.02.2025 00:30;56,55
25.02.2025 00:45;60,9
25.02.2025 01:00;56,26
25.02.2025 01:15;59,16
25.02.2025 01:30;58,87
25.02.2025 01:45;56,84
25.02.2025 02:00;60,32
25.02.2025 02:15;55,1
25.02.2025 02:30;59,74
25.02.2025 02:45;59,7748
25.02.2025 03:00;60,3548
25.02.2025 03:15;60,3432
25.02.2025 03:30;55,4248
25.02.2025 03:45;60,6332
25.02.2025 04:00;58,3248
25.02.2025 04:15;58,3248
25.02.2025 04:30;59,4732
25.02.2025 04:45;58,3248
25.02.2025 05:00;67,3032
25.02.2025 05:15;76,5948
25.02.2025 05:30;98,3448
25.02.2025 05:45;116,8932
25.02.2025 06:00;134,0032
25.02.2025 06:15;147,6448
25.02.2025 06:30;183,8832
25.02.2025 06:45;187,0848
25.02.2025 07:00;194,9148
25.02.2025 07:15;178,3616
25.02.2025 07:30;183,8774
25.02.2025 07:45;209,3162
25.02.2025 08:00;204,5022
25.02.2025 08:15;187,0152
25.02.2025 08:30;184,1558
25.02.2025 08:45;145,5974
25.02.2025 09:00;176,117
25.02.2025 09:15;222,8244
25.02.2025 09:30;229,941
25.02.2025 09:45;206,8048
25.02.2025 10:00;239,453
25.02.2025 10:15;246,8886
25.02.2025 10:30;187,0442
25.02.2025 10:45;169,9806
25.02.2025 11:00;197,7278
25.02.2025 11:15;207,988
25.02.2025 11:30;179,9798
25.02.2025 11:45;171,3784
25.02.2025 12:00;164,082
25.02.2025 12:15;140,041
25.02.2025 12:30;181,9808
25.02.2025 12:45;197,7162
25.02.2025 13:00;172,1208
25.02.2025 13:15;164,9636
25.02.2025 13:30;166,3904
25.02.2025 13:45;168,2522
25.02.2025 14:00;169,8008
25.02.2025 14:15;146,4036
25.02.2025 14:30;117,9662
25.02.2025 14:45;118,639
25.02.2025 15:00;122,1712
25.02.2025 15:15;117,3282
25.02.2025 15:30;96,976
25.02.2025 15:45;93,7686
25.02.2025 16:00;89,1112
25.02.2025 16:15;89,1518
25.02.2025 16:30;84,3262
25.02.2025 16:45;65,3602
25.02.2025 17:00;66,9842
25.02.2025 17:15;68,9562
25.02.2025 17:30;63,7072
25.02.2025 17:45;60,7376
25.02.2025 18:00;62,7966
25.02.2025 18:15;65,2848
25.02.2025 18:30;61,5148
25.02.2025 18:45;64,9832
25.02.2025 19:00;64,1248
25.02.2025 19:15;63,2548
25.02.2025 19:30;61,2132
25.02.2025 19:45;71,3748
25.02.2025 20:00;77,7548
25.02.2025 20:15;72,2448
25.02.2025 20:30;62,9532
25.02.2025 20:45;68,4748
25.02.2025 21:00;67,8948
25.02.2025 21:15;60,0532
25.02.2025 21:30;64,4148
25.02.2025 21:45;61,5148
25.02.2025 22:00;61,5148
25.02.2025 22:15;63,5332
25.02.2025 22:30;61,77
25.02.2025 22:45;60,61
25.02.2025 23:00;58,58
25.02.2025 23:15;54,81
25.02.2025 23:30;59,45
25.02.2025 23:45;56,84
26.02.2025 00:00;60,03
26.02.2025 00:15;60,03
26.02.2025 00:30;56,55
26.02.2025 00:45;60,61
26.02.2025 01:00;59,16
26.02.2025 01:15;56,55
26.02.2025 01:30;60,32
26.02.2025 01:45;56,26
26.02.2025 02:00;61,48
26.02.2025 02:15;62,93
26.02.2025 02:30;56,84
26.02.2025 02:45;59,7748
26.02.2025 03:00;58,0232
26.02.2025 03:15;58,3248
26.02.2025 03:30;60,9348
26.02.2025 03:45;56,5848
26.02.2025 04:00;60,9232
26.02.2025 04:15;61,2248
26.02.2025 04:30;55,7148
26.02.2025 04:45;60,9348
26.02.2025 05:00;63,5332
26.02.2025 05:15;78,3348
26.02.2025 05:30;103,2748
26.02.2025 05:45;111,6732
26.02.2025 06:00;127,3448
26.02.2025 06:15;167,0632
26.02.2025 06:30;185,919
26.02.2025 06:45;232,8932
26.02.2025 07:00;189,979
26.02.2025 07:15;155,1732
26.02.2025 07:30;169,3948
26.02.2025 07:45;226,8612
26.02.2025 08:00;204,8096
26.02.2025 08:15;200,216
26.02.2025 08:30;182,0678
26.02.2025 08:45;162,2434
26.02.2025 09:00;201,5326
26.02.2025 09:15;228,2996
26.02.2025 09:30;190,2226
26.02.2025 09:45;179,6492
26.02.2025 10:00;178,8952
26.02.2025 10:15;183,6164
26.02.2025 10:30;194,5262
26.02.2025 10:45;158,5662
26.02.2025 11:00;163,5484
26.02.2025 11:15;173,942
26.02.2025 11:30;171,564
26.02.2025 11:45;190,3734
26.02.2025 12:00;164,691
26.02.2025 12:15;141,5316
26.02.2025 12:30;173,2228
26.02.2025 12:45;208,2606
26.02.2025 13:00;200,187
26.02.2025 13:15;209,7686
26.02.2025 13:30;208,742
26.02.2025 13:45;186,586
26.02.2025 14:00;181,9924
26.02.2025 14:15;170,8622
26.02.2025 14:30;123,1398
26.02.2025 14:45;128,9456
26.02.2025 15:00;142,1116
26.02.2025 15:15;124,9842
26.02.2025 15:30;92,5158
26.02.2025 15:45;92,9798
26.02.2025 16:00;89,3026
26.02.2025 16:15;93,032
26.02.2025 16:30;90,5902
26.02.2025 16:45;91,727
26.02.2025 17:00;68,4458
26.02.2025 17:15;64,7164
26.02.2025 17:30;60,929
26.02.2025 17:45;61,3234
26.02.2025 18:00;63,7942
26.02.2025 18:15;60,4244
26.02.2025 18:30;66,7232
26.02.2025 18:45;69,6348
26.02.2025 19:00;61,2248
26.02.2025 19:15;64,9832
26.02.2025 19:30;60,9348
26.02.2025 19:45;72,8248
26.02.2025 20:00;74,8548
26.02.2025 20:15;71,6532
26.02.2025 20:30;62,9648
26.02.2025 20:45;69,3448
26.02.2025 21:00;70,7948
26.02.2025 21:15;63,5448
26.02.2025 21:30;68,1732
26.02.2025 21:45;62,6748
26.02.2025 22:00;67,8948
26.02.2025 22:15;66,4448
26.02.2025 22:30;65,25
26.02.2025 22:45;63,8
26.02.2025 23:00;57,71
26.02.2025 23:15;61,77
26.02.2025 23:30;60,03
26.02.2025 23:45;60,03
27.02.2025 00:00;61,77
27.02.2025 00:15;58,29
27.02.2025 00:30;61,77
27.02.2025 00:45;59,74
27.02.2025 01:00;61,77
27.02.2025 01:15;61,77
27.02.2025 01:30;59,45
27.02.2025 01:45;63,22
27.02.2025 02:00;58,87
27.02.2025 02:15;62,06
27.02.2025 02:30;58,29
27.02.2025 02:45;60,3548
27.02.2025 03:00;61,8048
27.02.2025 03:15;56,5848
27.02.2025 03:30;61,8048
27.02.2025 03:45;56,2948
27.02.2025 04:00;61,5148
27.02.2025 04:15;60,9232
27.02.2025 04:30;58,6148
27.02.2025 04:45;63,2548
27.02.2025 05:00;63,8348
27.02.2025 05:15;81,2348
27.02.2025 05:30;94,2848
27.02.2025 05:45;116,6148
27.02.2025 06:00;126,1732
27.02.2025 06:15;145,3248
27.02.2025 06:30;166,199
27.02.2025 06:45;176,0648
27.02.2025 07:00;178,0832
27.02.2025 07:15;150,8348
27.02.2025 07:30;166,779
27.02.2025 07:45;176,5578
27.02.2025 08:00;195,3092
27.02.2025 08:15;194,9322
27.02.2025 08:30;188,8248
27.02.2025 08:45;161,8954
27.02.2025 09:00;187,0906
27.02.2025 09:15;234,9174
27.02.2025 09:30;213,8692
27.02.2025 09:45;228,6302
27.02.2025 10:00;233,9198
27.02.2025 10:15;226,954
27.02.2025 10:30;175,4268
27.02.2025 10:45;167,8462
27.02.2025 11:00;233,972
27.02.2025 11:15;200,448
27.02.2025 11:30;240,3926
27.02.2025 11:45;233,4268
27.02.2025 12:00;171,3088
27.02.2025 12:15;140,273
27.02.2025 12:30;187,4676
27.02.2025 12:45;258,7554
27.02.2025 13:00;216,8214
27.02.2025 13:15;225,2662
27.02.2025 13:30;206,7816
27.02.2025 13:45;177,3118
27.02.2025 14:00;174,9918
27.02.2025 14:15;152,0818
27.02.2025 14:30;112,9956
27.02.2025 14:45;114,4862
27.02.2025 15:00;114,6602
27.02.2025 15:15;112,375
27.02.2025 15:30;99,5396
27.02.2025 15:45;91,0774
27.02.2025 16:00;97,9794
27.02.2025 16:15;99,1162
27.02.2025 16:30;102,5498
27.02.2025 16:45;96,3032
27.02.2025 17:00;86,7506
27.02.2025 17:15;92,2606
27.02.2025 17:30;93,1132
27.02.2025 17:45;82,9748
27.02.2025 18:00;86,7332
27.02.2025 18:15;91,3848
27.02.2025 18:30;89,6332
27.02.2025 18:45;80,9448
27.02.2025 19:00;64,6932
27.02.2025 19:15;68,7648
27.02.2025 19:30;69,9132
27.02.2025 19:45;79,2048
27.02.2025 20:00;74,8548
27.02.2025 20:15;69,9132
27.02.2025 20:30;65,8648
27.02.2025 20:45;72,5232
27.02.2025 21:00;73,1148
27.02.2025 21:15;66,7348
27.02.2025 21:30;69,0432
27.02.2025 21:45;65,2848
27.02.2025 22:00;69,6232
27.02.2025 22:15;68,7648
27.02.2025 22:30;64,67
27.02.2025 22:45;65,25
27.02.2025 23:00;61,77
27.02.2025 23:15;62,64
27.02.2025 23:30;65,54
27.02.2025 23:45;59,45
28.02.2025 00:00;63,8
28.02.2025 00:15;62,06
28.02.2025 00:30;61,48
28.02.2025 00:45;64,38
28.02.2025 01:00;60,61
28.02.2025 01:15;63,8
28.02.2025 01:30;63,8
28.02.2025 01:45;60,03
28.02.2025 02:00;63,51
28.02.2025 02:15;60,03
28.02.2025 02:30;63,22
28.02.2025 02:45;63,8232
28.02.2025 03:00;60,0648
28.02.2025 03:15;62,9648
28.02.2025 03:30;60,6332
28.02.2025 03:45;62,6748
28.02.2025 04:00;64,4148
28.02.2025 04:15;59,4732
28.02.2025 04:30;63,5448
28.02.2025 04:45;63,8348
28.02.2025 05:00;64,9832
28.02.2025 05:15;85,8748
28.02.2025 05:30;98,3332
28.02.2025 05:45;118,0648
28.02.2025 06:00;126,7648
28.02.2025 06:15;150,5332
28.02.2025 06:30;175,74
28.02.2025 06:45;179,8406
28.02.2025 07:00;176,3432
28.02.2025 07:15;159,529
28.02.2025 07:30;211,7116
28.02.2025 07:45;204,5312
28.02.2025 08:00;218,805
28.02.2025 08:15;201,5848
28.02.2025 08:30;172,3934
28.02.2025 08:45;140,1454
28.02.2025 09:00;179,2664
28.02.2025 09:15;248,6112
28.02.2025 09:30;179,4694
28.02.2025 09:45;199,1952
28.02.2025 10:00;213,73
28.02.2025 10:15;207,9126
28.02.2025 10:30;173,8202
28.02.2025 10:45;194,9206
28.02.2025 11:00;173,0952
28.02.2025 11:15;164,894
28.02.2025 11:30;160,051
28.02.2025 11:45;180,583
28.02.2025 12:00;180,3684
28.02.2025 12:15;138,823
28.02.2025 12:30;105,3106
28.02.2025 12:45;104,2318
28.02.2025 13:00;94,3196
28.02.2025 13:15;97,7532
28.02.2025 13:30;93,2872
28.02.2025 13:45;84,4944
28.02.2025 14:00;88,044
28.02.2025 14:15;73,167
28.02.2025 14:30;74,5184
28.02.2025 14:45;74,5416
28.02.2025 15:00;70,3888
28.02.2025 15:15;71,8968
28.02.2025 15:30;69,9132
28.02.2025 15:45;67,425
28.02.2025 16:00;67,889
28.02.2025 16:15;65,076
28.02.2025 16:30;61,6598
28.02.2025 16:45;63,1736
28.02.2025 17:00;55,3088
28.02.2025 17:15;61,2248
28.02.2025 17:30;59,276
28.02.2025 17:45;55,0768
28.02.2025 18:00;60,2504
28.02.2025 18:15;55,5002
28.02.2025 18:30;60,0648
28.02.2025 18:45;62,3732
28.02.2025 19:00;58,3132
28.02.2025 19:15;62,9648
28.02.2025 19:30;58,8932
28.02.2025 19:45;59,4848
28.02.2025 20:00;61,7932
28.02.2025 20:15;59,4848
28.02.2025 20:30;64,6932
28.02.2025 20:45;63,5448
28.02.2025 21:00;64,1248
28.02.2025 21:15;64,6932
28.02.2025 21:30;62,0948
28.02.2025 21:45;65,2732
28.02.2025 22:00;62,6748
28.02.2025 22:15;62,6632
28.02.2025 22:30;66,41
28.02.2025 22:45;57,42
28.02.2025 23:00;59,45
28.02.2025 23:15;58,87
28.02.2025 23:30;58,58
28.02.2025 23:45;61,48
01.03.2025 00:00;56,84
01.03.2025 00:15;60,61
01.03.2025 00:30;62,64
01.03.2025 00:45;56,84
01.03.2025 01:00;61,19
01.03.2025 01:15;59,74
01.03.2025 01:30;58,29
01.03.2025 01:45;60,9
01.03.2025 02:00;57,13
01.03.2025 02:15;60,03
01.03.2025 02:30;60,9
01.03.2025 02:45;56,2948
01.03.2025 03:00;61,2132
01.03.2025 03:15;59,7748
01.03.2025 03:30;58,6148
01.03.2025 03:45;60,9232
01.03.2025 04:00;57,7448
01.03.2025 04:15;60,9348
01.03.2025 04:30;60,3432
01.03.2025 04:45;57,1648
01.03.2025 05:00;61,5148
01.03.2025 05:15;63,8232
01.03.2025 05:30;64,7048
01.03.2025 05:45;71,0848
01.03.2025 06:00;86,1532
01.03.2025 06:15;89,9348
01.03.2025 06:30;97,4748
01.03.2025 06:45;100,0732
01.03.2025 07:00;97,1848
01.03.2025 07:15;91,0948
01.03.2025 07:30;92,249
01.03.2025 07:45;90,2422
01.03.2025 08:00;115,5476
01.03.2025 08:15;111,4006
01.03.2025 08:30;107,8278
01.03.2025 08:45;84,2334
01.03.2025 09:00;83,2996
01.03.2025 09:15;119,248
01.03.2025 09:30;117,6472
01.03.2025 09:45;107,59
01.03.2025 10:00;86,2228
01.03.2025 10:15;84,593
01.03.2025 10:30;95,1316
01.03.2025 10:45;105,0554
01.03.2025 11:00;73,1612
01.03.2025 11:15;69,3274
01.03.2025 11:30;61,3176
01.03.2025 11:45;56,2716
01.03.2025 12:00;58,3364
01.03.2025 12:15;53,4238
01.03.2025 12:30;57,2112
01.03.2025 12:45;57,855
01.03.2025 13:00;55,3726
01.03.2025 13:15;59,7574
01.03.2025 13:30;56,1672
01.03.2025 13:45;58,9686
01.03.2025 14:00;58,899
01.03.2025 14:15;53,5108
01.03.2025 14:30;57,2924
01.03.2025 14:45;53,7138
01.03.2025 15:00;57,3736
01.03.2025 15:15;58,1856
01.03.2025 15:30;54,4794
01.03.2025 15:45;59,0904
01.03.2025 16:00;54,9956
01.03.2025 16:15;58,9164
01.03.2025 16:30;58,87
01.03.2025 16:45;53,7196
01.03.2025 17:00;58,1682
01.03.2025 17:15;56,26
01.03.2025 17:30;57,826
01.03.2025 17:45;59,711
01.03.2025 18:00;55,883
01.03.2025 18:15;60,523
01.03.2025 18:30;57,4548
01.03.2025 18:45;60,6332
01.03.2025 19:00;62,6748
01.03.2025 19:15;59,4732
01.03.2025 19:30;64,7048
01.03.2025 19:45;61,5032
01.03.2025 20:00;62,9648
01.03.2025 20:15;64,6932
01.03.2025 20:30;60,9348
01.03.2025 20:45;65,2732
01.03.2025 21:00;65,5748
01.03.2025 21:15;59,1832
01.03.2025 21:30;62,9648
01.03.2025 21:45;60,6448
01.03.2025 22:00;62,0832
01.03.2025 22:15;63,8348
01.03.2025 22:30;61,48
01.03.2025 22:45;63,8
01.03.2025 23:00;62,35
01.03.2025 23:15;60,32
01.03.2025 23:30;63,22
01.03.2025 23:45;58,87
02.03.2025 00:00;63,22
02.03.2025 00:15;63,51
02.03.2025 00:30;59,74
02.03.2025 00:45;64,09
02.03.2025 01:00;60,9
02.03.2025 01:15;61,19
02.03.2025 01:30;63,22
02.03.2025 01:45;59,16
02.03.2025 02:00;62,93
02.03.2025 02:15;63,22
02.03.2025 02:30;59,74
02.03.2025 02:45;63,8348
02.03.2025 03:00;59,4732
02.03.2025 03:15;62,6748
02.03.2025 03:30;63,5332
02.03.2025 03:45;58,9048
02.03.2025 04:00;63,8348
02.03.2025 04:15;61,7932
02.03.2025 04:30;60,9348
02.03.2025 04:45;65,8532
02.03.2025 05:00;60,0648
02.03.2025 05:15;64,4148
02.03.2025 05:30;65,2732
02.03.2025 05:45;60,9348
02.03.2025 06:00;64,9832
02.03.2025 06:15;63,5448
02.03.2025 06:30;63,2548
02.03.2025 06:45;64,6932
02.03.2025 07:00;60,9348
02.03.2025 07:15;62,9648
02.03.2025 07:30;62,2746
02.03.2025 07:45;57,5302
02.03.2025 08:00;61,364
02.03.2025 08:15;57,6578
02.03.2025 08:30;58,9512
02.03.2025 08:45;60,7434
02.03.2025 09:00;56,2832
02.03.2025 09:15;59,972
02.03.2025 09:30;59,0324
02.03.2025 09:45;56,9386
02.03.2025 10:00;59,4848
02.03.2025 10:15;55,5234
02.03.2025 10:30;59,4326
02.03.2025 10:45;60,32
02.03.2025 11:00;54,781
02.03.2025 11:15;57,9884
02.03.2025 11:30;53,5978
02.03.2025 11:45;56,3238
02.03.2025 12:00;57,362
02.03.2025 12:15;52,8438
02.03.2025 12:30;56,7008
02.03.2025 12:45;55,5988
02.03.2025 13:00;53,8414
02.03.2025 13:15;56,1962
02.03.2025 13:30;51,968
02.03.2025 13:45;56,5384
02.03.2025 14:00;55,0246
02.03.2025 14:15;54,4968
02.03.2025 14:30;56,5906
02.03.2025 14:45;52,3624
02.03.2025 15:00;55,9236
02.03.2025 15:15;54,3054
02.03.2025 15:30;54,5664
02.03.2025 15:45;57,6462
02.03.2025 16:00;52,925
02.03.2025 16:15;56,5906
02.03.2025 16:30;55,2566
02.03.2025 16:45;55,2392
02.03.2025 17:00;58,145
02.03.2025 17:15;54,3286
02.03.2025 17:30;60,6738
02.03.2025 17:45;57,6288
02.03.2025 18:00;56,695
02.03.2025 18:15;60,291
02.03.2025 18:30;55,7902
02.03.2025 18:45;62,0948
02.03.2025 19:00;62,9648
02.03.2025 19:15;60,9464
02.03.2025 19:30;63,2548
02.03.2025 19:45;58,9048
02.03.2025 20:00;62,9648
02.03.2025 20:15;62,9764
02.03.2025 20:30;58,6148
02.03.2025 20:45;62,9648
02.03.2025 21:00;58,9048
02.03.2025 21:15;60,3664
02.03.2025 21:30;64,1248
02.03.2025 21:45;60,3548
02.03.2025 22:00;62,9764
02.03.2025 22:15;61,5148
02.03.2025 22:30;61,48
02.03.2025 22:45;63,22
02.03.2025 23:00;58,58
02.03.2025 23:15;63,22
02.03.2025 23:30;64,67
02.03.2025 23:45;59,74
03.03.2025 00:00;63,51
03.03.2025 00:15;64,96
03.03.2025 00:30;62,35
03.03.2025 00:45;62,93
03.03.2025 01:00;59,45
03.03.2025 01:15;62,93
03.03.2025 01:30;62,06
03.03.2025 01:45;61,48
03.03.2025 02:00;62,93
03.03.2025 02:15;60,03
03.03.2025 02:30;64,38
03.03.2025 02:45;63,5448
03.03.2025 03:00;59,4964
03.03.2025 03:15;64,4148
03.03.2025 03:30;61,8048
03.03.2025 03:45;62,1064
03.03.2025 04:00;64,7048
03.03.2025 04:15;60,9464
03.03.2025 04:30;65,5748
03.03.2025 04:45;64,1248
03.03.2025 05:00;61,5264
03.03.2025 05:15;68,4748
03.03.2025 05:30;80,9448
03.03.2025 05:45;114,5964
03.03.2025 06:00;125,8948
03.03.2025 06:15;146,1832
03.03.2025 06:30;172,289
03.03.2025 06:45;181,8648
03.03.2025 07:00;181,2732
03.03.2025 07:15;174,9222
03.03.2025 07:30;172,898
03.03.2025 07:45;208,6956
03.03.2025 08:00;203,4698
03.03.2025 08:15;212,106
03.03.2025 08:30;175,9604
03.03.2025 08:45;149,4196
03.03.2025 09:00;185,8552
03.03.2025 09:15;230,8052
03.03.2025 09:30;211,091
03.03.2025 09:45;202,3678
03.03.2025 10:00;226,8496
03.03.2025 10:15;218,7064
03.03.2025 10:30;200,9642
03.03.2025 10:45;168,0376
03.03.2025 11:00;161,3386
03.03.2025 11:15;164,6272
03.03.2025 11:30;198,2034
03.03.2025 11:45;224,2976
03.03.2025 12:00;176,3142
03.03.2025 12:15;145,8236
03.03.2025 12:30;176,9464
03.03.2025 12:45;185,0838
03.03.2025 13:00;199,1372
03.03.2025 13:15;196,8694
03.03.2025 13:30;199,2358
03.03.2025 13:45;171,941
03.03.2025 14:00;163,0322
03.03.2025 14:15;143,6776
03.03.2025 14:30;113,9062
03.03.2025 14:45;113,5234
03.03.2025 15:00;108,3266
03.03.2025 15:15;84,7554
03.03.2025 15:30;78,6422
03.03.2025 15:45;68,9214
03.03.2025 16:00;72,1346
03.03.2025 16:15;69,7798
03.03.2025 16:30;68,9272
03.03.2025 16:45;73,1264
03.03.2025 17:00;67,657
03.03.2025 17:15;67,8252
03.03.2025 17:30;66,6478
03.03.2025 17:45;61,7468
03.03.2025 18:00;60,6796
03.03.2025 18:15;59,334
03.03.2025 18:30;63,0808
03.03.2025 18:45;59,4964
03.03.2025 19:00;64,1248
03.03.2025 19:15;65,5748
03.03.2025 19:30;69,9248
03.03.2025 19:45;86,4664
03.03.2025 20:00;88,4848
03.03.2025 20:15;72,8248
03.03.2025 20:30;71,0964
03.03.2025 20:45;72,8248
03.03.2025 21:00;74,2748
03.03.2025 21:15;72,5464
03.03.2025 21:30;66,4448
03.03.2025 21:45;70,5048
03.03.2025 22:00;65,2964
03.03.2025 22:15;70,2148
03.03.2025 22:30;69,6
03.03.2025 22:45;66,7
03.03.2025 23:00;66,41
03.03.2025 23:15;62,35
03.03.2025 23:30;62,93
03.03.2025 23:45;64,67
04.03.2025 00:00;61,19
04.03.2025 00:15;64,67
04.03.2025 00:30;64,38
04.03.2025 00:45;61,19
04.03.2025 01:00;64,38
04.03.2025 01:15;62,06
04.03.2025 01:30;62,06
04.03.2025 01:45;64,67
04.03.2025 02:00;60,03
04.03.2025 02:15;65,25
04.03.2025 02:30;65,54
04.03.2025 02:45;61,2248
04.03.2025 03:00;64,1364
04.03.2025 03:15;64,7048
04.03.2025 03:30;60,9348
04.03.2025 03:45;63,2664
04.03.2025 04:00;62,6748
04.03.2025 04:15;64,1248
04.03.2025 04:30;63,5564
04.03.2025 04:45;61,5148
04.03.2025 05:00;70,5048
04.03.2025 05:15;83,2764
04.03.2025 05:30;100,6648
04.03.2025 05:45;122,7164
04.03.2025 06:00;133,4348
04.03.2025 06:15;158,3748
04.03.2025 06:30;197,2348
04.03.2025 06:45;190,8548
04.03.2025 07:00;183,6048
04.03.2025 07:15;166,7906
04.03.2025 07:30;177,9846
04.03.2025 07:45;222,691
04.03.2025 08:00;216,427
04.03.2025 08:15;195,4716
04.03.2025 08:30;196,243
04.03.2025 08:45;163,4034
04.03.2025 09:00;168,9192
04.03.2025 09:15;161,5474
04.03.2025 09:30;159,6682
04.03.2025 09:45;162,777
04.03.2025 10:00;157,5802
04.03.2025 10:15;178,7444
04.03.2025 10:30;193,8476
04.03.2025 10:45;188,9524
04.03.2025 11:00;187,0848
04.03.2025 11:15;197,403
04.03.2025 11:30;186,1104
04.03.2025 11:45;191,0462
04.03.2025 12:00;172,2716
04.03.2025 12:15;143,7356
04.03.2025 12:30;166,7732
04.03.2025 12:45;200,8366
04.03.2025 13:00;197,1594
04.03.2025 13:15;191,1158
04.03.2025 13:30;184,2138
04.03.2025 13:45;185,8668
04.03.2025 14:00;172,463
04.03.2025 14:15;149,872
04.03.2025 14:30;126,5618
04.03.2025 14:45;134,038
04.03.2025 15:00;141,1836
04.03.2025 15:15;131,2424
04.03.2025 15:30;109,9448
04.03.2025 15:45;96,5352
04.03.2025 16:00;75,3536
04.03.2025 16:15;72,0592
04.03.2025 16:30;69,745
04.03.2025 16:45;72,6856
04.03.2025 17:00;67,9702
04.03.2025 17:15;66,6652
04.03.2025 17:30;65,8706
04.03.2025 17:45;67,8426
04.03.2025 18:00;67,7846
04.03.2025 18:15;66,5144
04.03.2025 18:30;66,9842
04.03.2025 18:45;67,0248
04.03.2025 19:00;70,7948
04.03.2025 19:15;70,2148
04.03.2025 19:30;69,0664
04.03.2025 19:45;81,2348
04.03.2025 20:00;87,6148
04.03.2025 20:15;77,7664
04.03.2025 20:30;69,0548
04.03.2025 20:45;72,2448
04.03.2025 21:00;73,4164
04.03.2025 21:15;73,4048
04.03.2025 21:30;70,7948
04.03.2025 21:45;73,1264
04.03.2025 22:00;69,9248
04.03.2025 22:15;71,0848
04.03.2025 22:30;70,76
04.03.2025 22:45;71,63
04.03.2025 23:00;65,25
04.03.2025 23:15;65,25
04.03.2025 23:30;65,83
04.03.2025 23:45;64,96
05.03.2025 00:00;63,8
05.03.2025 00:15;64,96
05.03.2025 00:30;66,99
05.03.2025 00:45;63,22
05.03.2025 01:00;63,22
05.03.2025 01:15;65,25
05.03.2025 01:30;64,09
05.03.2025 01:45;62,93
05.03.2025 02:00;64,96
05.03.2025 02:15;65,54
05.03.2025 02:30;64,96
05.03.2025 02:45;64,7048
05.03.2025 03:00;65,0064
05.03.2025 03:15;63,8348
05.03.2025 03:30;62,6748
05.03.2025 03:45;65,5748
05.03.2025 04:00;64,7164
05.03.2025 04:15;63,8348
05.03.2025 04:30;63,8348
05.03.2025 04:45;69,3564
05.03.2025 05:00;70,2148
05.03.2025 05:15;86,1648
05.03.2025 05:30;104,4348
05.03.2025 05:45;125,0364
05.03.2025 06:00;138,6548
05.03.2025 06:15;164,1748
05.03.2025 06:30;199,8448
05.03.2025 06:45;211,7348
05.03.2025 07:00;212,0248
05.03.2025 07:15;182,4854
05.03.2025 07:30;195,5818
05.03.2025 07:45;190,269
05.03.2025 08:00;195,2686
05.03.2025 08:15;187,6532
05.03.2025 08:30;183,773
05.03.2025 08:45;164,0124
05.03.2025 09:00;179,6144
05.03.2025 09:15;199,984
05.03.2025 09:30;204,9372
05.03.2025 09:45;206,9266
05.03.2025 10:00;201,0628
05.03.2025 10:15;201,1556
05.03.2025 10:30;194,1202
05.03.2025 10:45;188,2158
05.03.2025 11:00;187,2936
05.03.2025 11:15;199,172
05.03.2025 11:30;197,8902
05.03.2025 11:45;206,3524
05.03.2025 12:00;200,8308
05.03.2025 12:15;156,7914
05.03.2025 12:30;176,0706
05.03.2025 12:45;220,4986
05.03.2025 13:00;232,0232
05.03.2025 13:15;221,2526
05.03.2025 13:30;203,9164
05.03.2025 13:45;206,3118
05.03.2025 14:00;196,3474
05.03.2025 14:15;173,2924
05.03.2025 14:30;147,958
05.03.2025 14:45;146,45
05.03.2025 15:00;148,393
05.03.2025 15:15;146,479
05.03.2025 15:30;123,4008
05.03.2025 15:45;127,629
05.03.2025 16:00;122,1538
05.03.2025 16:15;118,4128
05.03.2025 16:30;117,8908
05.03.2025 16:45;117,537
05.03.2025 17:00;114,7066
05.03.2025 17:15;93,1074
05.03.2025 17:30;58,928
05.03.2025 17:45;62,553
05.03.2025 18:00;61,7816
05.03.2025 18:15;59,3746
05.03.2025 18:30;63,3012
05.03.2025 18:45;63,5448
05.03.2025 19:00;61,8048
05.03.2025 19:15;77,1864
05.03.2025 19:30;72,5348
05.03.2025 19:45;63,2548
05.03.2025 20:00;69,6464
05.03.2025 20:15;73,4048
05.03.2025 20:30;63,2548
05.03.2025 20:45;68,4864
05.03.2025 21:00;68,7648
05.03.2025 21:15;63,5448
05.03.2025 21:30;67,9064
05.03.2025 21:45;67,0248
05.03.2025 22:00;62,6748
05.03.2025 22:15;66,7464
05.03.2025 22:30;68,44
05.03.2025 22:45;62,93
05.03.2025 23:00;61,19
05.03.2025 23:15;60,61
05.03.2025 23:30;54,52
05.03.2025 23:45;62,06
06.03.2025 00:00;60,9
06.03.2025 00:15;57,42
06.03.2025 00:30;60,9
06.03.2025 00:45;60,61
06.03.2025 01:00;60,03
06.03.2025 01:15;59,45
06.03.2025 01:30;62,06
06.03.2025 01:45;60,9
06.03.2025 02:00;59,16
06.03.2025 02:15;61,19
06.03.2025 02:30;61,77
06.03.2025 02:45;57,4548
06.03.2025 03:00;64,1248
06.03.2025 03:15;61,8164
06.03.2025 03:30;58,0348
06.03.2025 03:45;59,4848
06.03.2025 04:00;61,8164
06.03.2025 04:15;58,3248
06.03.2025 04:30;60,0648
06.03.2025 04:45;62,9764
06.03.2025 05:00;68,1848
06.03.2025 05:15;77,7664
06.03.2025 05:30;98,3448
06.03.2025 05:45;131,6948
06.03.2025 06:00;151,7048
06.03.2025 06:15;174,6148
06.03.2025 06:30;208,2548
06.03.2025 06:45;209,4032
06.03.2025 07:00;196,9448
06.03.2025 07:15;181,7952
06.03.2025 07:30;199,6998
06.03.2025 07:45;200,7148
06.03.2025 08:00;228,7462
06.03.2025 08:15;239,4588
06.03.2025 08:30;195,431
06.03.2025 08:45;176,407
06.03.2025 09:00;200,419
06.03.2025 09:15;214,571
06.03.2025 09:30;220,3594
06.03.2025 09:45;222,5344
06.03.2025 10:00;203,8294
06.03.2025 10:15;214,3912
06.03.2025 10:30;206,1958
06.03.2025 10:45;199,0966
06.03.2025 11:00;185,6986
06.03.2025 11:15;205,9174
06.03.2025 11:30;206,886
06.03.2025 11:45;205,2156
06.03.2025 12:00;181,8068
06.03.2025 12:15;159,5638
06.03.2025 12:30;183,0016
06.03.2025 12:45;228,723
06.03.2025 13:00;228,2184
06.03.2025 13:15;202,5186
06.03.2025 13:30;195,4136
06.03.2025 13:45;199,8042
06.03.2025 14:00;189,8282
06.03.2025 14:15;170,1894
06.03.2025 14:30;154,9296
06.03.2025 14:45;137,9066
06.03.2025 15:00;124,4854
06.03.2025 15:15;119,4626
06.03.2025 15:30;97,817
06.03.2025 15:45;81,954
06.03.2025 16:00;78,8104
06.03.2025 16:15;78,7292
06.03.2025 16:30;79,7326
06.03.2025 16:45;66,6304
06.03.2025 17:00;65,0122
06.03.2025 17:15;70,1394
06.03.2025 17:30;61,3698
06.03.2025 17:45;64,6062
06.03.2025 18:00;65,8474
06.03.2025 18:15;64,6468
06.03.2025 18:30;65,8184
06.03.2025 18:45;66,7348
06.03.2025 19:00;63,2664
06.03.2025 19:15;64,7048
06.03.2025 19:30;82,6848
06.03.2025 19:45;76,0148
06.03.2025 20:00;64,7048
06.03.2025 20:15;77,1748
06.03.2025 20:30;71,3748
06.03.2025 20:45;76,6064
06.03.2025 21:00;72,5348
06.03.2025 21:15;75,1448
06.03.2025 21:30;70,2148
06.03.2025 21:45;77,1748
06.03.2025 22:00;69,0548
06.03.2025 22:15;77,1864
06.03.2025 22:30;66,99
06.03.2025 22:45;80,04
06.03.2025 23:00;64,67
06.03.2025 23:15;74,82
06.03.2025 23:30;63,8
06.03.2025 23:45;72,21
07.03.2025 00:00;63,8
07.03.2025 00:15;71,63
07.03.2025 00:30;62,93
07.03.2025 00:45;71,34
07.03.2025 01:00;62,06
07.03.2025 01:15;70,47
07.03.2025 01:30;65,25
07.03.2025 01:45;70,76
07.03.2025 02:00;65,25
07.03.2025 02:15;66,99
07.03.2025 02:30;66,12
07.03.2025 02:45;68,4748
07.03.2025 03:00;69,6464
07.03.2025 03:15;65,8648
07.03.2025 03:30;87,0348
07.03.2025 03:45;80,3648
07.03.2025 04:00;89,6448
07.03.2025 04:15;78,3464
07.03.2025 04:30;87,6148
07.03.2025 04:45;76,0148
07.03.2025 05:00;90,2248
07.03.2025 05:15;96,6048
07.03.2025 05:30;124,4564
07.03.2025 05:45;139,8148
07.03.2025 06:00;150,8348
07.03.2025 06:15;176,3548
07.03.2025 06:30;209,7048
07.03.2025 06:45;204,1832
07.03.2025 07:00;195,7848
07.03.2025 07:15;177,7236
07.03.2025 07:30;198,8066
07.03.2025 07:45;194,8684
07.03.2025 08:00;217,558
07.03.2025 08:15;212,2568
07.03.2025 08:30;199,3286
07.03.2025 08:45;162,1274
07.03.2025 09:00;180,2814
07.03.2025 09:15;235,2944
07.03.2025 09:30;213,672
07.03.2025 09:45;211,12
07.03.2025 10:00;207,4196
07.03.2025 10:15;190,0776
07.03.2025 10:30;188,558
07.03.2025 10:45;185,4028
07.03.2025 11:00;187,1022
07.03.2025 11:15;194,126
07.03.2025 11:30;196,562
07.03.2025 11:45;190,6286
07.03.2025 12:00;181,5516
07.03.2025 12:15;143,347
07.03.2025 12:30;86,2634
07.03.2025 12:45;72,3086
07.03.2025 13:00;69,5826
07.03.2025 13:15;71,108
07.03.2025 13:30;63,4404
07.03.2025 13:45;69,7044
07.03.2025 14:00;64,148
07.03.2025 14:15;69,6812
07.03.2025 14:30;69,5768
07.03.2025 14:45;72,181
07.03.2025 15:00;70,1742
07.03.2025 15:15;67,8948
07.03.2025 15:30;62,5878
07.03.2025 15:45;64,7454
07.03.2025 16:00;61,2422
07.03.2025 16:15;61,2306
07.03.2025 16:30;64,3684
07.03.2025 16:45;61,2364
07.03.2025 17:00;65,2848
07.03.2025 17:15;59,537
07.03.2025 17:30;61,886
07.03.2025 17:45;57,8956
07.03.2025 18:00;54,3112
07.03.2025 18:15;64,5656
07.03.2025 18:30;58,4582
07.03.2025 18:45;59,7748
07.03.2025 19:00;58,3248
07.03.2025 19:15;61,8048
07.03.2025 19:30;59,7748
07.03.2025 19:45;59,7864
07.03.2025 20:00;61,8048
07.03.2025 20:15;60,9348
07.03.2025 20:30;62,6748
07.03.2025 20:45;59,4848
07.03.2025 21:00;64,4148
07.03.2025 21:15;59,2064
07.03.2025 21:30;63,5448
07.03.2025 21:45;62,3848
07.03.2025 22:00;62,9764
07.03.2025 22:15;62,9648
07.03.2025 22:30;58,87
07.03.2025 22:45;60,32
07.03.2025 23:00;55,39
07.03.2025 23:15;59,45
07.03.2025 23:30;56,55
07.03.2025 23:45;56,26
08.03.2025 00:00;58,87
08.03.2025 00:15;53,94
08.03.2025 00:30;58,87
08.03.2025 00:45;55,68
08.03.2025 01:00;59,45
08.03.2025 01:15;55,39
08.03.2025 01:30;59,16
08.03.2025 01:45;58,87
08.03.2025 02:00;55,97
08.03.2025 02:15;60,03
08.03.2025 02:30;55,68
08.03.2025 02:45;60,6448
08.03.2025 03:00;55,4248
08.03.2025 03:15;60,3548
08.03.2025 03:30;58,9164
08.03.2025 03:45;57,4548
08.03.2025 04:00;62,6748
08.03.2025 04:15;56,0048
08.03.2025 04:30;60,6564
08.03.2025 04:45;56,8748
08.03.2025 05:00;60,3548
08.03.2025 05:15;62,9648
08.03.2025 05:30;62,1064
08.03.2025 05:45;67,8948
08.03.2025 06:00;62,3848
08.03.2025 06:15;66,7348
08.03.2025 06:30;63,8464
08.03.2025 06:45;63,2548
08.03.2025 07:00;63,5448
08.03.2025 07:15;58,58
08.03.2025 07:30;64,438
08.03.2025 07:45;55,6974
08.03.2025 08:00;59,9372
08.03.2025 08:15;56,3064
08.03.2025 08:30;59,0382
08.03.2025 08:45;56,2136
08.03.2025 09:00;56,318
08.03.2025 09:15;58,493
08.03.2025 09:30;51,9158
08.03.2025 09:45;56,9618
08.03.2025 10:00;50,9124
08.03.2025 10:15;55,941
08.03.2025 10:30;50,547
08.03.2025 10:45;55,332
08.03.2025 11:00;52,4842
08.03.2025 11:15;52,925
08.03.2025 11:30;54,7868
08.03.2025 11:45;49,213
08.03.2025 12:00;54,2938
08.03.2025 12:15;49,3638
08.03.2025 12:30;53,65
08.03.2025 12:45;49,2884
08.03.2025 13:00;54,2938
08.03.2025 13:15;53,9632
08.03.2025 13:30;53,244
08.03.2025 13:45;53,9052
08.03.2025 14:00;51,3416
08.03.2025 14:15;54,1314
08.03.2025 14:30;50,5064
08.03.2025 14:45;54,0096
08.03.2025 15:00;49,9148
08.03.2025 15:15;54,8854
08.03.2025 15:30;49,5668
08.03.2025 15:45;54,3228
08.03.2025 16:00;53,7312
08.03.2025 16:15;51,939
08.03.2025 16:30;53,8878
08.03.2025 16:45;50,1236
08.03.2025 17:00;55,6336
08.03.2025 17:15;51,04
08.03.2025 17:30;55,5466
08.03.2025 17:45;53,0526
08.03.2025 18:00;55,4538
08.03.2025 18:15;55,6104
08.03.2025 18:30;54,3982
08.03.2025 18:45;60,6448
08.03.2025 19:00;54,8448
08.03.2025 19:15;60,9348
08.03.2025 19:30;55,1348
08.03.2025 19:45;60,0764
08.03.2025 20:00;57,1648
08.03.2025 20:15;60,6448
08.03.2025 20:30;59,1948
08.03.2025 20:45;58,3248
08.03.2025 21:00;60,0764
08.03.2025 21:15;54,8448
08.03.2025 21:30;60,3548
08.03.2025 21:45;54,8564
08.03.2025 22:00;58,9048
08.03.2025 22:15;56,0048
08.03.2025 22:30;58,29
08.03.2025 22:45;59,45
08.03.2025 23:00;56,84
08.03.2025 23:15;60,03
08.03.2025 23:30;54,81
08.03.2025 23:45;58,87
09.03.2025 00:00;53,36
09.03.2025 00:15;60,32
09.03.2025 00:30;56,84
09.03.2025 00:45;56,55
09.03.2025 01:00;59,16
09.03.2025 01:15;54,52
09.03.2025 01:30;60,61
09.03.2025 01:45;54,81
09.03.2025 02:00;58,87
09.03.2025 02:15;55,97
09.03.2025 02:30;58,58
09.03.2025 02:45;57,7448
09.03.2025 03:00;56,2948
09.03.2025 03:15;58,9164
09.03.2025 03:30;55,1348
09.03.2025 03:45;58,6148
09.03.2025 04:00;56,3064
09.03.2025 04:15;60,0648
09.03.2025 04:30;56,8864
09.03.2025 04:45;59,4848
09.03.2025 05:00;59,4848
09.03.2025 05:15;57,1648
09.03.2025 05:30;61,2364
09.03.2025 05:45;58,3248
09.03.2025 06:00;62,3848
09.03.2025 06:15;62,9764
09.03.2025 06:30;58,6148
09.03.2025 06:45;61,2248
09.03.2025 07:00;55,1464
09.03.2025 07:15;58,3596
09.03.2025 07:30;56,5384
09.03.2025 07:45;57,7448
09.03.2025 08:00;58,5974
09.03.2025 08:15;52,1072
09.03.2025 08:30;56,9444
09.03.2025 08:45;51,3126
09.03.2025 09:00;56,7472
09.03.2025 09:15;54,1836
09.03.2025 09:30;52,751
09.03.2025 09:45;56,5094
09.03.2025 10:00;51,3358
09.03.2025 10:15;55,2566
09.03.2025 10:30;50,083
09.03.2025 10:45;54,5838
09.03.2025 11:00;50,5702
09.03.2025 11:15;53,099
09.03.2025 11:30;53,5862
09.03.2025 11:45;51,7128
09.03.2025 12:00;53,1802
09.03.2025 12:15;49,2768
09.03.2025 12:30;55,5292
09.03.2025 12:45;48,7432
09.03.2025 13:00;53,6674
09.03.2025 13:15;48,5808
09.03.2025 13:30;53,9806
09.03.2025 13:45;51,7128
09.03.2025 14:00;51,504
09.03.2025 14:15;53,244
09.03.2025 14:30;50,6978
09.03.2025 14:45;54,0038
09.03.2025 15:00;49,2594
09.03.2025 15:15;54,1662
09.03.2025 15:30;49,764
09.03.2025 15:45;55,042
09.03.2025 16:00;52,1246
09.03.2025 16:15;53,1512
09.03.2025 16:30;53,041
09.03.2025 16:45;51,8984
09.03.2025 17:00;54,8564
09.03.2025 17:15;50,5644
09.03.2025 17:30;56,289
09.03.2025 17:45;50,402
09.03.2025 18:00;56,2078
09.03.2025 18:15;53,2208
09.03.2025 18:30;69,0142
09.03.2025 18:45;73,6948
09.03.2025 19:00;75,4348
09.03.2025 19:15;76,0148
09.03.2025 19:30;71,9548
09.03.2025 19:45;74,8548
09.03.2025 20:00;69,3564
09.03.2025 20:15;74,5648
09.03.2025 20:30;70,2148
09.03.2025 20:45;72,2448
09.03.2025 21:00;71,6764
09.03.2025 21:15;67,3148
09.03.2025 21:30;72,2448
09.03.2025 21:45;67,6048
09.03.2025 22:00;72,2564
09.03.2025 22:15;64,4148
09.03.2025 22:30;73,37
09.03.2025 22:45;68,44
09.03.2025 23:00;69,31
09.03.2025 23:15;71,63
09.03.2025 23:30;66,12
09.03.2025 23:45;73,95
10.03.2025 00:00;66,41
10.03.2025 00:15;72,5
10.03.2025 00:30;66,99
10.03.2025 00:45;69,02
10.03.2025 01:00;72,21
10.03.2025 01:15;68,73
10.03.2025 01:30;73,95
10.03.2025 01:45;66,7
10.03.2025 02:00;73,08
10.03.2025 02:15;70,18
10.03.2025 02:30;71,05
10.03.2025 02:45;73,4048
10.03.2025 03:00;68,4748
10.03.2025 03:15;73,1264
10.03.2025 03:30;68,4748
10.03.2025 03:45;72,8248
10.03.2025 04:00;69,3448
10.03.2025 04:15;74,2864
10.03.2025 04:30;72,2506
10.03.2025 04:45;71,9548
10.03.2025 05:00;80,3764
10.03.2025 05:15;89,3548
10.03.2025 05:30;111,1048
10.03.2025 05:45;129,6648
10.03.2025 06:00;147,9348
10.03.2025 06:15;160,9732
10.03.2025 06:30;183,0248
10.03.2025 06:45;198,6848
10.03.2025 07:00;181,5806
10.03.2025 07:15;195,5354
10.03.2025 07:30;200,2044
10.03.2025 07:45;220,4986
10.03.2025 08:00;208,7884
10.03.2025 08:15;206,9034
10.03.2025 08:30;175,7922
10.03.2025 08:45;157,238
10.03.2025 09:00;176,9464
10.03.2025 09:15;212,744
10.03.2025 09:30;216,1892
10.03.2025 09:45;208,1678
10.03.2025 10:00;186,4004
10.03.2025 10:15;179,568
10.03.2025 10:30;191,9858
10.03.2025 10:45;177,9614
10.03.2025 11:00;182,6826
10.03.2025 11:15;194,0854
10.03.2025 11:30;197,896
10.03.2025 11:45;195,0076
10.03.2025 12:00;173,9768
10.03.2025 12:15;154,9528
10.03.2025 12:30;194,4566
10.03.2025 12:45;212,1234
10.03.2025 13:00;208,0112
10.03.2025 13:15;185,9944
10.03.2025 13:30;178,6284
10.03.2025 13:45;187,5952
10.03.2025 14:00;160,5208
10.03.2025 14:15;148,6714
10.03.2025 14:30;132,9824
10.03.2025 14:45;129,108
10.03.2025 15:00;128,383
10.03.2025 15:15;106,2966
10.03.2025 15:30;88,9952
10.03.2025 15:45;99,1974
10.03.2025 16:00;83,2358
10.03.2025 16:15;88,9604
10.03.2025 16:30;80,1096
10.03.2025 16:45;84,9236
10.03.2025 17:00;78,561
10.03.2025 17:15;69,0954
10.03.2025 17:30;60,9464
10.03.2025 17:45;55,6974
10.03.2025 18:00;60,4418
10.03.2025 18:15;58,5336
10.03.2025 18:30;61,4916
10.03.2025 18:45;64,148
10.03.2025 19:00;78,0448
10.03.2025 19:15;71,9548
10.03.2025 19:30;68,1848
10.03.2025 19:45;58,3364
10.03.2025 20:00;64,9948
10.03.2025 20:15;60,9348
10.03.2025 20:30;64,9948
10.03.2025 20:45;62,6748
10.03.2025 21:00;69,6464
10.03.2025 21:15;63,8348
10.03.2025 21:30;66,4448
10.03.2025 21:45;63,5448
10.03.2025 22:00;64,4264
10.03.2025 22:15;62,9648
10.03.2025 22:30;61,48
10.03.2025 22:45;61,19
10.03.2025 23:00;56,26
10.03.2025 23:15;60,9
10.03.2025 23:30;55,1
10.03.2025 23:45;60,03
11.03.2025 00:00;56,26
11.03.2025 00:15;60,61
11.03.2025 00:30;55,39
11.03.2025 00:45;61,48
11.03.2025 01:00;58
11.03.2025 01:15;60,9
11.03.2025 01:30;56,84
11.03.2025 01:45;60,61
11.03.2025 02:00;55,97
11.03.2025 02:15;60,32
11.03.2025 02:30;55,97
11.03.2025 02:45;60,9348
11.03.2025 03:00;57,4664
11.03.2025 03:15;59,1948
11.03.2025 03:30;60,0648
11.03.2025 03:45;74,5764
11.03.2025 04:00;76,5948
11.03.2025 04:15;73,1148
11.03.2025 04:30;77,4648
11.03.2025 04:45;72,5464
11.03.2025 05:00;78,0448
11.03.2025 05:15;89,6448
11.03.2025 05:30;112,2764
11.03.2025 05:45;135,4648
11.03.2025 06:00;145,3248
11.03.2025 06:15;169,9748
11.03.2025 06:30;256,3832
11.03.2025 06:45;212,6048
11.03.2025 07:00;202,7448
11.03.2025 07:15;180,409
11.03.2025 07:30;202,3736
11.03.2025 07:45;235,1668
11.03.2025 08:00;232,174
11.03.2025 08:15;215,2438
11.03.2025 08:30;197,3972
11.03.2025 08:45;163,125
11.03.2025 09:00;183,0364
11.03.2025 09:15;196,0284
11.03.2025 09:30;211,5898
11.03.2025 09:45;206,3466
11.03.2025 10:00;228,7114
11.03.2025 10:15;211,236
11.03.2025 10:30;207,0368
11.03.2025 10:45;194,793
11.03.2025 11:00;200,216
11.03.2025 11:15;173,159
11.03.2025 11:30;175,7458
11.03.2025 11:45;180,786
11.03.2025 12:00;174,7772
11.03.2025 12:15;158,195
11.03.2025 12:30;187,0906
11.03.2025 12:45;198,2614
11.03.2025 13:00;199,3344
11.03.2025 13:15;182,1548
11.03.2025 13:30;192,3686
11.03.2025 13:45;184,8286
11.03.2025 14:00;173,9942
11.03.2025 14:15;146,6762
11.03.2025 14:30;122,5946
11.03.2025 14:45;116,029
11.03.2025 15:00;115,8956
11.03.2025 15:15;115,8086
11.03.2025 15:30;108,2164
11.03.2025 15:45;120,089
11.03.2025 16:00;103,24
11.03.2025 16:15;102,1786
11.03.2025 16:30;104,8466
11.03.2025 16:45;101,4014
11.03.2025 17:00;104,4058
11.03.2025 17:15;100,2588
11.03.2025 17:30;98,2752
11.03.2025 17:45;97,5154
11.03.2025 18:00;98,919
11.03.2025 18:15;81,3972
11.03.2025 18:30;78,8684
11.03.2025 18:45;77,1748
11.03.2025 19:00;78,9032
11.03.2025 19:15;80,6548
11.03.2025 19:30;96,8832
11.03.2025 19:45;83,5548
11.03.2025 20:00;80,0632
11.03.2025 20:15;81,8148
11.03.2025 20:30;82,3948
11.03.2025 20:45;84,7032
11.03.2025 21:00;84,4248
11.03.2025 21:15;84,1348
11.03.2025 21:30;83,2532
11.03.2025 21:45;81,8148
11.03.2025 22:00;82,0932
11.03.2025 22:15;81,5248
11.03.2025 22:30;81,2
11.03.2025 22:45;78,59
11.03.2025 23:00;78,01
11.03.2025 23:15;77,72
11.03.2025 23:30;76,56
11.03.2025 23:45;76,27
12.03.2025 00:00;78,01
12.03.2025 00:15;77,72
12.03.2025 00:30;76,85
12.03.2025 00:45;77,14
12.03.2025 01:00;78,01
12.03.2025 01:15;79,17
12.03.2025 01:30;76,27
12.03.2025 01:45;77,43
12.03.2025 02:00;77,72
12.03.2025 02:15;77,43
12.03.2025 02:30;75,69
12.03.2025 02:45;77,7548
12.03.2025 03:00;76,5832
12.03.2025 03:15;77,1748
12.03.2025 03:30;81,5248
12.03.2025 03:45;92,8232
12.03.2025 04:00;94,8648
12.03.2025 04:15;94,5748
12.03.2025 04:30;92,8232
12.03.2025 04:45;93,9948
12.03.2025 05:00;97,7648
12.03.2025 05:15;110,2232
12.03.2025 05:30;129,9548
12.03.2025 05:45;150,2548
12.03.2025 06:00;156,9132
12.03.2025 06:15;188,239
12.03.2025 06:30;224,4716
12.03.2025 06:45;221,2816
12.03.2025 07:00;210,279
12.03.2025 07:15;184,4168
12.03.2025 07:30;190,2864
12.03.2025 07:45;197,9888
12.03.2025 08:00;210,9228
12.03.2025 08:15;197,78
12.03.2025 08:30;174,2552
12.03.2025 08:45;152,8126
12.03.2025 09:00;179,0808
12.03.2025 09:15;208,713
12.03.2025 09:30;212,3148
12.03.2025 09:45;191,8524
12.03.2025 10:00;186,5802
12.03.2025 10:15;193,43
12.03.2025 10:30;201,1556
12.03.2025 10:45;192,2236
12.03.2025 11:00;201,173
12.03.2025 11:15;201,9386
12.03.2025 11:30;189,5614
12.03.2025 11:45;194,7118
12.03.2025 12:00;188,4942
12.03.2025 12:15;153,6304
12.03.2025 12:30;180,7106
12.03.2025 12:45;228,462
12.03.2025 13:00;217,6334
12.03.2025 13:15;215,5048
12.03.2025 13:30;193,952
12.03.2025 13:45;190,269
12.03.2025 14:00;172,3412
12.03.2025 14:15;158,833
12.03.2025 14:30;125,7324
12.03.2025 14:45;109,3996
12.03.2025 15:00;115,5186
12.03.2025 15:15;111,8588
12.03.2025 15:30;88,7806
12.03.2025 15:45;90,828
12.03.2025 16:00;91,3848
12.03.2025 16:15;82,3832
12.03.2025 16:30;86,014
12.03.2025 16:45;82,8588
12.03.2025 17:00;84,0188
12.03.2025 17:15;79,0714
12.03.2025 17:30;83,0908
12.03.2025 17:45;79,46
12.03.2025 18:00;81,3102
12.03.2025 18:15;68,4342
12.03.2025 18:30;59,566
12.03.2025 18:45;61,2596
12.03.2025 19:00;58,0348
12.03.2025 19:15;65,8648
12.03.2025 19:30;78,6132
12.03.2025 19:45;66,4448
12.03.2025 20:00;60,3548
12.03.2025 20:15;64,1248
12.03.2025 20:30;60,3432
12.03.2025 20:45;68,7648
12.03.2025 21:00;64,7048
12.03.2025 21:15;67,0248
12.03.2025 21:30;62,3732
12.03.2025 21:45;63,2548
12.03.2025 22:00;65,5748
12.03.2025 22:15;60,6448
12.03.2025 22:30;64,96
12.03.2025 22:45;58,29
12.03.2025 23:00;63,22
12.03.2025 23:15;56,84
12.03.2025 23:30;60,9
12.03.2025 23:45;58
13.03.2025 00:00;56,84
13.03.2025 00:15;60,9
13.03.2025 00:30;56,84
13.03.2025 00:45;61,48
13.03.2025 01:00;56,55
13.03.2025 01:15;62,06
13.03.2025 01:30;56,84
13.03.2025 01:45;58,87
13.03.2025 02:00;59,16
13.03.2025 02:15;56,84
13.03.2025 02:30;61,19
13.03.2025 02:45;58,6148
13.03.2025 03:00;61,5148
13.03.2025 03:15;56,8748
13.03.2025 03:30;60,9348
13.03.2025 03:45;69,6232
13.03.2025 04:00;75,4348
13.03.2025 04:15;75,1448
13.03.2025 04:30;73,1148
13.03.2025 04:45;77,1632
13.03.2025 05:00;76,5948
13.03.2025 05:15;94,8648
13.03.2025 05:30;111,6848
13.03.2025 05:45;133,7132
13.03.2025 06:00;141,5548
13.03.2025 06:15;165,6132
13.03.2025 06:30;194,9032
13.03.2025 06:45;206,799
13.03.2025 07:00;196,678
13.03.2025 07:15;182,2244
13.03.2025 07:30;210,7198
13.03.2025 07:45;226,8728
13.03.2025 08:00;207,5182
13.03.2025 08:15;220,6784
13.03.2025 08:30;206,2422
13.03.2025 08:45;180,5482
13.03.2025 09:00;209,7048
13.03.2025 09:15;241,3786
13.03.2025 09:30;222,0588
13.03.2025 09:45;222,3198
13.03.2025 10:00;216,2704
13.03.2025 10:15;206,1784
13.03.2025 10:30;210,3892
13.03.2025 10:45;230,4456
13.03.2025 11:00;222,72
13.03.2025 11:15;221,966
13.03.2025 11:30;222,8302
13.03.2025 11:45;206,6772
13.03.2025 12:00;198,9748
13.03.2025 12:15;179,974
13.03.2025 12:30;191,3594
13.03.2025 12:45;226,0028
13.03.2025 13:00;231,2344
13.03.2025 13:15;232,0348
13.03.2025 13:30;216,4038
13.03.2025 13:45;226,1304
13.03.2025 14:00;209,1364
13.03.2025 14:15;159,7494
13.03.2025 14:30;116,0348
13.03.2025 14:45;113,129
13.03.2025 15:00;112,5084
13.03.2025 15:15;116,0406
13.03.2025 15:30;97,0282
13.03.2025 15:45;94,6792
13.03.2025 16:00;82,6558
13.03.2025 16:15;83,0386
13.03.2025 16:30;77,9462
13.03.2025 16:45;79,4774
13.03.2025 17:00;76,357
13.03.2025 17:15;79,8776
13.03.2025 17:30;74,1124
13.03.2025 17:45;80,5214
13.03.2025 18:00;67,7788
13.03.2025 18:15;65,5632
13.03.2025 18:30;59,3108
13.03.2025 18:45;64,1132
13.03.2025 19:00;60,3548
13.03.2025 19:15;73,1148
13.03.2025 19:30;73,9848
13.03.2025 19:45;63,5448
13.03.2025 20:00;65,2848
13.03.2025 20:15;64,9948
13.03.2025 20:30;62,3848
13.03.2025 20:45;69,6348
13.03.2025 21:00;63,2548
13.03.2025 21:15;66,7348
13.03.2025 21:30;61,8048
13.03.2025 21:45;66,1432
13.03.2025 22:00;61,8048
13.03.2025 22:15;65,5748
13.03.2025 22:30;61,48
13.03.2025 22:45;62,35
13.03.2025 23:00;58,58
13.03.2025 23:15;60,9
13.03.2025 23:30;57,71
13.03.2025 23:45;62,06
14.03.2025 00:00;58,29
14.03.2025 00:15;61,77
14.03.2025 00:30;57,71
14.03.2025 00:45;59,74
14.03.2025 01:00;58
14.03.2025 01:15;60,9
14.03.2025 01:30;57,71
14.03.2025 01:45;60,32
14.03.2025 02:00;59,45
14.03.2025 02:15;58,87
14.03.2025 02:30;59,74
14.03.2025 02:45;58,6148
14.03.2025 03:00;61,2248
14.03.2025 03:15;58,6148
14.03.2025 03:30;61,2248
14.03.2025 03:45;58,0348
14.03.2025 04:00;62,9648
14.03.2025 04:15;57,1648
14.03.2025 04:30;60,9348
14.03.2025 04:45;57,4548
14.03.2025 05:00;68,4748
14.03.2025 05:15;77,1748
14.03.2025 05:30;98,3448
14.03.2025 05:45;124,1548
14.03.2025 06:00;133,1448
14.03.2025 06:15;153,1548
14.03.2025 06:30;188,2332
14.03.2025 06:45;190,849
14.03.2025 07:00;182,9842
14.03.2025 07:15;177,5554
14.03.2025 07:30;193,0936
14.03.2025 07:45;199,7056
14.03.2025 08:00;210,2442
14.03.2025 08:15;210,7662
14.03.2025 08:30;182,8624
14.03.2025 08:45;161,0718
14.03.2025 09:00;186,6556
14.03.2025 09:15;223,6132
14.03.2025 09:30;195,286
14.03.2025 09:45;182,2882
14.03.2025 10:00;187,2124
14.03.2025 10:15;210,4008
14.03.2025 10:30;201,9966
14.03.2025 10:45;173,1184
14.03.2025 11:00;175,2876
14.03.2025 11:15;163,821
14.03.2025 11:30;175,334
14.03.2025 11:45;205,8478
14.03.2025 12:00;166,7616
14.03.2025 12:15;135,0124
14.03.2025 12:30;97,0688
14.03.2025 12:45;82,998
14.03.2025 13:00;84,535
14.03.2025 13:15;81,4842
14.03.2025 13:30;73,4744
14.03.2025 13:45;81,4378
14.03.2025 14:00;71,1486
14.03.2025 14:15;69,8668
14.03.2025 14:30;72,3028
14.03.2025 14:45;69,252
14.03.2025 15:00;81,142
14.03.2025 15:15;71,7228
14.03.2025 15:30;75,7074
14.03.2025 15:45;71,05
14.03.2025 16:00;69,9712
14.03.2025 16:15;65,105
14.03.2025 16:30;63,104
14.03.2025 16:45;62,8314
14.03.2025 17:00;59,8038
14.03.2025 17:15;62,1644
14.03.2025 17:30;64,6004
14.03.2025 17:45;57,0662
14.03.2025 18:00;61,9498
14.03.2025 18:15;58,812
14.03.2025 18:30;55,8598
14.03.2025 18:45;59,3862
14.03.2025 19:00;57,7448
14.03.2025 19:15;64,4148
14.03.2025 19:30;58,9048
14.03.2025 19:45;62,6748
14.03.2025 20:00;58,9048
14.03.2025 20:15;62,3848
14.03.2025 20:30;60,0648
14.03.2025 20:45;63,2548
14.03.2025 21:00;66,7348
14.03.2025 21:15;61,5148
14.03.2025 21:30;66,7348
14.03.2025 21:45;64,4148
14.03.2025 22:00;66,1548
14.03.2025 22:15;60,9348
14.03.2025 22:30;64,38
14.03.2025 22:45;61,19
14.03.2025 23:00;59,16
14.03.2025 23:15;60,61
14.03.2025 23:30;58,58
14.03.2025 23:45;62,35
15.03.2025 00:00;56,26
15.03.2025 00:15;62,64
15.03.2025 00:30;57,71
15.03.2025 00:45;57,71
15.03.2025 01:00;62,93
15.03.2025 01:15;57,13
15.03.2025 01:30;62,35
15.03.2025 01:45;58,29
15.03.2025 02:00;61,48
15.03.2025 02:15;60,03
15.03.2025 02:30;57,42
15.03.2025 02:45;60,9348
15.03.2025 03:00;57,4548
15.03.2025 03:15;62,3848
15.03.2025 03:30;58,3248
15.03.2025 03:45;61,2248
15.03.2025 04:00;57,7448
15.03.2025 04:15;59,7748
15.03.2025 04:30;59,4848
15.03.2025 04:45;58,3248
15.03.2025 05:00;62,3848
15.03.2025 05:15;61,2364
15.03.2025 05:30;70,2148
15.03.2025 05:45;85,8748
15.03.2025 06:00;89,0648
15.03.2025 06:15;97,1848
15.03.2025 06:30;97,1848
15.03.2025 06:45;100,3748
15.03.2025 07:00;97,7764
15.03.2025 07:15;99,5396
15.03.2025 07:30;93,7338
15.03.2025 07:45;94,5052
15.03.2025 08:00;93,0552
15.03.2025 08:15;94,279
15.03.2025 08:30;93,2176
15.03.2025 08:45;87,6728
15.03.2025 09:00;91,1818
15.03.2025 09:15;91,234
15.03.2025 09:30;101,1346
15.03.2025 09:45;96,3032
15.03.2025 10:00;97,0862
15.03.2025 10:15;93,8556
15.03.2025 10:30;85,6138
15.03.2025 10:45;90,509
15.03.2025 11:00;86,0894
15.03.2025 11:15;74,1008
15.03.2025 11:30;56,8516
15.03.2025 11:45;53,9806
15.03.2025 12:00;56,0338
15.03.2025 12:15;51,9158
15.03.2025 12:30;57,1474
15.03.2025 12:45;53,2672
15.03.2025 13:00;53,186
15.03.2025 13:15;56,0802
15.03.2025 13:30;51,7302
15.03.2025 13:45;57,0662
15.03.2025 14:00;52,3334
15.03.2025 14:15;57,304
15.03.2025 14:30;50,692
15.03.2025 14:45;57,0024
15.03.2025 15:00;54,4562
15.03.2025 15:15;53,4992
15.03.2025 15:30;57,826
15.03.2025 15:45;53,186
15.03.2025 16:00;56,7878
15.03.2025 16:15;53,9748
15.03.2025 16:30;54,5026
15.03.2025 16:45;56,9154
15.03.2025 17:00;54,3112
15.03.2025 17:15;57,0836
15.03.2025 17:30;53,9284
15.03.2025 17:45;58,3074
15.03.2025 18:00;54,3112
15.03.2025 18:15;56,1034
15.03.2025 18:30;57,4548
15.03.2025 18:45;54,984
15.03.2025 19:00;58,8932
15.03.2025 19:15;57,7448
15.03.2025 19:30;61,5148
15.03.2025 19:45;56,8632
15.03.2025 20:00;59,4848
15.03.2025 20:15;61,2248
15.03.2025 20:30;57,7448
15.03.2025 20:45;62,0832
15.03.2025 21:00;57,1648
15.03.2025 21:15;61,5148
15.03.2025 21:30;59,4848
15.03.2025 21:45;58,6032
15.03.2025 22:00;60,0648
15.03.2025 22:15;58,3248
15.03.2025 22:30;63,51
15.03.2025 22:45;56,55
15.03.2025 23:00;61,77
15.03.2025 23:15;57,13
15.03.2025 23:30;58,58
15.03.2025 23:45;60,61
16.03.2025 00:00;57,13
16.03.2025 00:15;61,48
16.03.2025 00:30;57,42
16.03.2025 00:45;63,22
16.03.2025 01:00;57,42
16.03.2025 01:15;58
16.03.2025 01:30;60,61
16.03.2025 01:45;56,84
16.03.2025 02:00;62,93
16.03.2025 02:15;57,42
16.03.2025 02:30;61,77
16.03.2025 02:45;60,6448
16.03.2025 03:00;57,7448
16.03.2025 03:15;62,3848
16.03.2025 03:30;58,0348
16.03.2025 03:45;61,2132
16.03.2025 04:00;58,0348
16.03.2025 04:15;60,0648
16.03.2025 04:30;59,4848
16.03.2025 04:45;57,1648
16.03.2025 05:00;62,3732
16.03.2025 05:15;59,1948
16.03.2025 05:30;64,1248
16.03.2025 05:45;60,0648
16.03.2025 06:00;62,6748
16.03.2025 06:15;61,5032
16.03.2025 06:30;58,3248
16.03.2025 06:45;61,2306
16.03.2025 07:00;55,1116
16.03.2025 07:15;61,3524
16.03.2025 07:30;57,1996
16.03.2025 07:45;58,551
16.03.2025 08:00;57,2286
16.03.2025 08:15;53,1628
16.03.2025 08:30;61,5322
16.03.2025 08:45;53,6616
16.03.2025 09:00;59,16
16.03.2025 09:15;54,2184
16.03.2025 09:30;54,9898
16.03.2025 09:45;55,9758
16.03.2025 10:00;52,9076
16.03.2025 10:15;56,6254
16.03.2025 10:30;51,7882
16.03.2025 10:45;55,7612
16.03.2025 11:00;52,7742
16.03.2025 11:15;51,8926
16.03.2025 11:30;55,883
16.03.2025 11:45;51,0864
16.03.2025 12:00;56,3528
16.03.2025 12:15;52,461
16.03.2025 12:30;53,6442
16.03.2025 12:45;53,8704
16.03.2025 13:00;51,8114
16.03.2025 13:15;56,8284
16.03.2025 13:30;50,8718
16.03.2025 13:45;56,231
16.03.2025 14:00;52,171
16.03.2025 14:15;51,33
16.03.2025 14:30;58,1218
16.03.2025 14:45;52,2464
16.03.2025 15:00;56,289
16.03.2025 15:15;53,7138
16.03.2025 15:30;54,3924
16.03.2025 15:45;53,3716
16.03.2025 16:00;52,4784
16.03.2025 16:15;55,738
16.03.2025 16:30;51,852
16.03.2025 16:45;56,3412
16.03.2025 17:00;52,6466
16.03.2025 17:15;57,3852
16.03.2025 17:30;52,5538
16.03.2025 17:45;53,766
16.03.2025 18:00;58,5626
16.03.2025 18:15;54,3808
16.03.2025 18:30;58,8236
16.03.2025 18:45;55,1928
16.03.2025 19:00;59,1948
16.03.2025 19:15;58,6148
16.03.2025 19:30;59,4848
16.03.2025 19:45;60,3548
16.03.2025 20:00;56,2948
16.03.2025 20:15;62,0948
16.03.2025 20:30;56,8748
16.03.2025 20:45;60,9348
16.03.2025 21:00;57,1648
16.03.2025 21:15;58,6148
16.03.2025 21:30;60,9348
16.03.2025 21:45;55,1348
16.03.2025 22:00;59,7748
16.03.2025 22:15;56,5964
16.03.2025 22:30;58,87
16.03.2025 22:45;58,29
16.03.2025 23:00;54,81
16.03.2025 23:15;61,19
16.03.2025 23:30;56,26
16.03.2025 23:45;60,61
17.03.2025 00:00;55,68
17.03.2025 00:15;58,29
17.03.2025 00:30;58,29
17.03.2025 00:45;55,1
17.03.2025 01:00;61,19
17.03.2025 01:15;57,42
17.03.2025 01:30;61,48
17.03.2025 01:45;57,13
17.03.2025 02:00;57,71
17.03.2025 02:15;59,16
17.03.2025 02:30;57,42
17.03.2025 02:45;60,9348
17.03.2025 03:00;56,0164
17.03.2025 03:15;62,3848
17.03.2025 03:30;58,9048
17.03.2025 03:45;58,0348
17.03.2025 04:00;60,3548
17.03.2025 04:15;58,6148
17.03.2025 04:30;62,9648
17.03.2025 04:45;58,3364
17.03.2025 05:00;69,0548
17.03.2025 05:15;72,5348
17.03.2025 05:30;92,5448
17.03.2025 05:45;123,5748
17.03.2025 06:00;134,0148
17.03.2025 06:15;150,8348
17.03.2025 06:30;168,229
17.03.2025 06:45;231,5418
17.03.2025 07:00;216,2994
17.03.2025 07:15;170,1662
17.03.2025 07:30;187,0442
17.03.2025 07:45;240,0098
17.03.2025 08:00;249,7596
17.03.2025 08:15;215,0872
17.03.2025 08:30;192,3222
17.03.2025 08:45;157,2264
17.03.2025 09:00;210,975
17.03.2025 09:15;252,1144
17.03.2025 09:30;209,2756
17.03.2025 09:45;241,9296
17.03.2025 10:00;218,4338
17.03.2025 10:15;199,8912
17.03.2025 10:30;190,8432
17.03.2025 10:45;221,7224
17.03.2025 11:00;233,276
17.03.2025 11:15;197,7974
17.03.2025 11:30;219,008
17.03.2025 11:45;200,5234
17.03.2025 12:00;171,9642
17.03.2025 12:15;140,2208
17.03.2025 12:30;168,9424
17.03.2025 12:45;241,8078
17.03.2025 13:00;218,312
17.03.2025 13:15;181,3196
17.03.2025 13:30;192,7224
17.03.2025 13:45;197,0782
17.03.2025 14:00;188,1926
17.03.2025 14:15;158,2008
17.03.2025 14:30;109,1618
17.03.2025 14:45;118,2272
17.03.2025 15:00;122,235
17.03.2025 15:15;115,8028
17.03.2025 15:30;96,9006
17.03.2025 15:45;88,624
17.03.2025 16:00;86,8028
17.03.2025 16:15;87,6902
17.03.2025 16:30;85,1904
17.03.2025 16:45;92,655
17.03.2025 17:00;88,624
17.03.2025 17:15;82,157
17.03.2025 17:30;83,9956
17.03.2025 17:45;82,9458
17.03.2025 18:00;70,4294
17.03.2025 18:15;65,221
17.03.2025 18:30;60,2098
17.03.2025 18:45;63,1272
17.03.2025 19:00;61,5148
17.03.2025 19:15;66,4448
17.03.2025 19:30;72,8248
17.03.2025 19:45;73,9964
17.03.2025 20:00;69,3448
17.03.2025 20:15;62,6748
17.03.2025 20:30;70,5048
17.03.2025 20:45;66,1548
17.03.2025 21:00;66,7348
17.03.2025 21:15;68,4748
17.03.2025 21:30;62,9648
17.03.2025 21:45;69,3448
17.03.2025 22:00;62,3964
17.03.2025 22:15;68,7648
17.03.2025 22:30;66,41
17.03.2025 22:45;65,25
17.03.2025 23:00;64,09
17.03.2025 23:15;58
17.03.2025 23:30;62,35
17.03.2025 23:45;61,19
18.03.2025 00:00;60,61
18.03.2025 00:15;65,25
18.03.2025 00:30;56,84
18.03.2025 00:45;63,22
18.03.2025 01:00;58,29
18.03.2025 01:15;62,93
18.03.2025 01:30;61,48
18.03.2025 01:45;59,16
18.03.2025 02:00;62,35
18.03.2025 02:15;60,61
18.03.2025 02:30;62,93
18.03.2025 02:45;61,5148
18.03.2025 03:00;59,4848
18.03.2025 03:15;62,9764
18.03.2025 03:30;58,0348
18.03.2025 03:45;62,6748
18.03.2025 04:00;61,5148
18.03.2025 04:15;60,9348
18.03.2025 04:30;63,2548
18.03.2025 04:45;60,3548
18.03.2025 05:00;69,9248
18.03.2025 05:15;79,5064
18.03.2025 05:30;104,4348
18.03.2025 05:45;125,8948
18.03.2025 06:00;130,5348
18.03.2025 06:15;170,8274
18.03.2025 06:30;201,2716
18.03.2025 06:45;219,2806
18.03.2025 07:00;215,5048
18.03.2025 07:15;185,7044
18.03.2025 07:30;196,0284
18.03.2025 07:45;212,0364
18.03.2025 08:00;232,8758
18.03.2025 08:15;228,2938
18.03.2025 08:30;216,0094
18.03.2025 08:45;183,3264
18.03.2025 09:00;205,8536
18.03.2025 09:15;261,4582
18.03.2025 09:30;248,0834
18.03.2025 09:45;231,2634
18.03.2025 10:00;258,7264
18.03.2025 10:15;234,6738
18.03.2025 10:30;228,288
18.03.2025 10:45;231,971
18.03.2025 11:00;212,0538
18.03.2025 11:15;208,7246
18.03.2025 11:30;229,4944
18.03.2025 11:45;202,9536
18.03.2025 12:00;181,0006
18.03.2025 12:15;144,8956
18.03.2025 12:30;168,838
18.03.2025 12:45;195,402
18.03.2025 13:00;197,2
18.03.2025 13:15;199,7984
18.03.2025 13:30;211,671
18.03.2025 13:45;203,0464
18.03.2025 14:00;200,303
18.03.2025 14:15;165,5378
18.03.2025 14:30;126,7648
18.03.2025 14:45;146,3224
18.03.2025 15:00;157,9456
18.03.2025 15:15;148,1436
18.03.2025 15:30;99,7368
18.03.2025 15:45;78,8626
18.03.2025 16:00;68,9968
18.03.2025 16:15;69,7566
18.03.2025 16:30;74,1414
18.03.2025 16:45;72,7378
18.03.2025 17:00;75,4
18.03.2025 17:15;76,4556
18.03.2025 17:30;67,7672
18.03.2025 17:45;66,323
18.03.2025 18:00;63,9856
18.03.2025 18:15;71,0848
18.03.2025 18:30;67,7092
18.03.2025 18:45;57,42
18.03.2025 19:00;62,988
18.03.2025 19:15;66,4448
18.03.2025 19:30;67,6048
18.03.2025 19:45;75,1564
18.03.2025 20:00;65,2848
18.03.2025 20:15;67,6048
18.03.2025 20:30;71,9548
18.03.2025 20:45;68,1964
18.03.2025 21:00;68,7648
18.03.2025 21:15;68,7648
18.03.2025 21:30;63,2664
18.03.2025 21:45;69,6348
18.03.2025 22:00;68,7648
18.03.2025 22:15;63,8464
18.03.2025 22:30;68,73
18.03.2025 22:45;69,02
18.03.2025 23:00;60,03
18.03.2025 23:15;61,77
18.03.2025 23:30;60,61
18.03.2025 23:45;58,29
19.03.2025 00:00;64,09
19.03.2025 00:15;61,77
19.03.2025 00:30;58,87
19.03.2025 00:45;62,93
19.03.2025 01:00;60,32
19.03.2025 01:15;61,77
19.03.2025 01:30;63,8
19.03.2025 01:45;61,48
19.03.2025 02:00;59,74
19.03.2025 02:15;62,93
19.03.2025 02:30;61,77
19.03.2025 02:45;58,6148
19.03.2025 03:00;62,6748
19.03.2025 03:15;63,8464
19.03.2025 03:30;60,0648
19.03.2025 03:45;63,5448
19.03.2025 04:00;63,8464
19.03.2025 04:15;58,9048
19.03.2025 04:30;63,2548
19.03.2025 04:45;67,3264
19.03.2025 05:00;65,2848
19.03.2025 05:15;81,2348
19.03.2025 05:30;103,2864
19.03.2025 05:45;122,9948
19.03.2025 06:00;131,6948
19.03.2025 06:15;171,7206
19.03.2025 06:30;206,2306
19.03.2025 06:45;211,932
19.03.2025 07:00;208,0692
19.03.2025 07:15;165,4334
19.03.2025 07:30;205,7724
19.03.2025 07:45;231,4954
19.03.2025 08:00;233,9256
19.03.2025 08:15;226,4262
19.03.2025 08:30;205,9754
19.03.2025 08:45;153,7928
19.03.2025 09:00;203,3596
19.03.2025 09:15;244,122
19.03.2025 09:30;222,1516
19.03.2025 09:45;226,49
19.03.2025 10:00;241,6164
19.03.2025 10:15;219,7968
19.03.2025 10:30;209,1596
19.03.2025 10:45;198,7196
19.03.2025 11:00;206,799
19.03.2025 11:15;199,7404
19.03.2025 11:30;206,538
19.03.2025 11:45;198,3252
19.03.2025 12:00;171,4306
19.03.2025 12:15;137,344
19.03.2025 12:30;174,29
19.03.2025 12:45;200,9874
19.03.2025 13:00;204,0788
19.03.2025 13:15;187,775
19.03.2025 13:30;186,0814
19.03.2025 13:45;198,1396
19.03.2025 14:00;173,6462
19.03.2025 14:15;153,3984
19.03.2025 14:30;134,7746
19.03.2025 14:45;137,576
19.03.2025 15:00;137,9588
19.03.2025 15:15;129,0964
19.03.2025 15:30;96,483
19.03.2025 15:45;74,1182
19.03.2025 16:00;72,7436
19.03.2025 16:15;69,368
19.03.2025 16:30;65,9344
19.03.2025 16:45;73,6136
19.03.2025 17:00;70,4584
19.03.2025 17:15;64,3336
19.03.2025 17:30;64,7918
19.03.2025 17:45;65,9808
19.03.2025 18:00;63,1678
19.03.2025 18:15;62,5588
19.03.2025 18:30;65,163
19.03.2025 18:45;61,6656
19.03.2025 19:00;59,5254
19.03.2025 19:15;70,5048
19.03.2025 19:30;77,1864
19.03.2025 19:45;60,6448
19.03.2025 20:00;68,4748
19.03.2025 20:15;67,3264
19.03.2025 20:30;69,6348
19.03.2025 20:45;70,5048
19.03.2025 21:00;70,2264
19.03.2025 21:15;70,7948
19.03.2025 21:30;70,5164
19.03.2025 21:45;70,2148
19.03.2025 22:00;68,4748
19.03.2025 22:15;68,1964
19.03.2025 22:30;66,12
19.03.2025 22:45;68,44
19.03.2025 23:00;64,96
19.03.2025 23:15;63,22
19.03.2025 23:30;66,12
19.03.2025 23:45;64,09
20.03.2025 00:00;62,06
20.03.2025 00:15;60,9
20.03.2025 00:30;61,77
20.03.2025 00:45;64,09
20.03.2025 01:00;64,67
20.03.2025 01:15;64,38
20.03.2025 01:30;65,83
20.03.2025 01:45;64,09
20.03.2025 02:00;62,93
20.03.2025 02:15;62,64
20.03.2025 02:30;64,09
20.03.2025 02:45;64,4148
20.03.2025 03:00;64,9948
20.03.2025 03:15;64,4264
20.03.2025 03:30;65,2848
20.03.2025 03:45;65,8648
20.03.2025 04:00;64,4264
20.03.2025 04:15;63,2548
20.03.2025 04:30;62,9764
20.03.2025 04:45;62,6748
20.03.2025 05:00;69,0548
20.03.2025 05:15;87,6264
20.03.2025 05:30;102,1148
20.03.2025 05:45;128,8064
20.03.2025 06:00;133,1448
20.03.2025 06:15;160,1148
20.03.2025 06:30;195,2048
20.03.2025 06:45;209,0146
20.03.2025 07:00;202,4606
20.03.2025 07:15;170,8738
20.03.2025 07:30;174,551
20.03.2025 07:45;199,6882
20.03.2025 08:00;198,2208
20.03.2025 08:15;196,3416
20.03.2025 08:30;178,843
20.03.2025 08:45;143,898
20.03.2025 09:00;166,7268
20.03.2025 09:15;194,0274
20.03.2025 09:30;192,2004
20.03.2025 09:45;194,7698
20.03.2025 10:00;199,3518
20.03.2025 10:15;189,4164
20.03.2025 10:30;169,476
20.03.2025 10:45;168,4958
20.03.2025 11:00;179,4984
20.03.2025 11:15;178,7154
20.03.2025 11:30;188,703
20.03.2025 11:45;189,863
20.03.2025 12:00;171,3958
20.03.2025 12:15;137,8312
20.03.2025 12:30;161,0602
20.03.2025 12:45;200,6974
20.03.2025 13:00;196,2314
20.03.2025 13:15;189,747
20.03.2025 13:30;187,311
20.03.2025 13:45;195,663
20.03.2025 14:00;179,1736
20.03.2025 14:15;162,0868
20.03.2025 14:30;122,235
20.03.2025 14:45;137,634
20.03.2025 15:00;140,4586
20.03.2025 15:15;126,411
20.03.2025 15:30;93,8672
20.03.2025 15:45;92,945
20.03.2025 16:00;86,594
20.03.2025 16:15;86,1532
20.03.2025 16:30;79,0946
20.03.2025 16:45;89,1866
20.03.2025 17:00;89,1112
20.03.2025 17:15;81,664
20.03.2025 17:30;80,91
20.03.2025 17:45;69,9828
20.03.2025 18:00;60,146
20.03.2025 18:15;58,6844
20.03.2025 18:30;62,9068
20.03.2025 18:45;61,9614
20.03.2025 19:00;59,5312
20.03.2025 19:15;64,1364
20.03.2025 19:30;72,8248
20.03.2025 19:45;73,4048
20.03.2025 20:00;64,4264
20.03.2025 20:15;68,1848
20.03.2025 20:30;68,7648
20.03.2025 20:45;67,3264
20.03.2025 21:00;66,7348
20.03.2025 21:15;67,0248
20.03.2025 21:30;62,6864
20.03.2025 21:45;64,4148
20.03.2025 22:00;67,3148
20.03.2025 22:15;61,8164
20.03.2025 22:30;66,41
20.03.2025 22:45;66,7
20.03.2025 23:00;57,13
20.03.2025 23:15;60,32
20.03.2025 23:30;61,19
20.03.2025 23:45;54,81
21.03.2025 00:00;58,58
21.03.2025 00:15;60,32
21.03.2025 00:30;55,39
21.03.2025 00:45;59,16
21.03.2025 01:00;63,22
21.03.2025 01:15;55,97
21.03.2025 01:30;60,9
21.03.2025 01:45;60,61
21.03.2025 02:00;55,97
21.03.2025 02:15;60,9
21.03.2025 02:30;60,32
21.03.2025 02:45;56,5848
21.03.2025 03:00;60,0764
21.03.2025 03:15;60,0648
21.03.2025 03:30;58,0348
21.03.2025 03:45;59,2064
21.03.2025 04:00;60,9348
21.03.2025 04:15;60,6448
21.03.2025 04:30;56,8864
21.03.2025 04:45;63,8348
21.03.2025 05:00;66,7348
21.03.2025 05:15;77,1864
21.03.2025 05:30;102,9848
21.03.2025 05:45;125,8948
21.03.2025 06:00;130,2448
21.03.2025 06:15;149,9648
21.03.2025 06:30;201,5848
21.03.2025 06:45;204,3514
21.03.2025 07:00;195,953
21.03.2025 07:15;190,53
21.03.2025 07:30;215,5222
21.03.2025 07:45;231,7042
21.03.2025 08:00;224,2976
21.03.2025 08:15;194,9554
21.03.2025 08:30;176,7144
21.03.2025 08:45;150,017
21.03.2025 09:00;202,1938
21.03.2025 09:15;245,891
21.03.2025 09:30;202,3852
21.03.2025 09:45;222,0182
21.03.2025 10:00;205,2968
21.03.2025 10:15;194,7814
21.03.2025 10:30;192,7108
21.03.2025 10:45;177,48
21.03.2025 11:00;187,2472
21.03.2025 11:15;195,0772
21.03.2025 11:30;194,677
21.03.2025 11:45;180,4496
21.03.2025 12:00;164,2444
21.03.2025 12:15;146,798
21.03.2025 12:30;94,2558
21.03.2025 12:45;81,084
21.03.2025 13:00;85,028
21.03.2025 13:15;78,2594
21.03.2025 13:30;74,3386
21.03.2025 13:45;72,2564
21.03.2025 14:00;72,529
21.03.2025 14:15;69,745
21.03.2025 14:30;75,3826
21.03.2025 14:45;71,5488
21.03.2025 15:00;71,1196
21.03.2025 15:15;71,5662
21.03.2025 15:30;79,5006
21.03.2025 15:45;80,011
21.03.2025 16:00;74,5242
21.03.2025 16:15;58,6264
21.03.2025 16:30;60,2852
21.03.2025 16:45;61,1494
21.03.2025 17:00;64,5598
21.03.2025 17:15;59,1484
21.03.2025 17:30;61,4452
21.03.2025 17:45;56,8458
21.03.2025 18:00;60,0416
21.03.2025 18:15;58,1102
21.03.2025 18:30;64,1654
21.03.2025 18:45;56,086
21.03.2025 19:00;58,3248
21.03.2025 19:15;56,0048
21.03.2025 19:30;63,5448
21.03.2025 19:45;58,9164
21.03.2025 20:00;62,6748
21.03.2025 20:15;57,7448
21.03.2025 20:30;62,9648
21.03.2025 20:45;59,7864
21.03.2025 21:00;67,0248
21.03.2025 21:15;59,4848
21.03.2025 21:30;66,4448
21.03.2025 21:45;59,2064
21.03.2025 22:00;64,1248
21.03.2025 22:15;60,0648
21.03.2025 22:30;64,96
21.03.2025 22:45;56,55
21.03.2025 23:00;59,74
21.03.2025 23:15;55,68
21.03.2025 23:30;60,61
21.03.2025 23:45;55,39
22.03.2025 00:00;62,93
22.03.2025 00:15;54,81
22.03.2025 00:30;60,03
22.03.2025 00:45;54,81
22.03.2025 01:00;61,48
22.03.2025 01:15;56,55
22.03.2025 01:30;59,16
22.03.2025 01:45;54,81
22.03.2025 02:00;58,87
22.03.2025 02:15;55,68
22.03.2025 02:30;60,61
22.03.2025 02:45;54,8564
22.03.2025 03:00;60,0648
22.03.2025 03:15;54,8564
22.03.2025 03:30;62,1006
22.03.2025 03:45;54,8448
22.03.2025 04:00;60,3664
22.03.2025 04:15;56,5848
22.03.2025 04:30;58,6264
22.03.2025 04:45;56,2948
22.03.2025 05:00;60,0648
22.03.2025 05:15;59,2064
22.03.2025 05:30;66,1548
22.03.2025 05:45;69,0664
22.03.2025 06:00;82,1048
22.03.2025 06:15;91,3848
22.03.2025 06:30;110,8322
22.03.2025 06:45;146,8386
22.03.2025 07:00;113,4944
22.03.2025 07:15;89,4418
22.03.2025 07:30;100,833
22.03.2025 07:45;152,656
22.03.2025 08:00;105,7398
22.03.2025 08:15;95,6246
22.03.2025 08:30;85,2832
22.03.2025 08:45;86,4026
22.03.2025 09:00;92,5332
22.03.2025 09:15;142,3204
22.03.2025 09:30;104,2898
22.03.2025 09:45;109,0574
22.03.2025 10:00;140,1802
22.03.2025 10:15;92,7652
22.03.2025 10:30;92,3128
22.03.2025 10:45;88,6414
22.03.2025 11:00;85,231
22.03.2025 11:15;68,4806
22.03.2025 11:30;55,4886
22.03.2025 11:45;58,9744
22.03.2025 12:00;65,3892
22.03.2025 12:15;62,5298
22.03.2025 12:30;50,982
22.03.2025 12:45;57,1474
22.03.2025 13:00;52,1014
22.03.2025 13:15;55,825
22.03.2025 13:30;52,577
22.03.2025 13:45;56,5848
22.03.2025 14:00;52,0492
22.03.2025 14:15;56,3006
22.03.2025 14:30;51,8636
22.03.2025 14:45;56,1672
22.03.2025 15:00;51,5504
22.03.2025 15:15;55,7032
22.03.2025 15:30;50,4136
22.03.2025 15:45;55,9642
22.03.2025 16:00;50,8718
22.03.2025 16:15;56,579
22.03.2025 16:30;51,2256
22.03.2025 16:45;56,2948
22.03.2025 17:00;50,9936
22.03.2025 17:15;56,8516
22.03.2025 17:30;51,1444
22.03.2025 17:45;59,1832
22.03.2025 18:00;53,157
22.03.2025 18:15;59,9662
22.03.2025 18:30;53,3484
22.03.2025 18:45;59,3804
22.03.2025 19:00;54,2648
22.03.2025 19:15;60,6448
22.03.2025 19:30;57,4548
22.03.2025 19:45;60,9348
22.03.2025 20:00;56,0048
22.03.2025 20:15;61,5148
22.03.2025 20:30;57,4664
22.03.2025 20:45;62,6748
22.03.2025 21:00;56,8748
22.03.2025 21:15;59,1948
22.03.2025 21:30;55,7148
22.03.2025 21:45;59,1948
22.03.2025 22:00;57,7448
22.03.2025 22:15;58,0348
22.03.2025 22:30;58
22.03.2025 22:45;58
22.03.2025 23:00;58,58
22.03.2025 23:15;56,55
22.03.2025 23:30;59,45
22.03.2025 23:45;56,84
23.03.2025 00:00;60,03
23.03.2025 00:15;54,81
23.03.2025 00:30;60,9
23.03.2025 00:45;55,68
23.03.2025 01:00;59,74
23.03.2025 01:15;56,26
23.03.2025 01:30;60,32
23.03.2025 01:45;55,68
23.03.2025 02:00;59,16
23.03.2025 02:15;54,23
23.03.2025 02:30;60,03
23.03.2025 02:45;54,2648
23.03.2025 03:00;60,3548
23.03.2025 03:15;55,1348
23.03.2025 03:30;58,9048
23.03.2025 03:45;55,1348
23.03.2025 04:00;59,7864
23.03.2025 04:15;55,7148
23.03.2025 04:30;59,2006
23.03.2025 04:45;53,9748
23.03.2025 05:00;59,4848
23.03.2025 05:15;56,5964
23.03.2025 05:30;60,9348
23.03.2025 05:45;57,1648
23.03.2025 06:00;60,9348
23.03.2025 06:15;58,9048
23.03.2025 06:30;60,9464
23.03.2025 06:45;53,4064
23.03.2025 07:00;58,3132
23.03.2025 07:15;53,07
23.03.2025 07:30;58,0406
23.03.2025 07:45;52,7104
23.03.2025 08:00;56,6486
23.03.2025 08:15;51,7186
23.03.2025 08:30;55,6394
23.03.2025 08:45;52,2754
23.03.2025 09:00;56,8052
23.03.2025 09:15;50,6688
23.03.2025 09:30;55,5408
23.03.2025 09:45;51,6432
23.03.2025 10:00;54,4214
23.03.2025 10:15;53,969
23.03.2025 10:30;54,9202
23.03.2025 10:45;52,9598
23.03.2025 11:00;53,5108
23.03.2025 11:15;53,563
23.03.2025 11:30;53,8588
23.03.2025 11:45;55,4944
23.03.2025 12:00;52,8786
23.03.2025 12:15;54,8274
23.03.2025 12:30;52,7684
23.03.2025 12:45;58,3712
23.03.2025 13:00;51,243
23.03.2025 13:15;55,8772
23.03.2025 13:30;51,2024
23.03.2025 13:45;56,608
23.03.2025 14:00;51,3184
23.03.2025 14:15;55,8888
23.03.2025 14:30;50,7848
23.03.2025 14:45;57,0024
23.03.2025 15:00;50,9878
23.03.2025 15:15;56,2948
23.03.2025 15:30;50,2918
23.03.2025 15:45;55,3262
23.03.2025 16:00;51,881
23.03.2025 16:15;55,9758
23.03.2025 16:30;49,7002
23.03.2025 16:45;54,8042
23.03.2025 17:00;49,5668
23.03.2025 17:15;56,1324
23.03.2025 17:30;51,9738
23.03.2025 17:45;56,869
23.03.2025 18:00;52,0782
23.03.2025 18:15;58,2842
23.03.2025 18:30;55,1348
23.03.2025 18:45;57,739
23.03.2025 19:00;55,1232
23.03.2025 19:15;58,3248
23.03.2025 19:30;57,7448
23.03.2025 19:45;60,9348
23.03.2025 20:00;58,6032
23.03.2025 20:15;59,4848
23.03.2025 20:30;58,0348
23.03.2025 20:45;59,4848
23.03.2025 21:00;59,1948
23.03.2025 21:15;58,0348
23.03.2025 21:30;57,4432
23.03.2025 21:45;56,5848
23.03.2025 22:00;58,0348
23.03.2025 22:15;56,0048
23.03.2025 22:30;60,61
23.03.2025 22:45;55,97
23.03.2025 23:00;58,29
23.03.2025 23:15;54,52
23.03.2025 23:30;59,74
23.03.2025 23:45;56,55
24.03.2025 00:00;60,03
24.03.2025 00:15;54,81
24.03.2025 00:30;58,58
24.03.2025 00:45;54,52
24.03.2025 01:00;59,74
24.03.2025 01:15;55,1
24.03.2025 01:30;59,45
24.03.2025 01:45;53,65
24.03.2025 02:00;59,74
24.03.2025 02:15;55,39
24.03.2025 02:30;60,03
24.03.2025 02:45;56,8748
24.03.2025 03:00;59,4848
24.03.2025 03:15;54,5548
24.03.2025 03:30;60,3548
24.03.2025 03:45;56,0048
24.03.2025 04:00;60,3432
24.03.2025 04:15;54,5548
24.03.2025 04:30;60,9348
24.03.2025 04:45;59,4848
24.03.2025 05:00;66,1548
24.03.2025 05:15;75,7248
24.03.2025 05:30;93,1248
24.03.2025 05:45;121,8406
24.03.2025 06:00;153,4332
24.03.2025 06:15;170,2648
24.03.2025 06:30;228,5316
24.03.2025 06:45;227,1628
24.03.2025 07:00;201,1382
24.03.2025 07:15;177,9672
24.03.2025 07:30;195,547
24.03.2025 07:45;255,606
24.03.2025 08:00;229,0014
24.03.2025 08:15;199,9318
24.03.2025 08:30;186,9688
24.03.2025 08:45;159,0418
24.03.2025 09:00;222,6562
24.03.2025 09:15;227,8646
24.03.2025 09:30;233,2586
24.03.2025 09:45;229,5466
24.03.2025 10:00;213,3066
24.03.2025 10:15;208,3534
24.03.2025 10:30;211,7
24.03.2025 10:45;189,7992
24.03.2025 11:00;189,4454
24.03.2025 11:15;202,739
24.03.2025 11:30;226,7104
24.03.2025 11:45;202,942
24.03.2025 12:00;189,1148
24.03.2025 12:15;157,9108
24.03.2025 12:30;188,297
24.03.2025 12:45;265,031
24.03.2025 13:00;217,3434
24.03.2025 13:15;201,4108
24.03.2025 13:30;229,738
24.03.2025 13:45;190,356
24.03.2025 14:00;194,4392
24.03.2025 14:15;157,8122
24.03.2025 14:30;127,484
24.03.2025 14:45;137,7268
24.03.2025 15:00;151,3974
24.03.2025 15:15;108,344
24.03.2025 15:30;91,7676
24.03.2025 15:45;88,8096
24.03.2025 16:00;89,9
24.03.2025 16:15;85,0338
24.03.2025 16:30;86,6172
24.03.2025 16:45;82,5224
24.03.2025 17:00;82,0642
24.03.2025 17:15;90,7584
24.03.2025 17:30;78,6828
24.03.2025 17:45;73,0104
24.03.2025 18:00;75,2144
24.03.2025 18:15;83,8564
24.03.2025 18:30;77,053
24.03.2025 18:45;73,4106
24.03.2025 19:00;69,252
24.03.2025 19:15;73,4048
24.03.2025 19:30;81,5248
24.03.2025 19:45;73,9848
24.03.2025 20:00;64,1248
24.03.2025 20:15;68,1848
24.03.2025 20:30;84,1348
24.03.2025 20:45;88,4848
24.03.2025 21:00;95,7232
24.03.2025 21:15;90,5148
24.03.2025 21:30;84,1348
24.03.2025 21:45;82,1048
24.03.2025 22:00;85,5848
24.03.2025 22:15;72,8248
24.03.2025 22:30;63,22
24.03.2025 22:45;63,22
24.03.2025 23:00;59,74
24.03.2025 23:15;55,1
24.03.2025 23:30;60,9
24.03.2025 23:45;58,87
25.03.2025 00:00;56,55
25.03.2025 00:15;64,09
25.03.2025 00:30;62,06
25.03.2025 00:45;55,97
25.03.2025 01:00;60,61
25.03.2025 01:15;62,06
25.03.2025 01:30;55,39
25.03.2025 01:45;60,9
25.03.2025 02:00;62,35
25.03.2025 02:15;55,97
25.03.2025 02:30;62,35
25.03.2025 02:45;62,0948
25.03.2025 03:00;55,1348
25.03.2025 03:15;60,6448
25.03.2025 03:30;64,4148
25.03.2025 03:45;72,8248
25.03.2025 04:00;77,1632
25.03.2025 04:15;78,6248
25.03.2025 04:30;73,6948
25.03.2025 04:45;76,8848
25.03.2025 05:00;83,2648
25.03.2025 05:15;95,4448
25.03.2025 05:30;114,2948
25.03.2025 05:45;138,3648
25.03.2025 06:00;148,2248
25.03.2025 06:15;171,4248
25.03.2025 06:30;246,2506
25.03.2025 06:45;225,0632
25.03.2025 07:00;197,9018
25.03.2025 07:15;172,7878
25.03.2025 07:30;181,3022
25.03.2025 07:45;222,7838
25.03.2025 08:00;226,287
25.03.2025 08:15;204,4152
25.03.2025 08:30;188,268
25.03.2025 08:45;163,1134
25.03.2025 09:00;170,8912
25.03.2025 09:15;254,8288
25.03.2025 09:30;202,942
25.03.2025 09:45;201,4282
25.03.2025 10:00;235,9208
25.03.2025 10:15;218,573
25.03.2025 10:30;188,6218
25.03.2025 10:45;187,0674
25.03.2025 11:00;193,952
25.03.2025 11:15;222,343
25.03.2025 11:30;187,6938
25.03.2025 11:45;186,0988
25.03.2025 12:00;180,235
25.03.2025 12:15;160,022
25.03.2025 12:30;208,9682
25.03.2025 12:45;216,0848
25.03.2025 13:00;239,2964
25.03.2025 13:15;200,1348
25.03.2025 13:30;188,3144
25.03.2025 13:45;187,485
25.03.2025 14:00;192,85
25.03.2025 14:15;174,493
25.03.2025 14:30;131,225
25.03.2025 14:45;119,5438
25.03.2025 15:00;118,1286
25.03.2025 15:15;116,3828
25.03.2025 15:30;102,9906
25.03.2025 15:45;95,5782
25.03.2025 16:00;92,597
25.03.2025 16:15;89,5868
25.03.2025 16:30;89,0706
25.03.2025 16:45;88,9546
25.03.2025 17:00;86,8376
25.03.2025 17:15;88,1716
25.03.2025 17:30;77,8476
25.03.2025 17:45;64,4554
25.03.2025 18:00;60,7608
25.03.2025 18:15;67,8948
25.03.2025 18:30;63,2838
25.03.2025 18:45;65,7082
25.03.2025 19:00;72,5348
25.03.2025 19:15;75,4232
25.03.2025 19:30;64,4148
25.03.2025 19:45;71,6648
25.03.2025 20:00;67,3148
25.03.2025 20:15;69,3332
25.03.2025 20:30;64,9948
25.03.2025 20:45;71,9548
25.03.2025 21:00;65,8648
25.03.2025 21:15;74,2748
25.03.2025 21:30;63,8232
25.03.2025 21:45;70,5048
25.03.2025 22:00;64,4148
25.03.2025 22:15;67,6048
25.03.2025 22:30;62,06
25.03.2025 22:45;64,67
25.03.2025 23:00;59,16
25.03.2025 23:15;64,09
25.03.2025 23:30;58,58
25.03.2025 23:45;63,51
26.03.2025 00:00;58,29
26.03.2025 00:15;64,09
26.03.2025 00:30;60,03
26.03.2025 00:45;62,64
26.03.2025 01:00;63,22
26.03.2025 01:15;62,35
26.03.2025 01:30;63,8
26.03.2025 01:45;61,77
26.03.2025 02:00;63,22
26.03.2025 02:15;60,03
26.03.2025 02:30;65,25
26.03.2025 02:45;60,0648
26.03.2025 03:00;64,7048
26.03.2025 03:15;59,4732
26.03.2025 03:30;64,4148
26.03.2025 03:45;66,1548
26.03.2025 04:00;81,5248
26.03.2025 04:15;76,5948
26.03.2025 04:30;80,6432
26.03.2025 04:45;75,4348
26.03.2025 05:00;83,5548
26.03.2025 05:15;93,4148
26.03.2025 05:30;116,0348
26.03.2025 05:45;134,8732
26.03.2025 06:00;146,4848
26.03.2025 06:15;167,0632
26.03.2025 06:30;191,139
26.03.2025 06:45;228,8912
26.03.2025 07:00;214,1592
26.03.2025 07:15;184,7242
26.03.2025 07:30;192,0612
26.03.2025 07:45;240,9784
26.03.2025 08:00;251,7026
26.03.2025 08:15;264,1842
26.03.2025 08:30;209,7454
26.03.2025 08:45;178,3094
26.03.2025 09:00;189,2018
26.03.2025 09:15;218,4744
26.03.2025 09:30;204,0846
26.03.2025 09:45;243,1302
26.03.2025 10:00;208,6782
26.03.2025 10:15;193,894
26.03.2025 10:30;196,0284
26.03.2025 10:45;201,4572
26.03.2025 11:00;233,2296
26.03.2025 11:15;199,8042
26.03.2025 11:30;227,3194
26.03.2025 11:45;217,3666
26.03.2025 12:00;185,0954
26.03.2025 12:15;154,512
26.03.2025 12:30;184,1036
26.03.2025 12:45;205,6448
26.03.2025 13:00;212,6512
26.03.2025 13:15;203,638
26.03.2025 13:30;195,837
26.03.2025 13:45;202,7332
26.03.2025 14:00;190,6344
26.03.2025 14:15;184,0514
26.03.2025 14:30;138,0168
26.03.2025 14:45;186,557
26.03.2025 15:00;160,6484
26.03.2025 15:15;136,1376
26.03.2025 15:30;113,245
26.03.2025 15:45;94,7546
26.03.2025 16:00;100,7286
26.03.2025 16:15;95,8624
26.03.2025 16:30;87,4814
26.03.2025 16:45;89,5172
26.03.2025 17:00;87,4234
26.03.2025 17:15;89,4476
26.03.2025 17:30;69,1128
26.03.2025 17:45;70,267
26.03.2025 18:00;66,4158
26.03.2025 18:15;62,64
26.03.2025 18:30;60,5694
26.03.2025 18:45;60,0416
26.03.2025 19:00;59,8966
26.03.2025 19:15;58,9048
26.03.2025 19:30;74,5532
26.03.2025 19:45;68,1848
26.03.2025 20:00;60,6332
26.03.2025 20:15;65,2848
26.03.2025 20:30;60,9232
26.03.2025 20:45;67,8948
26.03.2025 21:00;63,2432
26.03.2025 21:15;64,7048
26.03.2025 21:30;62,6632
26.03.2025 21:45;64,4148
26.03.2025 22:00;62,6748
26.03.2025 22:15;62,0832
26.03.2025 22:30;62,06
26.03.2025 22:45;58,87
26.03.2025 23:00;58,58
26.03.2025 23:15;58,58
26.03.2025 23:30;59,45
26.03.2025 23:45;57,42
27.03.2025 00:00;60,32
27.03.2025 00:15;54,52
27.03.2025 00:30;61,19
27.03.2025 00:45;56,55
27.03.2025 01:00;61,77
27.03.2025 01:15;58,29
27.03.2025 01:30;61,48
27.03.2025 01:45;56,55
27.03.2025 02:00;61,48
27.03.2025 02:15;57,13
27.03.2025 02:30;60,61
27.03.2025 02:45;57,7332
27.03.2025 03:00;60,6448
27.03.2025 03:15;55,9932
27.03.2025 03:30;59,7748
27.03.2025 03:45;60,6332
27.03.2025 04:00;74,2748
27.03.2025 04:15;77,4648
27.03.2025 04:30;73,3932
27.03.2025 04:45;76,8848
27.03.2025 05:00;77,1632
27.03.2025 05:15;92,5448
27.03.2025 05:30;109,3648
27.03.2025 05:45;139,5132
27.03.2025 06:00;135,7548
27.03.2025 06:15;178,9474
27.03.2025 06:30;210,859
27.03.2025 06:45;222,2966
27.03.2025 07:00;215,8006
27.03.2025 07:15;179,481
27.03.2025 07:30;197,3972
27.03.2025 07:45;221,9428
27.03.2025 08:00;222,691
27.03.2025 08:15;224,6282
27.03.2025 08:30;201,7646
27.03.2025 08:45;160,7818
27.03.2025 09:00;196,881
27.03.2025 09:15;247,1612
27.03.2025 09:30;242,6546
27.03.2025 09:45;237,3012
27.03.2025 10:00;265,9474
27.03.2025 10:15;206,799
27.03.2025 10:30;206,2886
27.03.2025 10:45;225,939
27.03.2025 11:00;243,7624
27.03.2025 11:15;221,0554
27.03.2025 11:30;223,996
27.03.2025 11:45;225,0574
27.03.2025 12:00;206,8454
27.03.2025 12:15;182,8276
27.03.2025 12:30;210,714
27.03.2025 12:45;244,3366
27.03.2025 13:00;242,6372
27.03.2025 13:15;264,0566
27.03.2025 13:30;230,0744
27.03.2025 13:45;252,996
27.03.2025 14:00;243,1012
27.03.2025 14:15;192,5832
27.03.2025 14:30;154,7614
27.03.2025 14:45;157,1452
27.03.2025 15:00;160,0452
27.03.2025 15:15;141,6302
27.03.2025 15:30;128,151
27.03.2025 15:45;130,8306
27.03.2025 16:00;127,6696
27.03.2025 16:15;125,4656
27.03.2025 16:30;123,9692
27.03.2025 16:45;104,3884
27.03.2025 17:00;99,2728
27.03.2025 17:15;100,9258
27.03.2025 17:30;97,3356
27.03.2025 17:45;91,8082
27.03.2025 18:00;84,013
27.03.2025 18:15;87,7076
27.03.2025 18:30;87,2552
27.03.2025 18:45;88,0788
27.03.2025 19:00;93,148
27.03.2025 19:15;98,9364
27.03.2025 19:30;89,3548
27.03.2025 19:45;89,3548
27.03.2025 20:00;90,8048
27.03.2025 20:15;90,8048
27.03.2025 20:30;91,9648
27.03.2025 20:45;93,4264
27.03.2025 21:00;91,9648
27.03.2025 21:15;91,0948
27.03.2025 21:30;89,3548
27.03.2025 21:45;89,0648
27.03.2025 22:00;89,6564
27.03.2025 22:15;87,6148
27.03.2025 22:30;88,74
27.03.2025 22:45;85,84
27.03.2025 23:00;84,39
27.03.2025 23:15;84,97
27.03.2025 23:30;83,81
27.03.2025 23:45;85,26
28.03.2025 00:00;85,84
28.03.2025 00:15;84,39
28.03.2025 00:30;83,23
28.03.2025 00:45;82,65
28.03.2025 01:00;85,26
28.03.2025 01:15;84,39
28.03.2025 01:30;85,84
28.03.2025 01:45;83,81
28.03.2025 02:00;83,23
28.03.2025 02:15;84,97
28.03.2025 02:30;86,71
28.03.2025 02:45;86,4548
28.03.2025 03:00;85,8864
28.03.2025 03:15;86,7448
28.03.2025 03:30;87,3248
28.03.2025 03:45;97,1848
28.03.2025 04:00;101,8248
28.03.2025 04:15;103,5764
28.03.2025 04:30;105,0148
28.03.2025 04:45;103,8548
28.03.2025 05:00;107,9148
28.03.2025 05:15;120,6748
28.03.2025 05:30;137,7964
28.03.2025 05:45;160,6948
28.03.2025 06:00;170,8448
28.03.2025 06:15;187,6648
28.03.2025 06:30;213,0746
28.03.2025 06:45;250,4034
28.03.2025 07:00;200,2682
28.03.2025 07:15;179,5622
28.03.2025 07:30;201,3122
28.03.2025 07:45;222,0356
28.03.2025 08:00;243,3622
28.03.2025 08:15;202,2692
28.03.2025 08:30;194,7234
28.03.2025 08:45;158,4734
28.03.2025 09:00;184,4516
28.03.2025 09:15;203,5626
28.03.2025 09:30;213,73
28.03.2025 09:45;218,0742
28.03.2025 10:00;248,3212
28.03.2025 10:15;208,5796
28.03.2025 10:30;216,0848
28.03.2025 10:45;192,821
28.03.2025 11:00;207,3848
28.03.2025 11:15;214,1418
28.03.2025 11:30;240,1722
28.03.2025 11:45;194,9496
28.03.2025 12:00;181,7024
28.03.2025 12:15;144,8434
28.03.2025 12:30;99,3714
28.03.2025 12:45;101,0128
28.03.2025 13:00;74,9302
28.03.2025 13:15;79,75
28.03.2025 13:30;77,2908
28.03.2025 13:45;72,2158
28.03.2025 14:00;75,342
28.03.2025 14:15;72,239
28.03.2025 14:30;74,0834
28.03.2025 14:45;75,8118
28.03.2025 15:00;76,5542
28.03.2025 15:15;78,4914
28.03.2025 15:30;76,0612
28.03.2025 15:45;67,9122
28.03.2025 16:00;65,4994
28.03.2025 16:15;61,1204
28.03.2025 16:30;60,03
28.03.2025 16:45;60,8768
28.03.2025 17:00;55,0652
28.03.2025 17:15;57,9246
28.03.2025 17:30;56,9618
28.03.2025 17:45;56,898
28.03.2025 18:00;55,3378
28.03.2025 18:15;55,5988
28.03.2025 18:30;53,6384
28.03.2025 18:45;55,5582
28.03.2025 19:00;56,5094
28.03.2025 19:15;60,9348
28.03.2025 19:30;62,0948
28.03.2025 19:45;62,9648
28.03.2025 20:00;61,5148
28.03.2025 20:15;62,9648
28.03.2025 20:30;64,4264
28.03.2025 20:45;62,3848
28.03.2025 21:00;64,1248
28.03.2025 21:15;62,0948
28.03.2025 21:30;59,1948
28.03.2025 21:45;62,0948
28.03.2025 22:00;61,5148
28.03.2025 22:15;61,8164
28.03.2025 22:30;60,61
28.03.2025 22:45;62,35
28.03.2025 23:00;61,19
28.03.2025 23:15;62,93
28.03.2025 23:30;63,22
28.03.2025 23:45;61,48
29.03.2025 00:00;63,22
29.03.2025 00:15;60,61
29.03.2025 00:30;62,06
29.03.2025 00:45;63,22
29.03.2025 01:00;64,38
29.03.2025 01:15;61,77
29.03.2025 01:30;62,35
29.03.2025 01:45;59,74
29.03.2025 02:00;62,64
29.03.2025 02:15;62,06
29.03.2025 02:30;63,22
29.03.2025 02:45;63,5448
29.03.2025 03:00;62,9648
29.03.2025 03:15;61,5148
29.03.2025 03:30;61,5264
29.03.2025 03:45;63,5448
29.03.2025 04:00;62,6748
29.03.2025 04:15;62,6748
29.03.2025 04:30;63,5564
29.03.2025 04:45;63,5448
29.03.2025 05:00;61,5148
29.03.2025 05:15;63,5448
29.03.2025 05:30;65,2848
29.03.2025 05:45;89,0764
29.03.2025 06:00;96,8948
29.03.2025 06:15;98,3448
29.03.2025 06:30;97,3472
29.03.2025 06:45;103,6286
29.03.2025 07:00;107,0738
29.03.2025 07:15;99,0292
29.03.2025 07:30;102,5962
29.03.2025 07:45;102,747
29.03.2025 08:00;103,8896
29.03.2025 08:15;99,4294
29.03.2025 08:30;98,9712
29.03.2025 08:45;94,4472
29.03.2025 09:00;99,1104
29.03.2025 09:15;99,6092
29.03.2025 09:30;95,8508
29.03.2025 09:45;98,1708
29.03.2025 10:00;98,9074
29.03.2025 10:15;95,2302
29.03.2025 10:30;93,728
29.03.2025 10:45;101,7436
29.03.2025 11:00;94,9634
29.03.2025 11:15;81,8844
29.03.2025 11:30;65,0934
29.03.2025 11:45;53,2904
29.03.2025 12:00;55,7786
29.03.2025 12:15;52,142
29.03.2025 12:30;51,9796
29.03.2025 12:45;51,9622
29.03.2025 13:00;54,5606
29.03.2025 13:15;52,287
29.03.2025 13:30;54,4388
29.03.2025 13:45;48,4764
29.03.2025 14:00;52,8206
29.03.2025 14:15;52,5654
29.03.2025 14:30;52,6698
29.03.2025 14:45;51,6258
29.03.2025 15:00;54,404
29.03.2025 15:15;52,5132
29.03.2025 15:30;51,8056
29.03.2025 15:45;53,5108
29.03.2025 16:00;50,5992
29.03.2025 16:15;51,6664
29.03.2025 16:30;53,2962
29.03.2025 16:45;52,4262
29.03.2025 17:00;52,954
29.03.2025 17:15;54,0966
29.03.2025 17:30;54,1372
29.03.2025 17:45;52,1072
29.03.2025 18:00;53,3252
29.03.2025 18:15;54,5896
29.03.2025 18:30;51,475
29.03.2025 18:45;56,2774
29.03.2025 19:00;56,9734
29.03.2025 19:15;61,248
29.03.2025 19:30;61,2248
29.03.2025 19:45;62,0948
29.03.2025 20:00;61,2248
29.03.2025 20:15;62,3848
29.03.2025 20:30;62,9648
29.03.2025 20:45;62,9648
29.03.2025 21:00;60,6448
29.03.2025 21:15;60,3548
29.03.2025 21:30;60,3548
29.03.2025 21:45;58,0348
29.03.2025 22:00;60,3548
29.03.2025 22:15;60,3548
29.03.2025 22:30;62,93
29.03.2025 22:45;63,22
29.03.2025 23:00;62,35
29.03.2025 23:15;60,32
29.03.2025 23:30;62,06
29.03.2025 23:45;62,35
30.03.2025 00:00;61,19
30.03.2025 00:15;62,06
30.03.2025 00:30;62,64
30.03.2025 00:45;62,64
30.03.2025 01:00;60,61
30.03.2025 01:15;61,48
30.03.2025 01:30;61,77
30.03.2025 01:45;63,51
30.03.2025 03:00;62,64
30.03.2025 03:15;62,6748
30.03.2025 03:30;61,8048
30.03.2025 03:45;62,0948
30.03.2025 04:00;62,6748
30.03.2025 04:15;61,2248
30.03.2025 04:30;63,2548
30.03.2025 04:45;62,6748
30.03.2025 05:00;62,9648
30.03.2025 05:15;63,2548
30.03.2025 05:30;62,1064
30.03.2025 05:45;64,4148
30.03.2025 06:00;63,2548
30.03.2025 06:15;63,5448
30.03.2025 06:30;62,0948
30.03.2025 06:45;63,8348
30.03.2025 07:00;62,0948
30.03.2025 07:15;56,2948
30.03.2025 07:30;56,2948
30.03.2025 07:45;56,0048
30.03.2025 08:00;55,97
30.03.2025 08:15;55,071
30.03.2025 08:30;55,4712
30.03.2025 08:45;54,0328
30.03.2025 09:00;54,6244
30.03.2025 09:15;54,3808
30.03.2025 09:30;55,274
30.03.2025 09:45;55,071
30.03.2025 10:00;55,4712
30.03.2025 10:15;55,332
30.03.2025 10:30;52,1884
30.03.2025 10:45;55,4016
30.03.2025 11:00;53,8762
30.03.2025 11:15;53,418
30.03.2025 11:30;55,7844
30.03.2025 11:45;53,9342
30.03.2025 12:00;54,491
30.03.2025 12:15;53,4528
30.03.2025 12:30;53,9052
30.03.2025 12:45;53,2614
30.03.2025 13:00;54,7984
30.03.2025 13:15;53,65
30.03.2025 13:30;53,1628
30.03.2025 13:45;52,7336
30.03.2025 14:00;54,8158
30.03.2025 14:15;53,0932
30.03.2025 14:30;55,4364
30.03.2025 14:45;53,911
30.03.2025 15:00;52,2
30.03.2025 15:15;52,6002
30.03.2025 15:30;53,5166
30.03.2025 15:45;53,9458
30.03.2025 16:00;53,1918
30.03.2025 16:15;55,0594
30.03.2025 16:30;53,4354
30.03.2025 16:45;52,2174
30.03.2025 17:00;51,1908
30.03.2025 17:15;52,8902
30.03.2025 17:30;54,549
30.03.2025 17:45;52,3218
30.03.2025 18:00;63,4172
30.03.2025 18:15;70,2728
30.03.2025 18:30;66,8972
30.03.2025 18:45;72,7204
30.03.2025 19:00;69,8088
30.03.2025 19:15;68,2776
30.03.2025 19:30;66,0446
30.03.2025 19:45;67,6338
30.03.2025 20:00;68,2602
30.03.2025 20:15;68,6198
30.03.2025 20:30;71,9432
30.03.2025 20:45;73,9848
30.03.2025 21:00;73,6832
30.03.2025 21:15;74,2748
30.03.2025 21:30;73,4048
30.03.2025 21:45;74,8432
30.03.2025 22:00;71,3748
30.03.2025 22:15;70,7948
30.03.2025 22:30;73,95
30.03.2025 22:45;72,21
30.03.2025 23:00;72,5
30.03.2025 23:15;74,24
30.03.2025 23:30;73,95
30.03.2025 23:45;74,24
31.03.2025 00:00;73,95
31.03.2025 00:15;74,53
31.03.2025 00:30;75,69
31.03.2025 00:45;74,24
31.03.2025 01:00;75,4
31.03.2025 01:15;75,69
31.03.2025 01:30;74,24
31.03.2025 01:45;73,08
31.03.2025 02:00;80,91
31.03.2025 02:15;76,27
31.03.2025 02:30;75,11
31.03.2025 02:45;77,1748
31.03.2025 03:00;76,3048
31.03.2025 03:15;74,2748
31.03.2025 03:30;74,8432
31.03.2025 03:45;74,2748
31.03.2025 04:00;75,4348
31.03.2025 04:15;77,4648
31.03.2025 04:30;76,0032
31.03.2025 04:45;77,7548
31.03.2025 05:00;81,8148
31.03.2025 05:15;91,6748
31.03.2025 05:30;101,5348
31.03.2025 05:45;130,8132
31.03.2025 06:00;149,0948
31.03.2025 06:15;160,3932
31.03.2025 06:30;192,3106
31.03.2025 06:45;199,5316
31.03.2025 07:00;202,4606
31.03.2025 07:15;177,4916
31.03.2025 07:30;231,0778
31.03.2025 07:45;203,6844
31.03.2025 08:00;241,6628
31.03.2025 08:15;213,8866
31.03.2025 08:30;211,5782
31.03.2025 08:45;165,4914
31.03.2025 09:00;188,4826
31.03.2025 09:15;259,6138
31.03.2025 09:30;236,002
31.03.2025 09:45;239,2326
31.03.2025 10:00;221,7166
31.03.2025 10:15;202,3562
31.03.2025 10:30;213,2486
31.03.2025 10:45;212,2104
31.03.2025 11:00;201,5036
31.03.2025 11:15;202,8202
31.03.2025 11:30;209,4148
31.03.2025 11:45;207,0484
31.03.2025 12:00;193,2386
31.03.2025 12:15;165,503
31.03.2025 12:30;184,382
31.03.2025 12:45;232,0464
31.03.2025 13:00;215,586
31.03.2025 13:15;214,1476
31.03.2025 13:30;219,6866
31.03.2025 13:45;201,8226
31.03.2025 14:00;212,3612
31.03.2025 14:15;170,9898
31.03.2025 14:30;126,3762
31.03.2025 14:45;120,7502
31.03.2025 15:00;120,9358
31.03.2025 15:15;115,101
31.03.2025 15:30;105,8674
31.03.2025 15:45;102,4454
31.03.2025 16:00;76,3048
31.03.2025 16:15;75,3826
31.03.2025 16:30;74,1646
31.03.2025 16:45;76,1018
31.03.2025 17:00;76,154
31.03.2025 17:15;71,5488
31.03.2025 17:30;69,6812
31.03.2025 17:45;68,875
31.03.2025 18:00;67,1118
31.03.2025 18:15;73,2018
31.03.2025 18:30;68,15
31.03.2025 18:45;69,4898
31.03.2025 19:00;66,4506
31.03.2025 19:15;71,4038
31.03.2025 19:30;82,07
31.03.2025 19:45;72,9292
31.03.2025 20:00;72,7262
31.03.2025 20:15;81,5828
31.03.2025 20:30;83,2532
31.03.2025 20:45;75,1448
31.03.2025 21:00;78,6248
31.03.2025 21:15;78,3232
31.03.2025 21:30;80,3648
31.03.2025 21:45;80,3648
31.03.2025 22:00;75,1448
31.03.2025 22:15;76,8848
31.03.2025 22:30;73,37
31.03.2025 22:45;74,82
31.03.2025 23:00;74,53
31.03.2025 23:15;71,34
31.03.2025 23:30;73,37
31.03.2025 23:45;75,69
01.04.2025 00:00;74,53
01.04.2025 00:15;75,4
01.04.2025 00:30;76,56
01.04.2025 00:45;72,5
01.04.2025 01:00;75,11
01.04.2025 01:15;75,69
01.04.2025 01:30;75,69
01.04.2025 01:45;74,24
01.04.2025 02:00;74,82
01.04.2025 02:15;73,66
01.04.2025 02:30;76,27
01.04.2025 02:45;76,2932
01.04.2025 03:00;76,5948
01.04.2025 03:15;75,7248
01.04.2025 03:30;73,9848
01.04.2025 03:45;77,1748
01.04.2025 04:00;76,8848
01.04.2025 04:15;75,7248
01.04.2025 04:30;75,4348
01.04.2025 04:45;76,5948
01.04.2025 05:00;81,8032
01.04.2025 05:15;92,5448
01.04.2025 05:30;108,7848
01.04.2025 05:45;132,5648
01.04.2025 06:00;141,2648
01.04.2025 06:15;179,5216
01.04.2025 06:30;234,0706
01.04.2025 06:45;250,5832
01.04.2025 07:00;234,6332
01.04.2025 07:15;192,879
01.04.2025 07:30;198,0758
01.04.2025 07:45;225,6954
01.04.2025 08:00;218,7238
01.04.2025 08:15;213,237
01.04.2025 08:30;201,5964
01.04.2025 08:45;165,039
01.04.2025 09:00;179,7014
01.04.2025 09:15;210,8184
01.04.2025 09:30;235,3176
01.04.2025 09:45;239,3776
01.04.2025 10:00;221,3338
01.04.2025 10:15;211,8102
01.04.2025 10:30;220,0636
01.04.2025 10:45;191,6842
01.04.2025 11:00;193,8302
01.04.2025 11:15;208,2606
01.04.2025 11:30;218,3932
01.04.2025 11:45;219,2806
01.04.2025 12:00;197,1942
01.04.2025 12:15;166,5006
01.04.2025 12:30;191,893
01.04.2025 12:45;219,2168
01.04.2025 13:00;229,332
01.04.2025 13:15;209,5598
01.04.2025 13:30;209,1944
01.04.2025 13:45;199,0096
01.04.2025 14:00;187,2066
01.04.2025 14:15;159,1984
01.04.2025 14:30;135,7548
01.04.2025 14:45;125,6628
01.04.2025 15:00;113,6104
01.04.2025 15:15;110,4958
01.04.2025 15:30;103,704
01.04.2025 15:45;94,7488
01.04.2025 16:00;73,5788
01.04.2025 16:15;71,7054
01.04.2025 16:30;74,6228
01.04.2025 16:45;77,6156
01.04.2025 17:00;72,0302
01.04.2025 17:15;71,0964
01.04.2025 17:30;70,9572
01.04.2025 17:45;67,7614
01.04.2025 18:00;70,6208
01.04.2025 18:15;62,1644
01.04.2025 18:30;63,22
01.04.2025 18:45;59,392
01.04.2025 19:00;56,7124
01.04.2025 19:15;67,2858
01.04.2025 19:30;75,0056
01.04.2025 19:45;72,442
01.04.2025 20:00;64,6468
01.04.2025 20:15;71,2588
01.04.2025 20:30;73,3932
01.04.2025 20:45;71,0848
01.04.2025 21:00;70,5048
01.04.2025 21:15;72,2448
01.04.2025 21:30;69,9248
01.04.2025 21:45;69,6348
01.04.2025 22:00;69,0548
01.04.2025 22:15;71,3748
01.04.2025 22:30;65,54
01.04.2025 22:45;67,86
01.04.2025 23:00;66,41
01.04.2025 23:15;66,41
01.04.2025 23:30;66,41
01.04.2025 23:45;66,12
02.04.2025 00:00;66,7
02.04.2025 00:15;66,99
02.04.2025 00:30;65,54
02.04.2025 00:45;64,67
02.04.2025 01:00;67,57
02.04.2025 01:15;66,12
02.04.2025 01:30;66,7
02.04.2025 01:45;69,02
02.04.2025 02:00;64,96
02.04.2025 02:15;66,12
02.04.2025 02:30;66,12
02.04.2025 02:45;66,4448
02.04.2025 03:00;67,6048
02.04.2025 03:15;67,3148
02.04.2025 03:30;70,7948
02.04.2025 03:45;67,3264
02.04.2025 04:00;67,3148
02.04.2025 04:15;80,6548
02.04.2025 04:30;82,9748
02.04.2025 04:45;82,9748
02.04.2025 05:00;91,0948
02.04.2025 05:15;100,0848
02.04.2025 05:30;115,7448
02.04.2025 05:45;136,0448
02.04.2025 06:00;152,2848
02.04.2025 06:15;171,7148
02.04.2025 06:30;204,1948
02.04.2025 06:45;225,3648
02.04.2025 07:00;221,0206
02.04.2025 07:15;214,5652
02.04.2025 07:30;187,6822
02.04.2025 07:45;203,1392
02.04.2025 08:00;207,0252
02.04.2025 08:15;205,1228
02.04.2025 08:30;181,7546
02.04.2025 08:45;159,3028
02.04.2025 09:00;177,219
02.04.2025 09:15;221,705
02.04.2025 09:30;216,05
02.04.2025 09:45;198,4586
02.04.2025 10:00;197,5596
02.04.2025 10:15;196,8926
02.04.2025 10:30;196,301
02.04.2025 10:45;181,25
02.04.2025 11:00;176,1634
02.04.2025 11:15;203
02.04.2025 11:30;199,9608
02.04.2025 11:45;198,4876
02.04.2025 12:00;175,9198
02.04.2025 12:15;153,3056
02.04.2025 12:30;182,5434
02.04.2025 12:45;213,1906
02.04.2025 13:00;203,0986
02.04.2025 13:15;187,5952
02.04.2025 13:30;199,5664
02.04.2025 13:45;191,4174
02.04.2025 14:00;194,9902
02.04.2025 14:15;180,9252
02.04.2025 14:30;132,1356
02.04.2025 14:45;123,0818
02.04.2025 15:00;119,3118
02.04.2025 15:15;117,5428
02.04.2025 15:30;91,2108
02.04.2025 15:45;90,219
02.04.2025 16:00;88,537
02.04.2025 16:15;74,6228
02.04.2025 16:30;60,8884
02.04.2025 16:45;59,7284
02.04.2025 17:00;62,1354
02.04.2025 17:15;58,1798
02.04.2025 17:30;57,2808
02.04.2025 17:45;56,6428
02.04.2025 18:00;59,624
02.04.2025 18:15;55,0652
02.04.2025 18:30;55,7728
02.04.2025 18:45;56,9966
02.04.2025 19:00;58,0638
02.04.2025 19:15;57,6404
02.04.2025 19:30;57,072
02.04.2025 19:45;71,5314
02.04.2025 20:00;61,2132
02.04.2025 20:15;65,221
02.04.2025 20:30;64,7048
02.04.2025 20:45;68,4748
02.04.2025 21:00;65,8648
02.04.2025 21:15;67,8948
02.04.2025 21:30;66,7348
02.04.2025 21:45;64,9948
02.04.2025 22:00;64,9948
02.04.2025 22:15;64,4148
02.04.2025 22:30;66,12
02.04.2025 22:45;66,7
02.04.2025 23:00;63,8
02.04.2025 23:15;55,68
02.04.2025 23:30;57,13
02.04.2025 23:45;60,32
03.04.2025 00:00;59,16
03.04.2025 00:15;58
03.04.2025 00:30;58
03.04.2025 00:45;58,58
03.04.2025 01:00;58,29
03.04.2025 01:15;56,84
03.04.2025 01:30;57,42
03.04.2025 01:45;59,45
03.04.2025 02:00;60,32
03.04.2025 02:15;58
03.04.2025 02:30;57,42
03.04.2025 02:45;58,3248
03.04.2025 03:00;57,7564
03.04.2025 03:15;58,6148
03.04.2025 03:30;58,0348
03.04.2025 03:45;57,1648
03.04.2025 04:00;61,8048
03.04.2025 04:15;78,9148
03.04.2025 04:30;74,5648
03.04.2025 04:45;74,8548
03.04.2025 05:00;79,7848
03.04.2025 05:15;94,8648
03.04.2025 05:30;109,6664
03.04.2025 05:45;131,9848
03.04.2025 06:00;148,5148
03.04.2025 06:15;180,9832
03.04.2025 06:30;209,7048
03.04.2025 06:45;227,0932
03.04.2025 07:00;223,3464
03.04.2025 07:15;192,792
03.04.2025 07:30;189,4222
03.04.2025 07:45;209,6468
03.04.2025 08:00;257,9318
03.04.2025 08:15;225,388
03.04.2025 08:30;193,4706
03.04.2025 08:45;160,08
03.04.2025 09:00;200,6742
03.04.2025 09:15;233,0672
03.04.2025 09:30;201,4862
03.04.2025 09:45;235,0682
03.04.2025 10:00;256,2034
03.04.2025 10:15;233,1484
03.04.2025 10:30;264,7758
03.04.2025 10:45;220,8756
03.04.2025 11:00;201,289
03.04.2025 11:15;203,8294
03.04.2025 11:30;253,2686
03.04.2025 11:45;221,8732
03.04.2025 12:00;188,2506
03.04.2025 12:15;154,3786
03.04.2025 12:30;184,4632
03.04.2025 12:45;229,535
03.04.2025 13:00;253,0308
03.04.2025 13:15;231,8608
03.04.2025 13:30;214,2984
03.04.2025 13:45;192,7572
03.04.2025 14:00;189,7354
03.04.2025 14:15;153,3056
03.04.2025 14:30;124,4216
03.04.2025 14:45;117,8212
03.04.2025 15:00;115,6288
03.04.2025 15:15;105,5658
03.04.2025 15:30;88,7342
03.04.2025 15:45;94,2094
03.04.2025 16:00;86,913
03.04.2025 16:15;70,1278
03.04.2025 16:30;62,0426
03.04.2025 16:45;67,1698
03.04.2025 17:00;63,452
03.04.2025 17:15;59,7342
03.04.2025 17:30;59,3456
03.04.2025 17:45;57,4142
03.04.2025 18:00;58,8062
03.04.2025 18:15;56,3702
03.04.2025 18:30;56,3006
03.04.2025 18:45;56,3702
03.04.2025 19:00;55,9294
03.04.2025 19:15;68,672
03.04.2025 19:30;63,3882
03.04.2025 19:45;60,436
03.04.2025 20:00;58,0406
03.04.2025 20:15;62,4254
03.04.2025 20:30;65,8648
03.04.2025 20:45;65,5748
03.04.2025 21:00;64,9948
03.04.2025 21:15;64,1248
03.04.2025 21:30;64,7048
03.04.2025 21:45;64,9948
03.04.2025 22:00;64,1364
03.04.2025 22:15;62,9648
03.04.2025 22:30;62,64
03.04.2025 22:45;63,51
03.04.2025 23:00;62,06
03.04.2025 23:15;54,81
03.04.2025 23:30;55,97
03.04.2025 23:45;58
04.04.2025 00:00;57,71
04.04.2025 00:15;57,71
04.04.2025 00:30;56,84
04.04.2025 00:45;56,55
04.04.2025 01:00;55,97
04.04.2025 01:15;57,13
04.04.2025 01:30;58,58
04.04.2025 01:45;58,87
04.04.2025 02:00;57,13
04.04.2025 02:15;57,71
04.04.2025 02:30;56,84
04.04.2025 02:45;55,7148
04.04.2025 03:00;56,0048
04.04.2025 03:15;56,8748
04.04.2025 03:30;57,4548
04.04.2025 03:45;57,7448
04.04.2025 04:00;68,4864
04.04.2025 04:15;75,7248
04.04.2025 04:30;71,9548
04.04.2025 04:45;68,7648
04.04.2025 05:00;76,0148
04.04.2025 05:15;105,0148
04.04.2025 05:30;122,7048
04.04.2025 05:45;131,1148
04.04.2025 06:00;143,2948
04.04.2025 06:15;169,9632
04.04.2025 06:30;211,7348
04.04.2025 06:45;209,9948
04.04.2025 07:00;201,5906
04.04.2025 07:15;180,0378
04.04.2025 07:30;191,255
04.04.2025 07:45;225,0806
04.04.2025 08:00;214,977
04.04.2025 08:15;208,4114
04.04.2025 08:30;190,3212
04.04.2025 08:45;156,9074
04.04.2025 09:00;194,6828
04.04.2025 09:15;205,8652
04.04.2025 09:30;214,919
04.04.2025 09:45;212,4018
04.04.2025 10:00;204,8502
04.04.2025 10:15;188,6392
04.04.2025 10:30;185,31
04.04.2025 10:45;173,478
04.04.2025 11:00;176,7144
04.04.2025 11:15;183,947
04.04.2025 11:30;167,707
04.04.2025 11:45;166,605
04.04.2025 12:00;147,9406
04.04.2025 12:15;136,5726
04.04.2025 12:30;113,6278
04.04.2025 12:45;107,4218
04.04.2025 13:00;90,0508
04.04.2025 13:15;82,4934
04.04.2025 13:30;76,7978
04.04.2025 13:45;71,7344
04.04.2025 14:00;66,5782
04.04.2025 14:15;65,4066
04.04.2025 14:30;67,0132
04.04.2025 14:45;69,281
04.04.2025 15:00;69,687
04.04.2025 15:15;69,9306
04.04.2025 15:30;65,3138
04.04.2025 15:45;64,612
04.04.2025 16:00;59,2296
04.04.2025 16:15;62,0716
04.04.2025 16:30;57,9536
04.04.2025 16:45;58,5858
04.04.2025 17:00;62,1992
04.04.2025 17:15;57,1126
04.04.2025 17:30;58,0928
04.04.2025 17:45;55,4712
04.04.2025 18:00;55,2508
04.04.2025 18:15;55,5872
04.04.2025 18:30;59,305
04.04.2025 18:45;55,9004
04.04.2025 19:00;54,4446
04.04.2025 19:15;56,8226
04.04.2025 19:30;54,433
04.04.2025 19:45;55,9294
04.04.2025 20:00;53,4586
04.04.2025 20:15;56,9676
04.04.2025 20:30;59,4848
04.04.2025 20:45;63,8348
04.04.2025 21:00;63,5448
04.04.2025 21:15;65,2964
04.04.2025 21:30;66,1548
04.04.2025 21:45;63,2548
04.04.2025 22:00;61,2248
04.04.2025 22:15;60,6448
04.04.2025 22:30;60,32
04.04.2025 22:45;61,48
04.04.2025 23:00;62,06
04.04.2025 23:15;57,42
04.04.2025 23:30;56,55
04.04.2025 23:45;58
05.04.2025 00:00;56,55
05.04.2025 00:15;56,84
05.04.2025 00:30;58,29
05.04.2025 00:45;58
05.04.2025 01:00;60,03
05.04.2025 01:15;59,74
05.04.2025 01:30;60,03
05.04.2025 01:45;58
05.04.2025 02:00;58
05.04.2025 02:15;58
05.04.2025 02:30;58,87
05.04.2025 02:45;57,7564
05.04.2025 03:00;58,6148
05.04.2025 03:15;58,3248
05.04.2025 03:30;58,3248
05.04.2025 03:45;58,0464
05.04.2025 04:00;57,7448
05.04.2025 04:15;56,8748
05.04.2025 04:30;58,6148
05.04.2025 04:45;58,9164
05.04.2025 05:00;57,4548
05.04.2025 05:15;66,1548
05.04.2025 05:30;67,8948
05.04.2025 05:45;85,5964
05.04.2025 06:00;86,4548
05.04.2025 06:15;88,4848
05.04.2025 06:30;90,5148
05.04.2025 06:45;86,7564
05.04.2025 07:00;82,6848
05.04.2025 07:15;79,228
05.04.2025 07:30;83,5896
05.04.2025 07:45;81,5886
05.04.2025 08:00;79,141
05.04.2025 08:15;81,2522
05.04.2025 08:30;80,6838
05.04.2025 08:45;76,3802
05.04.2025 09:00;77,2212
05.04.2025 09:15;79,17
05.04.2025 09:30;77,1052
05.04.2025 09:45;77,4996
05.04.2025 10:00;74,7562
05.04.2025 10:15;75,168
05.04.2025 10:30;75,7248
05.04.2025 10:45;74,9128
05.04.2025 11:00;64,5482
05.04.2025 11:15;53,7312
05.04.2025 11:30;55,3958
05.04.2025 11:45;52,6292
05.04.2025 12:00;53,4528
05.04.2025 12:15;53,1628
05.04.2025 12:30;53,5108
05.04.2025 12:45;53,737
05.04.2025 13:00;54,6302
05.04.2025 13:15;55,0884
05.04.2025 13:30;53,4528
05.04.2025 13:45;53,1106
05.04.2025 14:00;51,1502
05.04.2025 14:15;53,8124
05.04.2025 14:30;51,8578
05.04.2025 14:45;52,0724
05.04.2025 15:00;53,3948
05.04.2025 15:15;55,187
05.04.2025 15:30;51,9738
05.04.2025 15:45;52,8148
05.04.2025 16:00;52,2116
05.04.2025 16:15;52,0782
05.04.2025 16:30;52,6988
05.04.2025 16:45;53,1918
05.04.2025 17:00;56,3586
05.04.2025 17:15;54,9724
05.04.2025 17:30;54,2648
05.04.2025 17:45;53,4412
05.04.2025 18:00;52,2406
05.04.2025 18:15;54,027
05.04.2025 18:30;53,1106
05.04.2025 18:45;52,5886
05.04.2025 19:00;53,9458
05.04.2025 19:15;54,375
05.04.2025 19:30;55,5582
05.04.2025 19:45;55,0884
05.04.2025 20:00;55,013
05.04.2025 20:15;57,6288
05.04.2025 20:30;60,0648
05.04.2025 20:45;62,6748
05.04.2025 21:00;63,8348
05.04.2025 21:15;64,9948
05.04.2025 21:30;63,8348
05.04.2025 21:45;64,9948
05.04.2025 22:00;62,3848
05.04.2025 22:15;60,3548
05.04.2025 22:30;62,93
05.04.2025 22:45;60,9
05.04.2025 23:00;61,19
05.04.2025 23:15;58
05.04.2025 23:30;55,68
05.04.2025 23:45;57,13
06.04.2025 00:00;60,61
06.04.2025 00:15;58,29
06.04.2025 00:30;58,58
06.04.2025 00:45;57,42
06.04.2025 01:00;56,84
06.04.2025 01:15;60,9
06.04.2025 01:30;61,48
06.04.2025 01:45;59,74
06.04.2025 02:00;59,45
06.04.2025 02:15;57,42
06.04.2025 02:30;58,87
06.04.2025 02:45;58,3248
06.04.2025 03:00;59,7864
06.04.2025 03:15;57,7448
06.04.2025 03:30;57,4548
06.04.2025 03:45;59,7748
06.04.2025 04:00;58,6148
06.04.2025 04:15;59,1948
06.04.2025 04:30;59,7748
06.04.2025 04:45;59,4848
06.04.2025 05:00;59,7748
06.04.2025 05:15;65,5748
06.04.2025 05:30;65,8764
06.04.2025 05:45;66,1548
06.04.2025 06:00;64,7048
06.04.2025 06:15;63,5448
06.04.2025 06:30;64,4148
06.04.2025 06:45;61,8048
06.04.2025 07:00;58,6148
06.04.2025 07:15;58,8526
06.04.2025 07:30;56,6718
06.04.2025 07:45;55,477
06.04.2025 08:00;55,8308
06.04.2025 08:15;59,2006
06.04.2025 08:30;58,2378
06.04.2025 08:45;59,0266
06.04.2025 09:00;56,2194
06.04.2025 09:15;56,9618
06.04.2025 09:30;55,6046
06.04.2025 09:45;54,5838
06.04.2025 10:00;56,8052
06.04.2025 10:15;55,7786
06.04.2025 10:30;53,36
06.04.2025 10:45;52,5364
06.04.2025 11:00;52,4668
06.04.2025 11:15;52,1942
06.04.2025 11:30;52,6176
06.04.2025 11:45;54,549
06.04.2025 12:00;52,3914
06.04.2025 12:15;51,4576
06.04.2025 12:30;54,0792
06.04.2025 12:45;53,853
06.04.2025 13:00;53,2092
06.04.2025 13:15;55,7902
06.04.2025 13:30;53,3542
06.04.2025 13:45;52,5248
06.04.2025 14:00;52,4204
06.04.2025 14:15;52,6002
06.04.2025 14:30;52,2696
06.04.2025 14:45;54,201
06.04.2025 15:00;54,3112
06.04.2025 15:15;54,0908
06.04.2025 15:30;51,1212
06.04.2025 15:45;52,867
06.04.2025 16:00;52,2696
06.04.2025 16:15;53,0758
06.04.2025 16:30;57,1474
06.04.2025 16:45;53,2034
06.04.2025 17:00;53,7022
06.04.2025 17:15;53,9922
06.04.2025 17:30;52,1188
06.04.2025 17:45;52,9134
06.04.2025 18:00;53,5398
06.04.2025 18:15;54,8854
06.04.2025 18:30;53,9632
06.04.2025 18:45;52,606
06.04.2025 19:00;51,8926
06.04.2025 19:15;53,0874
06.04.2025 19:30;53,853
06.04.2025 19:45;54,4794
06.04.2025 20:00;57,942
06.04.2025 20:15;57,8028
06.04.2025 20:30;60,6564
06.04.2025 20:45;62,3848
06.04.2025 21:00;63,5448
06.04.2025 21:15;63,8348
06.04.2025 21:30;63,8348
06.04.2025 21:45;65,5748
06.04.2025 22:00;62,6864
06.04.2025 22:15;60,9348
06.04.2025 22:30;60,9
06.04.2025 22:45;62,06
06.04.2025 23:00;61,48
06.04.2025 23:15;59,16
06.04.2025 23:30;57,71
06.04.2025 23:45;57,71
07.04.2025 00:00;58,29
07.04.2025 00:15;58
07.04.2025 00:30;58,58
07.04.2025 00:45;60,61
07.04.2025 01:00;58,58
07.04.2025 01:15;59,74
07.04.2025 01:30;57,71
07.04.2025 01:45;58,29
07.04.2025 02:00;59,74
07.04.2025 02:15;59,45
07.04.2025 02:30;60,03
07.04.2025 02:45;59,2006
07.04.2025 03:00;59,1948
07.04.2025 03:15;59,7748
07.04.2025 03:30;62,0948
07.04.2025 03:45;59,4964
07.04.2025 04:00;58,6148
07.04.2025 04:15;60,0648
07.04.2025 04:30;62,6748
07.04.2025 04:45;67,3148
07.04.2025 05:00;66,1664
07.04.2025 05:15;78,3348
07.04.2025 05:30;97,4748
07.04.2025 05:45;120,3848
07.04.2025 06:00;134,3048
07.04.2025 06:15;145,319
07.04.2025 06:30;172,8748
07.04.2025 06:45;178,6748
07.04.2025 07:00;184,7996
07.04.2025 07:15;179,3534
07.04.2025 07:30;184,1094
07.04.2025 07:45;201,2252
07.04.2025 08:00;214,2578
07.04.2025 08:15;191,3304
07.04.2025 08:30;180,0552
07.04.2025 08:45;149,8778
07.04.2025 09:00;186,4236
07.04.2025 09:15;225,8056
07.04.2025 09:30;195,0018
07.04.2025 09:45;208,3882
07.04.2025 10:00;234,8362
07.04.2025 10:15;191,7886
07.04.2025 10:30;177,1204
07.04.2025 10:45;168,229
07.04.2025 11:00;176,8304
07.04.2025 11:15;186,4236
07.04.2025 11:30;188,5174
07.04.2025 11:45;190,9244
07.04.2025 12:00;189,0278
07.04.2025 12:15;155,8634
07.04.2025 12:30;187,8098
07.04.2025 12:45;210,5458
07.04.2025 13:00;216,2762
07.04.2025 13:15;213,9736
07.04.2025 13:30;213,9794
07.04.2025 13:45;206,8222
07.04.2025 14:00;193,1284
07.04.2025 14:15;157,5686
07.04.2025 14:30;119,1552
07.04.2025 14:45;110,6814
07.04.2025 15:00;124,5666
07.04.2025 15:15;109,1792
07.04.2025 15:30;98,9132
07.04.2025 15:45;97,3298
07.04.2025 16:00;108,9646
07.04.2025 16:15;105,734
07.04.2025 16:30;99,1278
07.04.2025 16:45;98,397
07.04.2025 17:00;91,727
07.04.2025 17:15;94,4936
07.04.2025 17:30;90,6598
07.04.2025 17:45;80,4808
07.04.2025 18:00;83,8274
07.04.2025 18:15;84,8714
07.04.2025 18:30;84,3784
07.04.2025 18:45;82,3716
07.04.2025 19:00;84,1696
07.04.2025 19:15;83,6244
07.04.2025 19:30;82,5224
07.04.2025 19:45;90,8048
07.04.2025 20:00;100,949
07.04.2025 20:15;87,1798
07.04.2025 20:30;91,2456
07.04.2025 20:45;92,5564
07.04.2025 21:00;94,5748
07.04.2025 21:15;97,7648
07.04.2025 21:30;95,4448
07.04.2025 21:45;99,2148
07.04.2025 22:00;93,9948
07.04.2025 22:15;81,5364
07.04.2025 22:30;65,83
07.04.2025 22:45;65,25
07.04.2025 23:00;64,09
07.04.2025 23:15;60,61
07.04.2025 23:30;60,32
07.04.2025 23:45;61,77
08.04.2025 00:00;62,64
08.04.2025 00:15;60,9
08.04.2025 00:30;62,06
08.04.2025 00:45;62,64
08.04.2025 01:00;60,32
08.04.2025 01:15;61,48
08.04.2025 01:30;60,61
08.04.2025 01:45;59,45
08.04.2025 02:00;60,03
08.04.2025 02:15;60,32
08.04.2025 02:30;62,06
08.04.2025 02:45;62,1064
08.04.2025 03:00;62,6748
08.04.2025 03:15;61,8048
08.04.2025 03:30;60,9348
08.04.2025 03:45;61,5264
08.04.2025 04:00;60,9348
08.04.2025 04:15;59,7748
08.04.2025 04:30;62,1064
08.04.2025 04:45;63,5448
08.04.2025 05:00;67,6048
08.04.2025 05:15;83,8448
08.04.2025 05:30;98,6464
08.04.2025 05:45;121,5448
08.04.2025 06:00;122,4148
08.04.2025 06:15;162,1448
08.04.2025 06:30;189,6948
08.04.2025 06:45;189,109
08.04.2025 07:00;180,7686
08.04.2025 07:15;157,963
08.04.2025 07:30;164,9172
08.04.2025 07:45;191,2376
08.04.2025 08:00;203,3422
08.04.2025 08:15;217,1346
08.04.2025 08:30;192,7862
08.04.2025 08:45;146,5486
08.04.2025 09:00;173,9478
08.04.2025 09:15;203,3712
08.04.2025 09:30;196,6896
08.04.2025 09:45;187,2066
08.04.2025 10:00;206,7352
08.04.2025 10:15;201,9908
08.04.2025 10:30;206,857
08.04.2025 10:45;181,7082
08.04.2025 11:00;194,6364
08.04.2025 11:15;219,24
08.04.2025 11:30;200,8308
08.04.2025 11:45;200,564
08.04.2025 12:00;189,6194
08.04.2025 12:15;147,1866
08.04.2025 12:30;176,7608
08.04.2025 12:45;218,7818
08.04.2025 13:00;221,8848
08.04.2025 13:15;201,3238
08.04.2025 13:30;195,5702
08.04.2025 13:45;184,846
08.04.2025 14:00;176,6738
08.04.2025 14:15;160,3874
08.04.2025 14:30;134,0032
08.04.2025 14:45;126,0282
08.04.2025 15:00;123,018
08.04.2025 15:15;115,739
08.04.2025 15:30;95,7
08.04.2025 15:45;73,5324
08.04.2025 16:00;77,3198
08.04.2025 16:15;72,9814
08.04.2025 16:30;68,15
08.04.2025 16:45;68,0572
08.04.2025 17:00;66,9784
08.04.2025 17:15;73,4744
08.04.2025 17:30;79,692
08.04.2025 17:45;63,3302
08.04.2025 18:00;64,4786
08.04.2025 18:15;63,162
08.04.2025 18:30;65,8474
08.04.2025 18:45;63,8
08.04.2025 19:00;65,453
08.04.2025 19:15;65,9576
08.04.2025 19:30;66,6942
08.04.2025 19:45;81,2406
08.04.2025 20:00;78,7524
08.04.2025 20:15;63,3998
08.04.2025 20:30;71,4502
08.04.2025 20:45;72,5348
08.04.2025 21:00;71,6648
08.04.2025 21:15;76,0148
08.04.2025 21:30;71,3748
08.04.2025 21:45;70,8064
08.04.2025 22:00;72,2448
08.04.2025 22:15;69,6348
08.04.2025 22:30;67,86
08.04.2025 22:45;66,7
08.04.2025 23:00;66,7
08.04.2025 23:15;58,58
08.04.2025 23:30;61,77
08.04.2025 23:45;63,8
09.04.2025 00:00;63,51
09.04.2025 00:15;63,8
09.04.2025 00:30;62,64
09.04.2025 00:45;64,38
09.04.2025 01:00;63,8
09.04.2025 01:15;61,48
09.04.2025 01:30;61,19
09.04.2025 01:45;61,77
09.04.2025 02:00;62,64
09.04.2025 02:15;64,09
09.04.2025 02:30;62,93
09.04.2025 02:45;62,9648
09.04.2025 03:00;63,8348
09.04.2025 03:15;62,3964
09.04.2025 03:30;63,2548
09.04.2025 03:45;62,6748
09.04.2025 04:00;61,5148
09.04.2025 04:15;62,6864
09.04.2025 04:30;61,5148
09.04.2025 04:45;63,5448
09.04.2025 05:00;67,6048
09.04.2025 05:15;103,2864
09.04.2025 05:30;114,2948
09.04.2025 05:45;123,5748
09.04.2025 06:00;125,0248
09.04.2025 06:15;139,5248
09.04.2025 06:30;174,6148
09.04.2025 06:45;195,2048
09.04.2025 07:00;194,6248
09.04.2025 07:15;162,3304
09.04.2025 07:30;160,3352
09.04.2025 07:45;180,8846
09.04.2025 08:00;183,2278
09.04.2025 08:15;174,7598
09.04.2025 08:30;159,3492
09.04.2025 08:45;135,3604
09.04.2025 09:00;145,5452
09.04.2025 09:15;175,1426
09.04.2025 09:30;188,152
09.04.2025 09:45;189,2076
09.04.2025 10:00;185,4202
09.04.2025 10:15;188,7262
09.04.2025 10:30;193,7026
09.04.2025 10:45;177,9208
09.04.2025 11:00;171,1406
09.04.2025 11:15;179,597
09.04.2025 11:30;172,3702
09.04.2025 11:45;169,7254
09.04.2025 12:00;170,8158
09.04.2025 12:15;140,998
09.04.2025 12:30;149,9126
09.04.2025 12:45;184,2254
09.04.2025 13:00;177,0218
09.04.2025 13:15;172,6138
09.04.2025 13:30;177,9092
09.04.2025 13:45;177,6482
09.04.2025 14:00;170,2822
09.04.2025 14:15;149,2166
09.04.2025 14:30;124,9436
09.04.2025 14:45;127,3158
09.04.2025 15:00;118,8014
09.04.2025 15:15;120,5124
09.04.2025 15:30;109,3822
09.04.2025 15:45;102,3178
09.04.2025 16:00;90,6888
09.04.2025 16:15;85,2658
09.04.2025 16:30;82,4296
09.04.2025 16:45;80,4576
09.04.2025 17:00;73,4628
09.04.2025 17:15;69,4724
09.04.2025 17:30;66,004
09.04.2025 17:45;63,0286
09.04.2025 18:00;63,6608
09.04.2025 18:15;65,4008
09.04.2025 18:30;62,8546
09.04.2025 18:45;60,7376
09.04.2025 19:00;63,2548
09.04.2025 19:15;62,6168
09.04.2025 19:30;63,3766
09.04.2025 19:45;73,0974
09.04.2025 20:00;79,1062
09.04.2025 20:15;65,25
09.04.2025 20:30;71,0268
09.04.2025 20:45;72,5348
09.04.2025 21:00;70,5048
09.04.2025 21:15;70,2148
09.04.2025 21:30;70,2032
09.04.2025 21:45;71,6648
09.04.2025 22:00;69,0664
09.04.2025 22:15;67,6048
09.04.2025 22:30;64,96
09.04.2025 22:45;66,41
09.04.2025 23:00;65,83
09.04.2025 23:15;62,06
09.04.2025 23:30;63,22
09.04.2025 23:45;61,77
10.04.2025 00:00;62,06
10.04.2025 00:15;63,51
10.04.2025 00:30;63,22
10.04.2025 00:45;63,22
10.04.2025 01:00;62,06
10.04.2025 01:15;62,06
10.04.2025 01:30;63,22
10.04.2025 01:45;63,51
10.04.2025 02:00;60,32
10.04.2025 02:15;60,9
10.04.2025 02:30;64,09
10.04.2025 02:45;62,3848
10.04.2025 03:00;61,8048
10.04.2025 03:15;62,6748
10.04.2025 03:30;61,8048
10.04.2025 03:45;62,9648
10.04.2025 04:00;60,9348
10.04.2025 04:15;60,9348
10.04.2025 04:30;63,2548
10.04.2025 04:45;64,4148
10.04.2025 05:00;68,7764
10.04.2025 05:15;82,9748
10.04.2025 05:30;112,2648
10.04.2025 05:45;119,2248
10.04.2025 06:00;120,9648
10.04.2025 06:15;143,5732
10.04.2025 06:30;165,909
10.04.2025 06:45;178,6748
10.04.2025 07:00;169,1048
10.04.2025 07:15;163,4788
10.04.2025 07:30;170,5316
10.04.2025 07:45;183,164
10.04.2025 08:00;176,7492
10.04.2025 08:15;169,6036
10.04.2025 08:30;179,9218
10.04.2025 08:45;144,5592
10.04.2025 09:00;158,7054
10.04.2025 09:15;185,629
10.04.2025 09:30;196,475
10.04.2025 09:45;190,298
10.04.2025 10:00;192,5484
10.04.2025 10:15;179,046
10.04.2025 10:30;182,9378
10.04.2025 10:45;164,0182
10.04.2025 11:00;164,4184
10.04.2025 11:15;171,3958
10.04.2025 11:30;186,8412
10.04.2025 11:45;179,3824
10.04.2025 12:00;171,5408
10.04.2025 12:15;144,6462
10.04.2025 12:30;157,5048
10.04.2025 12:45;203,2146
10.04.2025 13:00;197,1188
10.04.2025 13:15;196,562
10.04.2025 13:30;196,214
10.04.2025 13:45;211,6362
10.04.2025 14:00;192,0844
10.04.2025 14:15;161,9476
10.04.2025 14:30;152,192
10.04.2025 14:45;133,7016
10.04.2025 15:00;140,8008
10.04.2025 15:15;125,8426
10.04.2025 15:30;99,4758
10.04.2025 15:45;105,1714
10.04.2025 16:00;96,7556
10.04.2025 16:15;104,0868
10.04.2025 16:30;98,0026
10.04.2025 16:45;95,5956
10.04.2025 17:00;93,293
10.04.2025 17:15;94,6908
10.04.2025 17:30;91,2804
10.04.2025 17:45;86,2402
10.04.2025 18:00;67,5004
10.04.2025 18:15;66,9378
10.04.2025 18:30;67,773
10.04.2025 18:45;65,3602
10.04.2025 19:00;62,5646
10.04.2025 19:15;71,7982
10.04.2025 19:30;78,358
10.04.2025 19:45;72,529
10.04.2025 20:00;68,7184
10.04.2025 20:15;65,3428
10.04.2025 20:30;73,0916
10.04.2025 20:45;71,9548
10.04.2025 21:00;73,1148
10.04.2025 21:15;73,3932
10.04.2025 21:30;74,5648
10.04.2025 21:45;72,5348
10.04.2025 22:00;69,9248
10.04.2025 22:15;69,3448
10.04.2025 22:30;66,7
10.04.2025 22:45;69,02
10.04.2025 23:00;66,99
10.04.2025 23:15;63,22
10.04.2025 23:30;63,22
10.04.2025 23:45;64,96
11.04.2025 00:00;66,12
11.04.2025 00:15;64,96
11.04.2025 00:30;63,51
11.04.2025 00:45;61,19
11.04.2025 01:00;62,35
11.04.2025 01:15;64,38
11.04.2025 01:30;62,64
11.04.2025 01:45;63,51
11.04.2025 02:00;63,8
11.04.2025 02:15;61,19
11.04.2025 02:30;64,96
11.04.2025 02:45;64,4148
11.04.2025 03:00;63,8232
11.04.2025 03:15;61,5148
11.04.2025 03:30;61,2248
11.04.2025 03:45;63,8348
11.04.2025 04:00;65,2848
11.04.2025 04:15;64,1248
11.04.2025 04:30;64,4148
11.04.2025 04:45;64,4148
11.04.2025 05:00;68,7648
11.04.2025 05:15;87,6148
11.04.2025 05:30;102,9848
11.04.2025 05:45;119,8048
11.04.2025 06:00;129,0732
11.04.2025 06:15;156,0548
11.04.2025 06:30;189,9732
11.04.2025 06:45;177,2016
11.04.2025 07:00;172,7994
11.04.2025 07:15;168,9598
11.04.2025 07:30;183,483
11.04.2025 07:45;197,8032
11.04.2025 08:00;200,1986
11.04.2025 08:15;188,7842
11.04.2025 08:30;177,8802
11.04.2025 08:45;143,0686
11.04.2025 09:00;160,5208
11.04.2025 09:15;182,4622
11.04.2025 09:30;175,508
11.04.2025 09:45;182,8044
11.04.2025 10:00;182,7522
11.04.2025 10:15;174,5974
11.04.2025 10:30;175,6298
11.04.2025 10:45;180,8324
11.04.2025 11:00;189,4338
11.04.2025 11:15;188,703
11.04.2025 11:30;169,7428
11.04.2025 11:45;166,1526
11.04.2025 12:00;152,6386
11.04.2025 12:15;139,0782
11.04.2025 12:30;105,9486
11.04.2025 12:45;108,634
11.04.2025 13:00;105,154
11.04.2025 13:15;99,006
11.04.2025 13:30;88,9778
11.04.2025 13:45;80,794
11.04.2025 14:00;77,5634
11.04.2025 14:15;68,672
11.04.2025 14:30;73,0394
11.04.2025 14:45;72,2738
11.04.2025 15:00;73,7876
11.04.2025 15:15;72,0824
11.04.2025 15:30;66,6768
11.04.2025 15:45;65,5168
11.04.2025 16:00;60,7782
11.04.2025 16:15;63,8406
11.04.2025 16:30;64,5366
11.04.2025 16:45;63,2606
11.04.2025 17:00;64,9774
11.04.2025 17:15;63,1678
11.04.2025 17:30;60,3432
11.04.2025 17:45;65,221
11.04.2025 18:00;59,2354
11.04.2025 18:15;58,2552
11.04.2025 18:30;57,3562
11.04.2025 18:45;56,1092
11.04.2025 19:00;56,3412
11.04.2025 19:15;59,0788
11.04.2025 19:30;57,7622
11.04.2025 19:45;57,7274
11.04.2025 20:00;57,8028
11.04.2025 20:15;58,174
11.04.2025 20:30;60,1924
11.04.2025 20:45;65,5748
11.04.2025 21:00;65,8648
11.04.2025 21:15;67,0364
11.04.2025 21:30;67,8948
11.04.2025 21:45;68,1848
11.04.2025 22:00;63,8348
11.04.2025 22:15;64,9948
11.04.2025 22:30;64,96
11.04.2025 22:45;65,25
11.04.2025 23:00;64,96
11.04.2025 23:15;59,45
11.04.2025 23:30;60,9
11.04.2025 23:45;62,35
12.04.2025 00:00;61,77
12.04.2025 00:15;61,19
12.04.2025 00:30;60,9
12.04.2025 00:45;62,64
12.04.2025 01:00;60,61
12.04.2025 01:15;60,32
12.04.2025 01:30;61,77
12.04.2025 01:45;62,35
12.04.2025 02:00;63,22
12.04.2025 02:15;62,35
12.04.2025 02:30;62,06
12.04.2025 02:45;61,8048
12.04.2025 03:00;62,9764
12.04.2025 03:15;59,7748
12.04.2025 03:30;60,3548
12.04.2025 03:45;61,2248
12.04.2025 04:00;61,5148
12.04.2025 04:15;60,9348
12.04.2025 04:30;62,1064
12.04.2025 04:45;62,0948
12.04.2025 05:00;61,2248
12.04.2025 05:15;67,6048
12.04.2025 05:30;70,2148
12.04.2025 05:45;88,2064
12.04.2025 06:00;96,0248
12.04.2025 06:15;97,4748
12.04.2025 06:30;99,2148
12.04.2025 06:45;104,7306
12.04.2025 07:00;104,226
12.04.2025 07:15;92,3592
12.04.2025 07:30;91,9184
12.04.2025 07:45;93,3684
12.04.2025 08:00;90,9266
12.04.2025 08:15;90,8048
12.04.2025 08:30;90,5438
12.04.2025 08:45;87,1102
12.04.2025 09:00;90,6482
12.04.2025 09:15;91,0426
12.04.2025 09:30;95,3868
12.04.2025 09:45;98,0896
12.04.2025 10:00;93,1132
12.04.2025 10:15;93,0842
12.04.2025 10:30;84,4306
12.04.2025 10:45;80,9506
12.04.2025 11:00;75,8002
12.04.2025 11:15;62,6342
12.04.2025 11:30;57,5186
12.04.2025 11:45;56,5558
12.04.2025 12:00;56,6834
12.04.2025 12:15;54,2184
12.04.2025 12:30;56,9328
12.04.2025 12:45;56,9328
12.04.2025 13:00;57,217
12.04.2025 13:15;56,666
12.04.2025 13:30;53,7892
12.04.2025 13:45;56,2658
12.04.2025 14:00;56,5094
12.04.2025 14:15;56,666
12.04.2025 14:30;57,2402
12.04.2025 14:45;56,9676
12.04.2025 15:00;54,9144
12.04.2025 15:15;56,2774
12.04.2025 15:30;57,1068
12.04.2025 15:45;56,7472
12.04.2025 16:00;56,4456
12.04.2025 16:15;58,5858
12.04.2025 16:30;54,0966
12.04.2025 16:45;56,4572
12.04.2025 17:00;55,9642
12.04.2025 17:15;56,3354
12.04.2025 17:30;55,999
12.04.2025 17:45;55,7496
12.04.2025 18:00;54,5316
12.04.2025 18:15;56,7008
12.04.2025 18:30;57,6578
12.04.2025 18:45;57,0836
12.04.2025 19:00;57,5244
12.04.2025 19:15;57,3446
12.04.2025 19:30;54,2358
12.04.2025 19:45;57,3794
12.04.2025 20:00;57,2576
12.04.2025 20:15;58,2726
12.04.2025 20:30;61,161
12.04.2025 20:45;62,9648
12.04.2025 21:00;63,2548
12.04.2025 21:15;65,8648
12.04.2025 21:30;65,8764
12.04.2025 21:45;66,1548
12.04.2025 22:00;64,4148
12.04.2025 22:15;64,1364
12.04.2025 22:30;61,19
12.04.2025 22:45;64,96
12.04.2025 23:00;64,38
12.04.2025 23:15;59,74
12.04.2025 23:30;59,45
12.04.2025 23:45;58,29
13.04.2025 00:00;63,51
13.04.2025 00:15;62,06
13.04.2025 00:30;61,48
13.04.2025 00:45;61,19
13.04.2025 01:00;59,74
13.04.2025 01:15;59,74
13.04.2025 01:30;62,64
13.04.2025 01:45;61,19
13.04.2025 02:00;60,61
13.04.2025 02:15;60,32
13.04.2025 02:30;60,61
13.04.2025 02:45;62,3848
13.04.2025 03:00;62,3848
13.04.2025 03:15;62,9764
13.04.2025 03:30;61,2306
13.04.2025 03:45;60,3664
13.04.2025 04:00;61,5148
13.04.2025 04:15;60,9348
13.04.2025 04:30;61,5264
13.04.2025 04:45;59,4848
13.04.2025 05:00;61,5264
13.04.2025 05:15;65,2848
13.04.2025 05:30;66,1548
13.04.2025 05:45;64,7164
13.04.2025 06:00;65,2848
13.04.2025 06:15;66,4564
13.04.2025 06:30;65,2848
13.04.2025 06:45;59,5138
13.04.2025 07:00;59,2296
13.04.2025 07:15;58,6264
13.04.2025 07:30;58,8004
13.04.2025 07:45;56,6428
13.04.2025 08:00;58,3364
13.04.2025 08:15;58,5568
13.04.2025 08:30;60,7086
13.04.2025 08:45;56,6428
13.04.2025 09:00;58,9106
13.04.2025 09:15;58,087
13.04.2025 09:30;58
13.04.2025 09:45;55,9178
13.04.2025 10:00;59,4152
13.04.2025 10:15;57,6868
13.04.2025 10:30;57,1822
13.04.2025 10:45;56,1672
13.04.2025 11:00;58,2378
13.04.2025 11:15;57,5708
13.04.2025 11:30;55,0768
13.04.2025 11:45;56,1556
13.04.2025 12:00;57,101
13.04.2025 12:15;56,6138
13.04.2025 12:30;54,2648
13.04.2025 12:45;56,2136
13.04.2025 13:00;58,116
13.04.2025 13:15;56,4862
13.04.2025 13:30;54,0966
13.04.2025 13:45;56,0222
13.04.2025 14:00;56,4978
13.04.2025 14:15;56,173
13.04.2025 14:30;54,7462
13.04.2025 14:45;57,2228
13.04.2025 15:00;56,8632
13.04.2025 15:15;57,159
13.04.2025 15:30;54,0792
13.04.2025 15:45;57,5128
13.04.2025 16:00;56,9328
13.04.2025 16:15;56,7008
13.04.2025 16:30;53,6268
13.04.2025 16:45;56,2832
13.04.2025 17:00;58,1856
13.04.2025 17:15;56,0338
13.04.2025 17:30;54,7462
13.04.2025 17:45;56,4108
13.04.2025 18:00;56,8574
13.04.2025 18:15;56,2832
13.04.2025 18:30;56,4224
13.04.2025 18:45;55,535
13.04.2025 19:00;56,7298
13.04.2025 19:15;57,8782
13.04.2025 19:30;57,3214
13.04.2025 19:45;54,6418
13.04.2025 20:00;57,2924
13.04.2025 20:15;57,9884
13.04.2025 20:30;59,8096
13.04.2025 20:45;60,0648
13.04.2025 21:00;65,5632
13.04.2025 21:15;65,5748
13.04.2025 21:30;65,8648
13.04.2025 21:45;66,1548
13.04.2025 22:00;63,2548
13.04.2025 22:15;64,1248
13.04.2025 22:30;63,8
13.04.2025 22:45;61,77
13.04.2025 23:00;63,22
13.04.2025 23:15;59,74
13.04.2025 23:30;60,9
13.04.2025 23:45;59,45
14.04.2025 00:00;60,32
14.04.2025 00:15;60,61
14.04.2025 00:30;60,61
14.04.2025 00:45;57,42
14.04.2025 01:00;61,77
14.04.2025 01:15;61,19
14.04.2025 01:30;60,9
14.04.2025 01:45;58,58
14.04.2025 02:00;61,19
14.04.2025 02:15;63,8
14.04.2025 02:30;61,48
14.04.2025 02:45;59,7748
14.04.2025 03:00;61,2248
14.04.2025 03:15;60,6448
14.04.2025 03:30;60,6448
14.04.2025 03:45;59,1948
14.04.2025 04:00;61,7932
14.04.2025 04:15;63,2548
14.04.2025 04:30;61,2248
14.04.2025 04:45;58,9106
14.04.2025 05:00;66,4448
14.04.2025 05:15;82,3948
14.04.2025 05:30;93,9948
14.04.2025 05:45;118,9348
14.04.2025 06:00;133,1448
14.04.2025 06:15;143,8748
14.04.2025 06:30;163,009
14.04.2025 06:45;170,2532
14.04.2025 07:00;172,8632
14.04.2025 07:15;143,5152
14.04.2025 07:30;173,8608
14.04.2025 07:45;159,4768
14.04.2025 08:00;173,5128
14.04.2025 08:15;183,7324
14.04.2025 08:30;162,835
14.04.2025 08:45;140,3484
14.04.2025 09:00;160,6948
14.04.2025 09:15;173,8202
14.04.2025 09:30;166,9646
14.04.2025 09:45;157,0872
14.04.2025 10:00;171,5988
14.04.2025 10:15;176,5404
14.04.2025 10:30;164,952
14.04.2025 10:45;161,7156
14.04.2025 11:00;174,7366
14.04.2025 11:15;155,8402
14.04.2025 11:30;161,3444
14.04.2025 11:45;159,3666
14.04.2025 12:00;155,1616
14.04.2025 12:15;139,751
14.04.2025 12:30;150,5854
14.04.2025 12:45;165,0796
14.04.2025 13:00;170,2126
14.04.2025 13:15;169,5862
14.04.2025 13:30;159,239
14.04.2025 13:45;164,111
14.04.2025 14:00;165,3638
14.04.2025 14:15;150,8812
14.04.2025 14:30;134,0206
14.04.2025 14:45;128,528
14.04.2025 15:00;118,5752
14.04.2025 15:15;113,709
14.04.2025 15:30;93,4438
14.04.2025 15:45;87,7598
14.04.2025 16:00;74,9534
14.04.2025 16:15;75,3826
14.04.2025 16:30;74,5068
14.04.2025 16:45;80,0864
14.04.2025 17:00;73,7702
14.04.2025 17:15;68,5502
14.04.2025 17:30;60,32
14.04.2025 17:45;56,84
14.04.2025 18:00;57,5592
14.04.2025 18:15;55,419
14.04.2025 18:30;56,3006
14.04.2025 18:45;57,1242
14.04.2025 19:00;56,1672
14.04.2025 19:15;66,6942
14.04.2025 19:30;67,6744
14.04.2025 19:45;60,3896
14.04.2025 20:00;57,7216
14.04.2025 20:15;70,5164
14.04.2025 20:30;67,019
14.04.2025 20:45;68,4748
14.04.2025 21:00;74,2748
14.04.2025 21:15;74,2748
14.04.2025 21:30;72,5348
14.04.2025 21:45;74,5648
14.04.2025 22:00;72,8248
14.04.2025 22:15;69,6348
14.04.2025 22:30;71,34
14.04.2025 22:45;73,37
14.04.2025 23:00;68,15
14.04.2025 23:15;65,54
14.04.2025 23:30;65,83
14.04.2025 23:45;66,41
15.04.2025 00:00;66,99
15.04.2025 00:15;67,28
15.04.2025 00:30;64,38
15.04.2025 00:45;66,7
15.04.2025 01:00;66,12
15.04.2025 01:15;65,25
15.04.2025 01:30;67,28
15.04.2025 01:45;67,86
15.04.2025 02:00;65,25
15.04.2025 02:15;68,15
15.04.2025 02:30;66,7
15.04.2025 02:45;63,8348
15.04.2025 03:00;66,7348
15.04.2025 03:15;67,6048
15.04.2025 03:30;65,5748
15.04.2025 03:45;68,4748
15.04.2025 04:00;66,4448
15.04.2025 04:15;66,4448
15.04.2025 04:30;64,1248
15.04.2025 04:45;68,7648
15.04.2025 05:00;73,6948
15.04.2025 05:15;84,4248
15.04.2025 05:30;102,6948
15.04.2025 05:45;120,3848
15.04.2025 06:00;134,8848
15.04.2025 06:15;151,1248
15.04.2025 06:30;173,1648
15.04.2025 06:45;180,5134
15.04.2025 07:00;172,26
15.04.2025 07:15;148,132
15.04.2025 07:30;161,0834
15.04.2025 07:45;200,9758
15.04.2025 08:00;191,3072
15.04.2025 08:15;201,6022
15.04.2025 08:30;179,5506
15.04.2025 08:45;148,828
15.04.2025 09:00;171,4364
15.04.2025 09:15;180,3858
15.04.2025 09:30;180,2872
15.04.2025 09:45;180,728
15.04.2025 10:00;191,9394
15.04.2025 10:15;176,5578
15.04.2025 10:30;190,4778
15.04.2025 10:45;169,8414
15.04.2025 11:00;164,8186
15.04.2025 11:15;183,8136
15.04.2025 11:30;181,5922
15.04.2025 11:45;169,7602
15.04.2025 12:00;179,5796
15.04.2025 12:15;136,4102
15.04.2025 12:30;172,956
15.04.2025 12:45;197,925
15.04.2025 13:00;188,8364
15.04.2025 13:15;190,443
15.04.2025 13:30;185,3158
15.04.2025 13:45;184,6024
15.04.2025 14:00;176,7434
15.04.2025 14:15;145,957
15.04.2025 14:30;126,8982
15.04.2025 14:45;123,0934
15.04.2025 15:00;121,684
15.04.2025 15:15;120,6342
15.04.2025 15:30;105,9254
15.04.2025 15:45;93,2408
15.04.2025 16:00;91,553
15.04.2025 16:15;76,7572
15.04.2025 16:30;63,6898
15.04.2025 16:45;68,6952
15.04.2025 17:00;68,1616
15.04.2025 17:15;71,427
15.04.2025 17:30;65,859
15.04.2025 17:45;64,2524
15.04.2025 18:00;62,9938
15.04.2025 18:15;63,3592
15.04.2025 18:30;62,1354
15.04.2025 18:45;60,9638
15.04.2025 19:00;57,449
15.04.2025 19:15;62,4312
15.04.2025 19:30;63,9798
15.04.2025 19:45;61,9788
15.04.2025 20:00;57,1938
15.04.2025 20:15;61,625
15.04.2025 20:30;59,4848
15.04.2025 20:45;59,7748
15.04.2025 21:00;64,1248
15.04.2025 21:15;64,1248
15.04.2025 21:30;64,1248
15.04.2025 21:45;63,8348
15.04.2025 22:00;63,8348
15.04.2025 22:15;62,6748
15.04.2025 22:30;59,74
15.04.2025 22:45;63,8
15.04.2025 23:00;63,22
15.04.2025 23:15;55,97
15.04.2025 23:30;53,94
15.04.2025 23:45;57,71
16.04.2025 00:00;57,42
16.04.2025 00:15;58,29
16.04.2025 00:30;54,81
16.04.2025 00:45;57,13
16.04.2025 01:00;56,84
16.04.2025 01:15;54,23
16.04.2025 01:30;55,39
16.04.2025 01:45;56,84
16.04.2025 02:00;57,13
16.04.2025 02:15;54,52
16.04.2025 02:30;59,74
16.04.2025 02:45;59,4964
16.04.2025 03:00;58,3248
16.04.2025 03:15;54,8448
16.04.2025 03:30;58,6148
16.04.2025 03:45;58,0348
16.04.2025 04:00;56,8864
16.04.2025 04:15;55,4248
16.04.2025 04:30;57,1648
16.04.2025 04:45;58,9048
16.04.2025 05:00;62,9648
16.04.2025 05:15;74,2864
16.04.2025 05:30;96,3148
16.04.2025 05:45;113,4248
16.04.2025 06:00;127,9248
16.04.2025 06:15;155,469
16.04.2025 06:30;182,7348
16.04.2025 06:45;168,2754
16.04.2025 07:00;176,6796
16.04.2025 07:15;162,4464
16.04.2025 07:30;187,0732
16.04.2025 07:45;187,8272
16.04.2025 08:00;177,6656
16.04.2025 08:15;182,0446
16.04.2025 08:30;163,6412
16.04.2025 08:45;140,447
16.04.2025 09:00;165,6944
16.04.2025 09:15;182,149
16.04.2025 09:30;197,6524
16.04.2025 09:45;183,7556
16.04.2025 10:00;189,3236
16.04.2025 10:15;187,8504
16.04.2025 10:30;177,8222
16.04.2025 10:45;172,8632
16.04.2025 11:00;178,3964
16.04.2025 11:15;169,6384
16.04.2025 11:30;170,9028
16.04.2025 11:45;164,7432
16.04.2025 12:00;164,8708
16.04.2025 12:15;146,2586
16.04.2025 12:30;160,7122
16.04.2025 12:45;159,964
16.04.2025 13:00;175,914
16.04.2025 13:15;186,5164
16.04.2025 13:30;176,5346
16.04.2025 13:45;171,6568
16.04.2025 14:00;168,6582
16.04.2025 14:15;156,2578
16.04.2025 14:30;138,736
16.04.2025 14:45;139,5654
16.04.2025 15:00;134,2004
16.04.2025 15:15;121,4926
16.04.2025 15:30;102,0974
16.04.2025 15:45;95,8392
16.04.2025 16:00;99,267
16.04.2025 16:15;84,0768
16.04.2025 16:30;81,2174
16.04.2025 16:45;83,4098
16.04.2025 17:00;80,8172
16.04.2025 17:15;83,085
16.04.2025 17:30;69,3448
16.04.2025 17:45;62,6748
16.04.2025 18:00;63,0228
16.04.2025 18:15;63,7768
16.04.2025 18:30;70,1104
16.04.2025 18:45;69,3738
16.04.2025 19:00;63,4984
16.04.2025 19:15;66,0678
16.04.2025 19:30;68,4226
16.04.2025 19:45;62,2108
16.04.2025 20:00;61,625
16.04.2025 20:15;61,248
16.04.2025 20:30;63,8232
16.04.2025 20:45;68,4632
16.04.2025 21:00;69,6232
16.04.2025 21:15;70,7832
16.04.2025 21:30;69,0548
16.04.2025 21:45;68,7532
16.04.2025 22:00;68,7532
16.04.2025 22:15;67,6048
16.04.2025 22:30;67,28
16.04.2025 22:45;67,57
16.04.2025 23:00;64,96
16.04.2025 23:15;57,42
16.04.2025 23:30;60,03
16.04.2025 23:45;62,35
17.04.2025 00:00;61,48
17.04.2025 00:15;60,9
17.04.2025 00:30;61,19
17.04.2025 00:45;59,16
17.04.2025 01:00;61,48
17.04.2025 01:15;60,9
17.04.2025 01:30;61,48
17.04.2025 01:45;62,64
17.04.2025 02:00;61,77
17.04.2025 02:15;59,16
17.04.2025 02:30;61,19
17.04.2025 02:45;61,5148
17.04.2025 03:00;60,6332
17.04.2025 03:15;61,7932
17.04.2025 03:30;61,2248
17.04.2025 03:45;59,1832
17.04.2025 04:00;60,9232
17.04.2025 04:15;61,8048
17.04.2025 04:30;61,7932
17.04.2025 04:45;65,2848
17.04.2025 05:00;69,0432
17.04.2025 05:15;94,2732
17.04.2025 05:30;111,6848
17.04.2025 05:45;119,7932
17.04.2025 06:00;139,8032
17.04.2025 06:15;163,2816
17.04.2025 06:30;182,1548
17.04.2025 06:45;189,0916
17.04.2025 07:00;175,1832
17.04.2025 07:15;171,0014
17.04.2025 07:30;173,6636
17.04.2025 07:45;188,7958
17.04.2025 08:00;191,4928
17.04.2025 08:15;200,0594
17.04.2025 08:30;182,8856
17.04.2025 08:45;162,2318
17.04.2025 09:00;205,581
17.04.2025 09:15;210,4762
17.04.2025 09:30;185,5188
17.04.2025 09:45;196,9506
17.04.2025 10:00;190,0486
17.04.2025 10:15;217,732
17.04.2025 10:30;224,4252
17.04.2025 10:45;194,8278
17.04.2025 11:00;190,385
17.04.2025 11:15;180,1248
17.04.2025 11:30;165,764
17.04.2025 11:45;198,6964
17.04.2025 12:00;179,1562
17.04.2025 12:15;150,6956
17.04.2025 12:30;177,9556
17.04.2025 12:45;200,3378
17.04.2025 13:00;189,428
17.04.2025 13:15;179,1678
17.04.2025 13:30;175,6994
17.04.2025 13:45;178,4544
17.04.2025 14:00;158,253
17.04.2025 14:15;135,6968
17.04.2025 14:30;129,2762
17.04.2025 14:45;111,5456
17.04.2025 15:00;112,4678
17.04.2025 15:15;104,7538
17.04.2025 15:30;94,5168
17.04.2025 15:45;90,7062
17.04.2025 16:00;85,6892
17.04.2025 16:15;87,9512
17.04.2025 16:30;83,7346
17.04.2025 16:45;83,6708
17.04.2025 17:00;78,6596
17.04.2025 17:15;69,1824
17.04.2025 17:30;68,469
17.04.2025 17:45;64,3162
17.04.2025 18:00;73,109
17.04.2025 18:15;67,4192
17.04.2025 18:30;65,0644
17.04.2025 18:45;64,9542
17.04.2025 19:00;66,7406
17.04.2025 19:15;59,0904
17.04.2025 19:30;54,4388
17.04.2025 19:45;55,5466
17.04.2025 20:00;55,6046
17.04.2025 20:15;59,2354
17.04.2025 20:30;57,1532
17.04.2025 20:45;58,3248
17.04.2025 21:00;61,2132
17.04.2025 21:15;62,3848
17.04.2025 21:30;63,5332
17.04.2025 21:45;62,3848
17.04.2025 22:00;60,3432
17.04.2025 22:15;59,4848
17.04.2025 22:30;60,03
17.04.2025 22:45;59,74
17.04.2025 23:00;60,9
17.04.2025 23:15;55,1
17.04.2025 23:30;55,97
17.04.2025 23:45;57,71
18.04.2025 00:00;57,71
18.04.2025 00:15;56,84
18.04.2025 00:30;57,71
18.04.2025 00:45;57,13
18.04.2025 01:00;55,68
18.04.2025 01:15;57,42
18.04.2025 01:30;57,71
18.04.2025 01:45;57,71
18.04.2025 02:00;58
18.04.2025 02:15;55,97
18.04.2025 02:30;57,42
18.04.2025 02:45;58,0348
18.04.2025 03:00;57,4432
18.04.2025 03:15;60,0648
18.04.2025 03:30;54,5548
18.04.2025 03:45;57,1532
18.04.2025 04:00;57,4548
18.04.2025 04:15;57,1648
18.04.2025 04:30;58,0232
18.04.2025 04:45;55,7148
18.04.2025 05:00;57,1532
18.04.2025 05:15;63,5448
18.04.2025 05:30;63,2548
18.04.2025 05:45;62,9532
18.04.2025 06:00;62,3848
18.04.2025 06:15;62,3848
18.04.2025 06:30;60,6332
18.04.2025 06:45;57,1648
18.04.2025 07:00;55,2218
18.04.2025 07:15;56,0512
18.04.2025 07:30;52,9192
18.04.2025 07:45;56,26
18.04.2025 08:00;55,39
18.04.2025 08:15;57,2112
18.04.2025 08:30;55,1754
18.04.2025 08:45;52,6988
18.04.2025 09:00;56,1846
18.04.2025 09:15;55,1348
18.04.2025 09:30;55,6916
18.04.2025 09:45;54,4678
18.04.2025 10:00;52,6582
18.04.2025 10:15;55,0246
18.04.2025 10:30;54,2822
18.04.2025 10:45;54,9956
18.04.2025 11:00;54,6244
18.04.2025 11:15;52,1884
18.04.2025 11:30;53,9284
18.04.2025 11:45;54,7172
18.04.2025 12:00;54,0154
18.04.2025 12:15;52,8902
18.04.2025 12:30;53,6906
18.04.2025 12:45;54,1546
18.04.2025 13:00;53,65
18.04.2025 13:15;53,708
18.04.2025 13:30;50,46
18.04.2025 13:45;53,6674
18.04.2025 14:00;53,3252
18.04.2025 14:15;52,4668
18.04.2025 14:30;52,1362
18.04.2025 14:45;52,171
18.04.2025 15:00;54,8332
18.04.2025 15:15;53,3368
18.04.2025 15:30;53,1686
18.04.2025 15:45;51,9622
18.04.2025 16:00;51,6664
18.04.2025 16:15;52,8438
18.04.2025 16:30;52,8902
18.04.2025 16:45;53,6674
18.04.2025 17:00;51,2604
18.04.2025 17:15;53,4818
18.04.2025 17:30;54,1314
18.04.2025 17:45;53,7196
18.04.2025 18:00;53,128
18.04.2025 18:15;51,5446
18.04.2025 18:30;53,1628
18.04.2025 18:45;54,1314
18.04.2025 19:00;53,3136
18.04.2025 19:15;52,9598
18.04.2025 19:30;53,882
18.04.2025 19:45;54,7578
18.04.2025 20:00;54,0328
18.04.2025 20:15;55,0014
18.04.2025 20:30;51,3416
18.04.2025 20:45;58,6148
18.04.2025 21:00;60,9348
18.04.2025 21:15;61,2248
18.04.2025 21:30;62,9648
18.04.2025 21:45;59,7748
18.04.2025 22:00;61,5148
18.04.2025 22:15;60,6332
18.04.2025 22:30;61,77
18.04.2025 22:45;59,16
18.04.2025 23:00;56,84
18.04.2025 23:15;54,23
18.04.2025 23:30;56,26
18.04.2025 23:45;56,55
19.04.2025 00:00;56,84
19.04.2025 00:15;55,97
19.04.2025 00:30;55,97
19.04.2025 00:45;56,84
19.04.2025 01:00;56,55
19.04.2025 01:15;57,42
19.04.2025 01:30;55,97
19.04.2025 01:45;55,1
19.04.2025 02:00;57,13
19.04.2025 02:15;58
19.04.2025 02:30;57,42
19.04.2025 02:45;57,1648
19.04.2025 03:00;55,1348
19.04.2025 03:15;57,7448
19.04.2025 03:30;57,7448
19.04.2025 03:45;58,0348
19.04.2025 04:00;57,4548
19.04.2025 04:15;56,8748
19.04.2025 04:30;56,5848
19.04.2025 04:45;58,0348
19.04.2025 05:00;58,3248
19.04.2025 05:15;64,1248
19.04.2025 05:30;62,9648
19.04.2025 05:45;61,5148
19.04.2025 06:00;65,2848
19.04.2025 06:15;63,2548
19.04.2025 06:30;60,0648
19.04.2025 06:45;56,7414
19.04.2025 07:00;55,3726
19.04.2025 07:15;56,7936
19.04.2025 07:30;55,4944
19.04.2025 07:45;56,6776
19.04.2025 08:00;55,3146
19.04.2025 08:15;53,3078
19.04.2025 08:30;55,5466
19.04.2025 08:45;55,6742
19.04.2025 09:00;54,9898
19.04.2025 09:15;55,1116
19.04.2025 09:30;52,6524
19.04.2025 09:45;53,1628
19.04.2025 10:00;52,8902
19.04.2025 10:15;53,041
19.04.2025 10:30;51,0168
19.04.2025 10:45;50,576
19.04.2025 11:00;54,1836
19.04.2025 11:15;53,8878
19.04.2025 11:30;53,1976
19.04.2025 11:45;51,7998
19.04.2025 12:00;52,461
19.04.2025 12:15;53,0294
19.04.2025 12:30;54,0908
19.04.2025 12:45;49,9264
19.04.2025 13:00;51,9912
19.04.2025 13:15;52,548
19.04.2025 13:30;52,809
19.04.2025 13:45;49,5668
19.04.2025 14:00;52,5654
19.04.2025 14:15;51,7186
19.04.2025 14:30;54,4214
19.04.2025 14:45;51,156
19.04.2025 15:00;53,0526
19.04.2025 15:15;52,1536
19.04.2025 15:30;50,2918
19.04.2025 15:45;52,7336
19.04.2025 16:00;52,3566
19.04.2025 16:15;52,4262
19.04.2025 16:30;50,8312
19.04.2025 16:45;52,8786
19.04.2025 17:00;52,5248
19.04.2025 17:15;50,5296
19.04.2025 17:30;51,8752
19.04.2025 17:45;53,186
19.04.2025 18:00;54,0444
19.04.2025 18:15;50,3788
19.04.2025 18:30;53,128
19.04.2025 18:45;54,6708
19.04.2025 19:00;52,0956
19.04.2025 19:15;52,9018
19.04.2025 19:30;54,6998
19.04.2025 19:45;53,6268
19.04.2025 20:00;51,997
19.04.2025 20:15;55,3494
19.04.2025 20:30;54,5432
19.04.2025 20:45;59,0672
19.04.2025 21:00;57,1648
19.04.2025 21:15;61,2248
19.04.2025 21:30;62,9648
19.04.2025 21:45;62,1064
19.04.2025 22:00;59,7748
19.04.2025 22:15;60,6448
19.04.2025 22:30;60,03
19.04.2025 22:45;61,77
19.04.2025 23:00;60,03
19.04.2025 23:15;53,07
19.04.2025 23:30;59,74
19.04.2025 23:45;58
20.04.2025 00:00;57,42
20.04.2025 00:15;58,58
20.04.2025 00:30;55,1
20.04.2025 00:45;57,71
20.04.2025 01:00;57,13
20.04.2025 01:15;56,55
20.04.2025 01:30;55,97
20.04.2025 01:45;55,1
20.04.2025 02:00;55,97
20.04.2025 02:15;57,13
20.04.2025 02:30;57,42
20.04.2025 02:45;58,0464
20.04.2025 03:00;57,1648
20.04.2025 03:15;55,7148
20.04.2025 03:30;57,7564
20.04.2025 03:45;57,7506
20.04.2025 04:00;57,4548
20.04.2025 04:15;58,3364
20.04.2025 04:30;55,1348
20.04.2025 04:45;58,3248
20.04.2025 05:00;58,0464
20.04.2025 05:15;63,2548
20.04.2025 05:30;63,5448
20.04.2025 05:45;60,0764
20.04.2025 06:00;61,8048
20.04.2025 06:15;59,4848
20.04.2025 06:30;55,622
20.04.2025 06:45;55,5002
20.04.2025 07:00;53,853
20.04.2025 07:15;53,0004
20.04.2025 07:30;55,0594
20.04.2025 07:45;55,071
20.04.2025 08:00;54,5374
20.04.2025 08:15;54,2184
20.04.2025 08:30;52,3566
20.04.2025 08:45;53,4122
20.04.2025 09:00;54,7984
20.04.2025 09:15;56,5732
20.04.2025 09:30;55,0594
20.04.2025 09:45;51,9448
20.04.2025 10:00;53,2382
20.04.2025 10:15;53,0352
20.04.2025 10:30;52,6234
20.04.2025 10:45;52,6872
20.04.2025 11:00;50,7442
20.04.2025 11:15;51,2604
20.04.2025 11:30;52,9424
20.04.2025 11:45;51,8404
20.04.2025 12:00;52,229
20.04.2025 12:15;51,1038
20.04.2025 12:30;51,4982
20.04.2025 12:45;52,3624
20.04.2025 13:00;51,8694
20.04.2025 13:15;51,3648
20.04.2025 13:30;50,5122
20.04.2025 13:45;52,1768
20.04.2025 14:00;52,2058
20.04.2025 14:15;52,0202
20.04.2025 14:30;51,0574
20.04.2025 14:45;52,548
20.04.2025 15:00;52,5132
20.04.2025 15:15;49,5088
20.04.2025 15:30;51,388
20.04.2025 15:45;52,6988
20.04.2025 16:00;52,6002
20.04.2025 16:15;49,7872
20.04.2025 16:30;53,7834
20.04.2025 16:45;52,6292
20.04.2025 17:00;51,0922
20.04.2025 17:15;52,5944
20.04.2025 17:30;52,722
20.04.2025 17:45;53,0526
20.04.2025 18:00;51,3184
20.04.2025 18:15;54,0676
20.04.2025 18:30;53,9574
20.04.2025 18:45;52,6582
20.04.2025 19:00;52,0434
20.04.2025 19:15;53,2034
20.04.2025 19:30;53,9864
20.04.2025 19:45;52,4378
20.04.2025 20:00;54,1546
20.04.2025 20:15;54,201
20.04.2025 20:30;54,7868
20.04.2025 20:45;60,7028
20.04.2025 21:00;60,3664
20.04.2025 21:15;60,3548
20.04.2025 21:30;62,3848
20.04.2025 21:45;60,0764
20.04.2025 22:00;62,0948
20.04.2025 22:15;60,9464
20.04.2025 22:30;60,32
20.04.2025 22:45;58,87
20.04.2025 23:00;59,16
20.04.2025 23:15;55,97
20.04.2025 23:30;56,84
20.04.2025 23:45;58
21.04.2025 00:00;55,97
21.04.2025 00:15;57,4664
21.04.2025 00:30;57,1648
21.04.2025 00:45;56,3064
21.04.2025 01:00;56,0048
21.04.2025 01:15;55,4364
21.04.2025 01:30;56,8748
21.04.2025 01:45;57,7564
21.04.2025 02:00;57,1648
21.04.2025 02:15;56,2948
21.04.2025 02:30;56,0164
21.04.2025 02:45;57,4548
21.04.2025 03:00;56,5964
21.04.2025 03:15;56,5848
21.04.2025 03:30;54,2764
21.04.2025 03:45;56,8748
21.04.2025 04:00;56,8748
21.04.2025 04:15;57,7564
21.04.2025 04:30;57,7448
21.04.2025 04:45;54,8564
21.04.2025 05:00;57,4548
21.04.2025 05:15;62,1064
21.04.2025 05:30;62,6748
21.04.2025 05:45;60,6448
21.04.2025 06:00;60,9464
21.04.2025 06:15;61,2248
21.04.2025 06:30;56,5964
21.04.2025 06:45;54,8448
21.04.2025 07:00;53,5166
21.04.2025 07:15;52,1362
21.04.2025 07:30;54,5664
21.04.2025 07:45;53,7602
21.04.2025 08:00;53,9864
21.04.2025 08:15;50,8892
21.04.2025 08:30;54,462
21.04.2025 08:45;54,143
21.04.2025 09:00;54,7868
21.04.2025 09:15;52,6756
21.04.2025 09:30;51,8346
21.04.2025 09:45;53,621
21.04.2025 10:00;53,7544
21.04.2025 10:15;53,476
21.04.2025 10:30;50,5876
21.04.2025 10:45;53,8008
21.04.2025 11:00;53,969
21.04.2025 11:15;54,1952
21.04.2025 11:30;52,1942
21.04.2025 11:45;52,258
21.04.2025 12:00;54,2184
21.04.2025 12:15;53,8588
21.04.2025 12:30;54,2996
21.04.2025 12:45;50,808
21.04.2025 13:00;52,7452
21.04.2025 13:15;55,419
21.04.2025 13:30;53,2962
21.04.2025 13:45;49,8452
21.04.2025 14:00;52,461
21.04.2025 14:15;53,0932
21.04.2025 14:30;52,6814
21.04.2025 14:45;52,1652
21.04.2025 15:00;52,055
21.04.2025 15:15;53,4006
21.04.2025 15:30;53,766
21.04.2025 15:45;54,0444
21.04.2025 16:00;51,649
21.04.2025 16:15;53,8298
21.04.2025 16:30;54,6012
21.04.2025 16:45;53,2904
21.04.2025 17:00;51,794
21.04.2025 17:15;53,4992
21.04.2025 17:30;53,1628
21.04.2025 17:45;52,0492
21.04.2025 18:00;52,0318
21.04.2025 18:15;54,1604
21.04.2025 18:30;53,6732
21.04.2025 18:45;52,5306
21.04.2025 19:00;52,78
21.04.2025 19:15;54,0096
21.04.2025 19:30;55,3552
21.04.2025 19:45;53,7892
21.04.2025 20:00;51,7766
21.04.2025 20:15;54,6766
21.04.2025 20:30;54,752
21.04.2025 20:45;57,2982
21.04.2025 21:00;58,0348
21.04.2025 21:15;60,0648
21.04.2025 21:30;62,0948
21.04.2025 21:45;61,8048
21.04.2025 22:00;60,6448
21.04.2025 22:15;58,3132
21.04.2025 22:30;60,3548
21.04.2025 22:45;60,3548
21.04.2025 23:00;60,0648
21.04.2025 23:15;53,9748
21.04.2025 23:30;55,4248
21.04.2025 23:45;56,5848
22.04.2025 00:00;57,7448
22.04.2025 00:15;58
22.04.2025 00:30;55,1
22.04.2025 00:45;57,13
22.04.2025 01:00;57,42
22.04.2025 01:15;57,13
22.04.2025 01:30;56,26
22.04.2025 01:45;58
22.04.2025 02:00;56,26
22.04.2025 02:15;56,55
22.04.2025 02:30;58
22.04.2025 02:45;56,5848
22.04.2025 03:00;55,7148
22.04.2025 03:15;56,5848
22.04.2025 03:30;56,0048
22.04.2025 03:45;57,1648
22.04.2025 04:00;54,5548
22.04.2025 04:15;54,8448
22.04.2025 04:30;56,8748
22.04.2025 04:45;56,2948
22.04.2025 05:00;56,8748
22.04.2025 05:15;61,5148
22.04.2025 05:30;79,2048
22.04.2025 05:45;123,5748
22.04.2025 06:00;141,2648
22.04.2025 06:15;162,9916
22.04.2025 06:30;183,396
22.04.2025 06:45;191,11
22.04.2025 07:00;190,5996
22.04.2025 07:15;175,1832
22.04.2025 07:30;168,4784
22.04.2025 07:45;195,0424
22.04.2025 08:00;199,2938
22.04.2025 08:15;198,1222
22.04.2025 08:30;195,1758
22.04.2025 08:45;155,7358
22.04.2025 09:00;184,0166
22.04.2025 09:15;199,056
22.04.2025 09:30;193,2154
22.04.2025 09:45;197,6118
22.04.2025 10:00;194,0564
22.04.2025 10:15;185,0316
22.04.2025 10:30;187,4792
22.04.2025 10:45;183,4076
22.04.2025 11:00;186,499
22.04.2025 11:15;188,442
22.04.2025 11:30;196,3648
22.04.2025 11:45;194,9902
22.04.2025 12:00;190,153
22.04.2025 12:15;158,1718
22.04.2025 12:30;181,1108
22.04.2025 12:45;210,8068
22.04.2025 13:00;220,284
22.04.2025 13:15;220,1854
22.04.2025 13:30;200,97
22.04.2025 13:45;213,0804
22.04.2025 14:00;197,0666
22.04.2025 14:15;171,6336
22.04.2025 14:30;135,1168
22.04.2025 14:45;120,8836
22.04.2025 15:00;109,562
22.04.2025 15:15;110,3334
22.04.2025 15:30;95,2244
22.04.2025 15:45;98,3216
22.04.2025 16:00;90,7584
22.04.2025 16:15;81,1826
22.04.2025 16:30;76,0612
22.04.2025 16:45;65,2616
22.04.2025 17:00;65,8648
22.04.2025 17:15;67,8542
22.04.2025 17:30;64,6236
22.04.2025 17:45;59,0034
22.04.2025 18:00;56,9792
22.04.2025 18:15;59,6994
22.04.2025 18:30;57,6462
22.04.2025 18:45;58,1566
22.04.2025 19:00;58,8758
22.04.2025 19:15;57,9942
22.04.2025 19:30;58,2784
22.04.2025 19:45;71,5314
22.04.2025 20:00;63,0866
22.04.2025 20:15;57,9246
22.04.2025 20:30;67,1466
22.04.2025 20:45;60,0764
22.04.2025 21:00;65,2732
22.04.2025 21:15;67,6048
22.04.2025 21:30;67,0248
22.04.2025 21:45;64,7048
22.04.2025 22:00;66,4448
22.04.2025 22:15;66,1548
22.04.2025 22:30;64,38
22.04.2025 22:45;62,35
22.04.2025 23:00;63,8
22.04.2025 23:15;59,45
22.04.2025 23:30;60,61
22.04.2025 23:45;59,45
23.04.2025 00:00;60,32
23.04.2025 00:15;62,06
23.04.2025 00:30;61,19
23.04.2025 00:45;60,61
23.04.2025 01:00;58,58
23.04.2025 01:15;60,03
23.04.2025 01:30;60,32
23.04.2025 01:45;60,32
23.04.2025 02:00;60,32
23.04.2025 02:15;59,74
23.04.2025 02:30;60,32
23.04.2025 02:45;61,5148
23.04.2025 03:00;60,6448
23.04.2025 03:15;59,1948
23.04.2025 03:30;60,0648
23.04.2025 03:45;64,7048
23.04.2025 04:00;77,4648
23.04.2025 04:15;78,0448
23.04.2025 04:30;74,2748
23.04.2025 04:45;78,3348
23.04.2025 05:00;82,9748
23.04.2025 05:15;96,6048
23.04.2025 05:30;114,0048
23.04.2025 05:45;132,5648
23.04.2025 06:00;156,3448
23.04.2025 06:15;167,9332
23.04.2025 06:30;196,6548
23.04.2025 06:45;208,6724
23.04.2025 07:00;210,3834
23.04.2025 07:15;178,6516
23.04.2025 07:30;194,5842
23.04.2025 07:45;223,0912
23.04.2025 08:00;223,7872
23.04.2025 08:15;210,047
23.04.2025 08:30;199,9608
23.04.2025 08:45;166,1758
23.04.2025 09:00;201,3992
23.04.2025 09:15;249,2666
23.04.2025 09:30;265,698
23.04.2025 09:45;218,3642
23.04.2025 10:00;235,9498
23.04.2025 10:15;224,837
23.04.2025 10:30;249,3304
23.04.2025 10:45;200,68
23.04.2025 11:00;214,8784
23.04.2025 11:15;217,732
23.04.2025 11:30;246,1984
23.04.2025 11:45;236,495
23.04.2025 12:00;193,6098
23.04.2025 12:15;155,0166
23.04.2025 12:30;172,6196
23.04.2025 12:45;243,9886
23.04.2025 13:00;234,6158
23.04.2025 13:15;205,9696
23.04.2025 13:30;209,8672
23.04.2025 13:45;192,9776
23.04.2025 14:00;197,345
23.04.2025 14:15;169,389
23.04.2025 14:30;134,0496
23.04.2025 14:45;135,633
23.04.2025 15:00;133,429
23.04.2025 15:15;126,2196
23.04.2025 15:30;112,4678
23.04.2025 15:45;89,7028
23.04.2025 16:00;81,9772
23.04.2025 16:15;82,4412
23.04.2025 16:30;91,4254
23.04.2025 16:45;89,3026
23.04.2025 17:00;82,534
23.04.2025 17:15;77,662
23.04.2025 17:30;66,0504
23.04.2025 17:45;70,3076
23.04.2025 18:00;79,2048
23.04.2025 18:15;59,0788
23.04.2025 18:30;62,7792
23.04.2025 18:45;59,45
23.04.2025 19:00;58,7482
23.04.2025 19:15;58,4002
23.04.2025 19:30;59,0324
23.04.2025 19:45;55,5466
23.04.2025 20:00;58,0174
23.04.2025 20:15;74,5184
23.04.2025 20:30;74,3908
23.04.2025 20:45;74,0428
23.04.2025 21:00;67,0248
23.04.2025 21:15;67,3148
23.04.2025 21:30;68,4748
23.04.2025 21:45;65,2732
23.04.2025 22:00;63,5448
23.04.2025 22:15;62,0948
23.04.2025 22:30;61,48
23.04.2025 22:45;58,29
23.04.2025 23:00;61,77
23.04.2025 23:15;56,55
23.04.2025 23:30;56,84
23.04.2025 23:45;55,68
24.04.2025 00:00;56,84
24.04.2025 00:15;57,42
24.04.2025 00:30;57,42
24.04.2025 00:45;58,29
24.04.2025 01:00;54,81
24.04.2025 01:15;58
24.04.2025 01:30;58,58
24.04.2025 01:45;57,71
24.04.2025 02:00;58,58
24.04.2025 02:15;56,26
24.04.2025 02:30;58,87
24.04.2025 02:45;58,0348
24.04.2025 03:00;58,0348
24.04.2025 03:15;55,1348
24.04.2025 03:30;58,0348
24.04.2025 03:45;62,9648
24.04.2025 04:00;72,8248
24.04.2025 04:15;73,4048
24.04.2025 04:30;71,3748
24.04.2025 04:45;76,3048
24.04.2025 05:00;76,5948
24.04.2025 05:15;88,7632
24.04.2025 05:30;109,6548
24.04.2025 05:45;128,2148
24.04.2025 06:00;126,4748
24.04.2025 06:15;154,3032
24.04.2025 06:30;186,4932
24.04.2025 06:45;199,5896
24.04.2025 07:00;174,8468
24.04.2025 07:15;150,6898
24.04.2025 07:30;183,2626
24.04.2025 07:45;213,063
24.04.2025 08:00;216,6764
24.04.2025 08:15;219,675
24.04.2025 08:30;198,94
24.04.2025 08:45;172,6022
24.04.2025 09:00;199,027
24.04.2025 09:15;243,919
24.04.2025 09:30;228,1604
24.04.2025 09:45;220,864
24.04.2025 10:00;214,7218
24.04.2025 10:15;206,712
24.04.2025 10:30;191,7712
24.04.2025 10:45;196,9912
24.04.2025 11:00;205,3838
24.04.2025 11:15;208,7826
24.04.2025 11:30;209,0088
24.04.2025 11:45;201,1962
24.04.2025 12:00;190,0312
24.04.2025 12:15;161,6634
24.04.2025 12:30;181,4646
24.04.2025 12:45;207,2456
24.04.2025 13:00;214,6
24.04.2025 13:15;191,023
24.04.2025 13:30;189,051
24.04.2025 13:45;205,2272
24.04.2025 14:00;191,0404
24.04.2025 14:15;170,6476
24.04.2025 14:30;152,7836
24.04.2025 14:45;150,7362
24.04.2025 15:00;155,1964
24.04.2025 15:15;150,0518
24.04.2025 15:30;121,1562
24.04.2025 15:45;117,3862
24.04.2025 16:00;117,1716
24.04.2025 16:15;114,1904
24.04.2025 16:30;113,3262
24.04.2025 16:45;85,3992
24.04.2025 17:00;73,5092
24.04.2025 17:15;73,2772
24.04.2025 17:30;72,761
24.04.2025 17:45;70,8702
24.04.2025 18:00;82,1106
24.04.2025 18:15;82,1164
24.04.2025 18:30;78,5726
24.04.2025 18:45;69,4608
24.04.2025 19:00;70,847
24.04.2025 19:15;70,9978
24.04.2025 19:30;70,0814
24.04.2025 19:45;69,6812
24.04.2025 20:00;70,3714
24.04.2025 20:15;70,1162
24.04.2025 20:30;70,383
24.04.2025 20:45;71,949
24.04.2025 21:00;80,9448
24.04.2025 21:15;92,2432
24.04.2025 21:30;93,1248
24.04.2025 21:45;77,7432
24.04.2025 22:00;78,3348
24.04.2025 22:15;78,0332
24.04.2025 22:30;73,95
24.04.2025 22:45;70,47
24.04.2025 23:00;71,63
24.04.2025 23:15;65,83
24.04.2025 23:30;67,28
24.04.2025 23:45;66,7
25.04.2025 00:00;68,15
25.04.2025 00:15;67,0248
25.04.2025 00:30;68,1848
25.04.2025 00:45;67,3032
25.04.2025 01:00;67,0248
25.04.2025 01:15;67,5932
25.04.2025 01:30;68,4748
25.04.2025 01:45;68,7648
25.04.2025 02:00;67,3032
25.04.2025 02:15;68,4748
25.04.2025 02:30;67,3148
25.04.2025 02:45;69,0432
25.04.2025 03:00;67,0248
25.04.2025 03:15;67,8832
25.04.2025 03:30;67,0248
25.04.2025 03:45;73,4048
25.04.2025 04:00;83,8332
25.04.2025 04:15;86,4548
25.04.2025 04:30;83,5548
25.04.2025 04:45;85,5732
25.04.2025 05:00;86,7448
25.04.2025 05:15;103,5532
25.04.2025 05:30;120,0948
25.04.2025 05:45;141,2648
25.04.2025 06:00;139,8032
25.04.2025 06:15;156,6348
25.04.2025 06:30;197,78
25.04.2025 06:45;192,56
25.04.2025 07:00;193,8534
25.04.2025 07:15;173,6984
25.04.2025 07:30;185,7392
25.04.2025 07:45;200,8424
25.04.2025 08:00;202,5128
25.04.2025 08:15;204,0904
25.04.2025 08:30;196,7534
25.04.2025 08:45;167,4692
25.04.2025 09:00;189,5614
25.04.2025 09:15;216,3922
25.04.2025 09:30;215,499
25.04.2025 09:45;216,2414
25.04.2025 10:00;218,8978
25.04.2025 10:15;198,5456
25.04.2025 10:30;204,3688
25.04.2025 10:45;211,5782
25.04.2025 11:00;208,365
25.04.2025 11:15;190,2748
25.04.2025 11:30;209,3336
25.04.2025 11:45;191,313
25.04.2025 12:00;187,253
25.04.2025 12:15;141,0966
25.04.2025 12:30;107,996
25.04.2025 12:45;97,4632
25.04.2025 13:00;96,802
25.04.2025 13:15;99,586
25.04.2025 13:30;100,978
25.04.2025 13:45;91,8778
25.04.2025 14:00;91,901
25.04.2025 14:15;93,1944
25.04.2025 14:30;93,496
25.04.2025 14:45;93,3046
25.04.2025 15:00;92,2316
25.04.2025 15:15;90,4916
25.04.2025 15:30;86,8608
25.04.2025 15:45;84,0652
25.04.2025 16:00;85,8748
25.04.2025 16:15;82,4702
25.04.2025 16:30;79,6514
25.04.2025 16:45;63,9914
25.04.2025 17:00;62,1702
25.04.2025 17:15;62,1818
25.04.2025 17:30;57,9652
25.04.2025 17:45;59,5718
25.04.2025 18:00;57,2286
25.04.2025 18:15;56,811
25.04.2025 18:30;56,3354
25.04.2025 18:45;55,9062
25.04.2025 19:00;57,2112
25.04.2025 19:15;57,6346
25.04.2025 19:30;58,029
25.04.2025 19:45;58,0696
25.04.2025 20:00;56,84
25.04.2025 20:15;57,826
25.04.2025 20:30;57,9826
25.04.2025 20:45;58,3422
25.04.2025 21:00;63,3012
25.04.2025 21:15;63,2432
25.04.2025 21:30;65,8648
25.04.2025 21:45;65,2848
25.04.2025 22:00;64,9832
25.04.2025 22:15;65,5748
25.04.2025 22:30;63,5448
25.04.2025 22:45;62,6632
25.04.2025 23:00;64,4148
25.04.2025 23:15;58,0348
25.04.2025 23:30;59,1832
25.04.2025 23:45;60,3548
26.04.2025 00:00;59,7748
26.04.2025 00:15;59,7632
26.04.2025 00:30;60,6448
26.04.2025 00:45;59,7748
26.04.2025 01:00;61,5148
26.04.2025 01:15;61,2132
26.04.2025 01:30;59,7748
26.04.2025 01:45;60,9348
26.04.2025 02:00;59,7748
26.04.2025 02:15;61,2132
26.04.2025 02:30;60,3548
26.04.2025 02:45;59,7748
26.04.2025 03:00;61,7932
26.04.2025 03:15;60,9348
26.04.2025 03:30;61,2248
26.04.2025 03:45;60,9348
26.04.2025 04:00;61,5148
26.04.2025 04:15;60,6332
26.04.2025 04:30;60,9348
26.04.2025 04:45;61,2248
26.04.2025 05:00;62,3848
26.04.2025 05:15;67,0132
26.04.2025 05:30;68,1848
26.04.2025 05:45;101,2448
26.04.2025 06:00;107,0448
26.04.2025 06:15;107,0332
26.04.2025 06:30;110,055
26.04.2025 06:45;115,0256
26.04.2025 07:00;111,0236
26.04.2025 07:15;107,1666
26.04.2025 07:30;106,4822
26.04.2025 07:45;109,3648
26.04.2025 08:00;110,9308
26.04.2025 08:15;114,8052
26.04.2025 08:30;110,7162
26.04.2025 08:45;104,6668
26.04.2025 09:00;106,9868
26.04.2025 09:15;112,3982
26.04.2025 09:30;115,6172
26.04.2025 09:45;109,504
26.04.2025 10:00;108,344
26.04.2025 10:15;100,6532
26.04.2025 10:30;98,7392
26.04.2025 10:45;104,11
26.04.2025 11:00;97,9968
26.04.2025 11:15;69,9944
26.04.2025 11:30;66,12
26.04.2025 11:45;65,5342
26.04.2025 12:00;65,5284
26.04.2025 12:15;57,4258
26.04.2025 12:30;53,2846
26.04.2025 12:45;52,1826
26.04.2025 13:00;51,736
26.04.2025 13:15;51,6896
26.04.2025 13:30;53,2904
26.04.2025 13:45;53,5688
26.04.2025 14:00;55,042
26.04.2025 14:15;52,4726
26.04.2025 14:30;53,5456
26.04.2025 14:45;52,6872
26.04.2025 15:00;53,041
26.04.2025 15:15;53,3948
26.04.2025 15:30;53,4296
26.04.2025 15:45;53,4528
26.04.2025 16:00;52,5422
26.04.2025 16:15;51,4576
26.04.2025 16:30;51,8752
26.04.2025 16:45;52,0144
26.04.2025 17:00;52,7162
26.04.2025 17:15;52,6698
26.04.2025 17:30;52,1014
26.04.2025 17:45;53,998
26.04.2025 18:00;53,2034
26.04.2025 18:15;53,1338
26.04.2025 18:30;53,4412
26.04.2025 18:45;52,49
26.04.2025 19:00;50,9182
26.04.2025 19:15;53,418
26.04.2025 19:30;53,9748
26.04.2025 19:45;54,4272
26.04.2025 20:00;56,5036
26.04.2025 20:15;54,4852
26.04.2025 20:30;54,0618
26.04.2025 20:45;54,6128
26.04.2025 21:00;59,9024
26.04.2025 21:15;60,6448
26.04.2025 21:30;60,3548
26.04.2025 21:45;60,9348
26.04.2025 22:00;61,5148
26.04.2025 22:15;60,6448
26.04.2025 22:30;60,9348
26.04.2025 22:45;60,3548
26.04.2025 23:00;60,6448
26.04.2025 23:15;55,7148
26.04.2025 23:30;56,5848
26.04.2025 23:45;56,8748
27.04.2025 00:00;57,1764
27.04.2025 00:15;58,3248
27.04.2025 00:30;56,2948
27.04.2025 00:45;57,4548
27.04.2025 01:00;56,2948
27.04.2025 01:15;58,6148
27.04.2025 01:30;56,8748
27.04.2025 01:45;57,1648
27.04.2025 02:00;58,0464
27.04.2025 02:15;58,3248
27.04.2025 02:30;57,7448
27.04.2025 02:45;56,8748
27.04.2025 03:00;56,2948
27.04.2025 03:15;56,2948
27.04.2025 03:30;56,0164
27.04.2025 03:45;59,4848
27.04.2025 04:00;57,7448
27.04.2025 04:15;56,5848
27.04.2025 04:30;57,4548
27.04.2025 04:45;57,7448
27.04.2025 05:00;57,4664
27.04.2025 05:15;62,0948
27.04.2025 05:30;62,9648
27.04.2025 05:45;70,5048
27.04.2025 06:00;74,5706
27.04.2025 06:15;70,5164
27.04.2025 06:30;71,108
27.04.2025 06:45;70,963
27.04.2025 07:00;69,9074
27.04.2025 07:15;70,1336
27.04.2025 07:30;69,1244
27.04.2025 07:45;70,9862
27.04.2025 08:00;71,5314
27.04.2025 08:15;69,3564
27.04.2025 08:30;69,3796
27.04.2025 08:45;69,4376
27.04.2025 09:00;68,6604
27.04.2025 09:15;67,4134
27.04.2025 09:30;67,802
27.04.2025 09:45;69,0026
27.04.2025 10:00;69,7392
27.04.2025 10:15;68,4284
27.04.2025 10:30;66,4506
27.04.2025 10:45;66,8914
27.04.2025 11:00;68,6488
27.04.2025 11:15;69,3796
27.04.2025 11:30;68,7068
27.04.2025 11:45;69,3332
27.04.2025 12:00;62,2862
27.04.2025 12:15;52,9714
27.04.2025 12:30;52,0666
27.04.2025 12:45;51,6954
27.04.2025 13:00;52,7278
27.04.2025 13:15;52,374
27.04.2025 13:30;51,0516
27.04.2025 13:45;51,1212
27.04.2025 14:00;52,1768
27.04.2025 14:15;52,606
27.04.2025 14:30;51,6664
27.04.2025 14:45;51,3532
27.04.2025 15:00;51,9738
27.04.2025 15:15;52,519
27.04.2025 15:30;52,4668
27.04.2025 15:45;52,0028
27.04.2025 16:00;51,7186
27.04.2025 16:15;50,3672
27.04.2025 16:30;51,0516
27.04.2025 16:45;51,1096
27.04.2025 17:00;51,3474
27.04.2025 17:15;52,4204
27.04.2025 17:30;51,7186
27.04.2025 17:45;52,78
27.04.2025 18:00;51,214
27.04.2025 18:15;51,04
27.04.2025 18:30;52,6176
27.04.2025 18:45;52,4088
27.04.2025 19:00;52,8844
27.04.2025 19:15;52,3624
27.04.2025 19:30;52,664
27.04.2025 19:45;53,273
27.04.2025 20:00;53,6384
27.04.2025 20:15;55,7148
27.04.2025 20:30;51,2314
27.04.2025 20:45;54,056
27.04.2025 21:00;57,449
27.04.2025 21:15;58,9164
27.04.2025 21:30;60,9348
27.04.2025 21:45;60,6448
27.04.2025 22:00;60,9348
27.04.2025 22:15;60,6448
27.04.2025 22:30;59,4964
27.04.2025 22:45;60,6448
27.04.2025 23:00;75,7248
27.04.2025 23:15;70,7948
27.04.2025 23:30;72,8364
27.04.2025 23:45;72,5348
28.04.2025 00:00;70,5048
28.04.2025 00:15;68,73
28.04.2025 00:30;68,15
28.04.2025 00:45;69,02
28.04.2025 01:00;67,86
28.04.2025 01:15;68,44
28.04.2025 01:30;68,73
28.04.2025 01:45;69,02
28.04.2025 02:00;68,73
28.04.2025 02:15;68,15
28.04.2025 02:30;68,44
28.04.2025 02:45;68,4748
28.04.2025 03:00;68,1964
28.04.2025 03:15;67,6048
28.04.2025 03:30;68,1848
28.04.2025 03:45;69,9364
28.04.2025 04:00;68,7648
28.04.2025 04:15;69,3448
28.04.2025 04:30;69,0664
28.04.2025 04:45;69,6348
28.04.2025 05:00;68,1848
28.04.2025 05:15;73,9964
28.04.2025 05:30;101,5348
28.04.2025 05:45;126,4748
28.04.2025 06:00;127,6348
28.04.2025 06:15;143,9618
28.04.2025 06:30;174,8294
28.04.2025 06:45;182,6246
28.04.2025 07:00;183,2568
28.04.2025 07:15;155,6024
28.04.2025 07:30;164,2618
28.04.2025 07:45;177,9498
28.04.2025 08:00;222,0356
28.04.2025 08:15;168,9366
28.04.2025 08:30;177,9324
28.04.2025 08:45;156,6348
28.04.2025 09:00;185,6928
28.04.2025 09:15;219,762
28.04.2025 09:30;225,388
28.04.2025 09:45;209,2118
28.04.2025 10:00;206,7294
28.04.2025 10:15;238,1944
28.04.2025 10:30;215,9166
28.04.2025 10:45;207,7096
28.04.2025 11:00;221,2526
28.04.2025 11:15;255,432
28.04.2025 11:30;236,5878
28.04.2025 11:45;205,5172
28.04.2025 12:00;186,5918
28.04.2025 12:15;153,7754
28.04.2025 12:30;175,6008
28.04.2025 12:45;221,56
28.04.2025 13:00;213,6082
28.04.2025 13:15;207,3674
28.04.2025 13:30;261,1102
28.04.2025 13:45;265,8488
28.04.2025 14:00;222,14
28.04.2025 14:15;179,22
28.04.2025 14:30;139,3624
28.04.2025 14:45;123,0354
28.04.2025 15:00;125,7556
28.04.2025 15:15;114,5384
28.04.2025 15:30;105,009
28.04.2025 15:45;105,9312
28.04.2025 16:00;106,0182
28.04.2025 16:15;102,2424
28.04.2025 16:30;100,0906
28.04.2025 16:45;93,438
28.04.2025 17:00;87,3422
28.04.2025 17:15;84,738
28.04.2025 17:30;81,3798
28.04.2025 17:45;66,9204
28.04.2025 18:00;62,147
28.04.2025 18:15;60,407
28.04.2025 18:30;62,814
28.04.2025 18:45;61,6192
28.04.2025 19:00;69,9538
28.04.2025 19:15;68,4458
28.04.2025 19:30;70,7136
28.04.2025 19:45;62,379
28.04.2025 20:00;63,5738
28.04.2025 20:15;64,0494
28.04.2025 20:30;59,7516
28.04.2025 20:45;60,4302
28.04.2025 21:00;64,873
28.04.2025 21:15;66,1432
28.04.2025 21:30;67,3032
28.04.2025 21:45;70,5048
28.04.2025 22:00;67,3148
28.04.2025 22:15;66,4448
28.04.2025 22:30;64,38
28.04.2025 22:45;70,76
28.04.2025 23:00;65,54
28.04.2025 23:15;61,48
28.04.2025 23:30;60,61
28.04.2025 23:45;61,48
29.04.2025 00:00;62,35
29.04.2025 00:15;63,7188
29.04.2025 00:30;63,075
29.04.2025 00:45;63,1388
29.04.2025 01:00;62,582
29.04.2025 01:15;63,4288
29.04.2025 01:30;62,8024
29.04.2025 01:45;63,0924
29.04.2025 02:00;62,8256
29.04.2025 02:15;62,7154
29.04.2025 02:30;63,7884
29.04.2025 02:45;63,1214
29.04.2025 03:00;63,0344
29.04.2025 03:15;64,0552
29.04.2025 03:30;62,408
29.04.2025 03:45;66,1548
29.04.2025 04:00;66,2418
29.04.2025 04:15;65,4646
29.04.2025 04:30;65,4182
29.04.2025 04:45;66,1548
29.04.2025 05:00;71,862
29.04.2025 05:15;82,8878
29.04.2025 05:30;102,9848
29.04.2025 05:45;124,265
29.04.2025 06:00;132,4952
29.04.2025 06:15;160,7586
29.04.2025 06:30;202,2692
29.04.2025 06:45;203,0812
29.04.2025 07:00;196,6606
29.04.2025 07:15;173,2982
29.04.2025 07:30;186,905
29.04.2025 07:45;217,4594
29.04.2025 08:00;216,717
29.04.2025 08:15;210,3776
29.04.2025 08:30;198,1454
29.04.2025 08:45;165,6016
29.04.2025 09:00;185,7276
29.04.2025 09:15;214,2984
29.04.2025 09:30;211,7754
29.04.2025 09:45;206,0856
29.04.2025 10:00;212,4598
29.04.2025 10:15;206,712
29.04.2025 10:30;201,2368
29.04.2025 10:45;188,384
29.04.2025 11:00;190,4836
29.04.2025 11:15;196,9448
29.04.2025 11:30;192,3628
29.04.2025 11:45;192,1076
29.04.2025 12:00;179,4056
29.04.2025 12:15;150,539
29.04.2025 12:30;178,9242
29.04.2025 12:45;204,6008
29.04.2025 13:00;201,3644
29.04.2025 13:15;189,2366
29.04.2025 13:30;186,789
29.04.2025 13:45;186,6846
29.04.2025 14:00;179,3766
29.04.2025 14:15;154,9412
29.04.2025 14:30;127,4144
29.04.2025 14:45;128,354
29.04.2025 15:00;122,9078
29.04.2025 15:15;120,0542
29.04.2025 15:30;105,7862
29.04.2025 15:45;100,0268
29.04.2025 16:00;91,2108
29.04.2025 16:15;87,9802
29.04.2025 16:30;84,7554
29.04.2025 16:45;84,1464
29.04.2025 17:00;82,244
29.04.2025 17:15;80,069
29.04.2025 17:30;75,5392
29.04.2025 17:45;72,5116
29.04.2025 18:00;72,1984
29.04.2025 18:15;70,2148
29.04.2025 18:30;67,918
29.04.2025 18:45;67,512
29.04.2025 19:00;68,4748
29.04.2025 19:15;69,194
29.04.2025 19:30;70,9224
29.04.2025 19:45;73,7238
29.04.2025 20:00;71,2936
29.04.2025 20:15;70,47
29.04.2025 20:30;69,8378
29.04.2025 20:45;71,9316
29.04.2025 21:00;70,5744
29.04.2025 21:15;71,195
29.04.2025 21:30;69,4318
29.04.2025 21:45;68,7648
29.04.2025 22:00;69,252
29.04.2025 22:15;68,3182
29.04.2025 22:30;66,9784
29.04.2025 22:45;67,8252
29.04.2025 23:00;63,2084
29.04.2025 23:15;63,6724
29.04.2025 23:30;63,1156
29.04.2025 23:45;63,539
30.04.2025 00:00;63,162
30.04.2025 00:15;65,482
30.04.2025 00:30;62,2224
30.04.2025 00:45;64,3858
30.04.2025 01:00;63,8058
30.04.2025 01:15;63,4984
30.04.2025 01:30;63,9218
30.04.2025 01:45;63,5216
30.04.2025 02:00;63,4288
30.04.2025 02:15;64,322
30.04.2025 02:30;63,4984
30.04.2025 02:45;63,9682
30.04.2025 03:00;64,4612
30.04.2025 03:15;63,481
30.04.2025 03:30;64,612
30.04.2025 03:45;66,0678
30.04.2025 04:00;66,6478
30.04.2025 04:15;67,628
30.04.2025 04:30;67,1582
30.04.2025 04:45;68,9678
30.04.2025 05:00;72,4652
30.04.2025 05:15;86,9884
30.04.2025 05:30;106,1516
30.04.2025 05:45;126,005
30.04.2025 06:00;134,8152
30.04.2025 06:15;161,9592
30.04.2025 06:30;192,966
30.04.2025 06:45;206,886
30.04.2025 07:00;196,1792
30.04.2025 07:15;176,2504
30.04.2025 07:30;190,7156
30.04.2025 07:45;208,0982
30.04.2025 08:00;209,409
30.04.2025 08:15;203,6264
30.04.2025 08:30;184,0166
30.04.2025 08:45;157,4642
30.04.2025 09:00;180,2002
30.04.2025 09:15;203,609
30.04.2025 09:30;200,2972
30.04.2025 09:45;195,7384
30.04.2025 10:00;192,2468
30.04.2025 10:15;190,5706
30.04.2025 10:30;189,8572
30.04.2025 10:45;177,8222
30.04.2025 11:00;183,9934
30.04.2025 11:15;186,383
30.04.2025 11:30;187,2182
30.04.2025 11:45;187,6532
30.04.2025 12:00;176,8768
30.04.2025 12:15;149,7676
30.04.2025 12:30;171,8134
30.04.2025 12:45;200,1464
30.04.2025 13:00;200,6916
30.04.2025 13:15;194,8684
30.04.2025 13:30;191,7364
30.04.2025 13:45;186,8528
30.04.2025 14:00;177,3582
30.04.2025 14:15;159,558
30.04.2025 14:30;127,8378
30.04.2025 14:45;130,3086
30.04.2025 15:00;127,861
30.04.2025 15:15;121,8522
30.04.2025 15:30;104,7596
30.04.2025 15:45;100,427
30.04.2025 16:00;98,5652
30.04.2025 16:15;94,1514
30.04.2025 16:30;91,9938
30.04.2025 16:45;92,0692
30.04.2025 17:00;86,0256
30.04.2025 17:15;80,9332
30.04.2025 17:30;70,9398
30.04.2025 17:45;70,0582
30.04.2025 18:00;67,773
30.04.2025 18:15;67,251
30.04.2025 18:30;67,251
30.04.2025 18:45;67,367
30.04.2025 19:00;66,2998
30.04.2025 19:15;70,9978
30.04.2025 19:30;74,9592
30.04.2025 19:45;71,8156
30.04.2025 20:00;70,4584
30.04.2025 20:15;69,8958
30.04.2025 20:30;69,02
30.04.2025 20:45;74,4778
30.04.2025 21:00;71,2124
30.04.2025 21:15;71,2646
30.04.2025 21:30;70,8122
30.04.2025 21:45;70,4584
30.04.2025 22:00;69,6116
30.04.2025 22:15;69,165
30.04.2025 22:30;67,9122
30.04.2025 22:45;66,7058
30.04.2025 23:00;63,8986
30.04.2025 23:15;63,2722
30.04.2025 23:30;62,3152
30.04.2025 23:45;63,626
01.05.2025 00:00;62,6922
01.05.2025 00:15;58,29
01.05.2025 00:30;56,55
01.05.2025 00:45;55,68
01.05.2025 01:00;55,97
01.05.2025 01:15;57,13
01.05.2025 01:30;57,13
01.05.2025 01:45;56,26
01.05.2025 02:00;56,84
01.05.2025 02:15;54,52
01.05.2025 02:30;58
01.05.2025 02:45;58,6148
01.05.2025 03:00;58,3364
01.05.2025 03:15;58,6148
01.05.2025 03:30;57,7448
01.05.2025 03:45;56,8864
01.05.2025 04:00;57,7448
01.05.2025 04:15;59,7748
01.05.2025 04:30;57,7564
01.05.2025 04:45;58,3248
01.05.2025 05:00;58,6264
01.05.2025 05:15;62,9648
01.05.2025 05:30;61,8048
01.05.2025 05:45;57,4664
01.05.2025 06:00;57,7448
01.05.2025 06:15;54,2126
01.05.2025 06:30;54,3518
01.05.2025 06:45;54,027
01.05.2025 07:00;54,5548
01.05.2025 07:15;54,2648
01.05.2025 07:30;53,4354
01.05.2025 07:45;51,4982
01.05.2025 08:00;53,2382
01.05.2025 08:15;53,8182
01.05.2025 08:30;54,2184
01.05.2025 08:45;53,8124
01.05.2025 09:00;53,3658
01.05.2025 09:15;53,1686
01.05.2025 09:30;50,6804
01.05.2025 09:45;55,0942
01.05.2025 10:00;53,5166
01.05.2025 10:15;53,592
01.05.2025 10:30;53,592
01.05.2025 10:45;52,4378
01.05.2025 11:00;50,5818
01.05.2025 11:15;52,4958
01.05.2025 11:30;52,0492
01.05.2025 11:45;53,2672
01.05.2025 12:00;52,5596
01.05.2025 12:15;50,2222
01.05.2025 12:30;52,1072
01.05.2025 12:45;52,2116
01.05.2025 13:00;51,9796
01.05.2025 13:15;53,0584
01.05.2025 13:30;51,0284
01.05.2025 13:45;51,9796
01.05.2025 14:00;51,8404
01.05.2025 14:15;51,7592
01.05.2025 14:30;52,6814
01.05.2025 14:45;51,8926
01.05.2025 15:00;50,1816
01.05.2025 15:15;52,5422
01.05.2025 15:30;52,8554
01.05.2025 15:45;52,1014
01.05.2025 16:00;51,7186
01.05.2025 16:15;51,8694
01.05.2025 16:30;49,0158
01.05.2025 16:45;51,9912
01.05.2025 17:00;53,8936
01.05.2025 17:15;52,6872
01.05.2025 17:30;52,7626
01.05.2025 17:45;52,4436
01.05.2025 18:00;49,938
01.05.2025 18:15;52,5886
01.05.2025 18:30;53,0352
01.05.2025 18:45;52,6234
01.05.2025 19:00;53,0874
01.05.2025 19:15;53,1744
01.05.2025 19:30;50,9356
01.05.2025 19:45;52,9888
01.05.2025 20:00;53,505
01.05.2025 20:15;53,2614
01.05.2025 20:30;53,6732
01.05.2025 20:45;53,5514
01.05.2025 21:00;54,3286
01.05.2025 21:15;57,7448
01.05.2025 21:30;59,4964
01.05.2025 21:45;60,9348
01.05.2025 22:00;60,3548
01.05.2025 22:15;59,7748
01.05.2025 22:30;59,74
01.05.2025 22:45;58
01.05.2025 23:00;58,29
01.05.2025 23:15;54,52
01.05.2025 23:30;55,1
01.05.2025 23:45;55,97
02.05.2025 00:00;56,55
02.05.2025 00:15;56,55
02.05.2025 00:30;55,39
02.05.2025 00:45;55,97
02.05.2025 01:00;56,84
02.05.2025 01:15;56,55
02.05.2025 01:30;56,84
02.05.2025 01:45;58
02.05.2025 02:00;56,55
02.05.2025 02:15;56,26
02.05.2025 02:30;57,13
02.05.2025 02:45;58,3248
02.05.2025 03:00;58,0348
02.05.2025 03:15;58,0464
02.05.2025 03:30;57,7448
02.05.2025 03:45;56,2948
02.05.2025 04:00;57,7622
02.05.2025 04:15;58,3248
02.05.2025 04:30;58,3248
02.05.2025 04:45;58,3248
02.05.2025 05:00;56,8864
02.05.2025 05:15;60,0648
02.05.2025 05:30;62,3848
02.05.2025 05:45;60,6448
02.05.2025 06:00;58,9164
02.05.2025 06:15;55,506
02.05.2025 06:30;54,7114
02.05.2025 06:45;53,9632
02.05.2025 07:00;54,9434
02.05.2025 07:15;55,0884
02.05.2025 07:30;55,0188
02.05.2025 07:45;55,0884
02.05.2025 08:00;55,622
02.05.2025 08:15;54,3402
02.05.2025 08:30;53,7254
02.05.2025 08:45;53,8472
02.05.2025 09:00;53,0816
02.05.2025 09:15;53,3252
02.05.2025 09:30;53,1976
02.05.2025 09:45;52,1246
02.05.2025 10:00;52,4088
02.05.2025 10:15;53,65
02.05.2025 10:30;53,3194
02.05.2025 10:45;53,2614
02.05.2025 11:00;53,0004
02.05.2025 11:15;50,3962
02.05.2025 11:30;52,7742
02.05.2025 11:45;53,4064
02.05.2025 12:00;55,2624
02.05.2025 12:15;53,128
02.05.2025 12:30;50,9298
02.05.2025 12:45;52,2174
02.05.2025 13:00;51,9158
02.05.2025 13:15;53,8008
02.05.2025 13:30;52,3914
02.05.2025 13:45;52,7278
02.05.2025 14:00;51,3068
02.05.2025 14:15;53,2498
02.05.2025 14:30;52,6872
02.05.2025 14:45;52,345
02.05.2025 15:00;51,5794
02.05.2025 15:15;51,7012
02.05.2025 15:30;50,547
02.05.2025 15:45;51,562
02.05.2025 16:00;53,0816
02.05.2025 16:15;52,2348
02.05.2025 16:30;52,5248
02.05.2025 16:45;51,649
02.05.2025 17:00;49,0448
02.05.2025 17:15;52,1536
02.05.2025 17:30;52,3624
02.05.2025 17:45;52,3334
02.05.2025 18:00;52,6176
02.05.2025 18:15;52,2638
02.05.2025 18:30;50,808
02.05.2025 18:45;51,0226
02.05.2025 19:00;51,9738
02.05.2025 19:15;52,7278
02.05.2025 19:30;52,374
02.05.2025 19:45;52,6756
02.05.2025 20:00;51,7186
02.05.2025 20:15;51,533
02.05.2025 20:30;53,1918
02.05.2025 20:45;53,6732
02.05.2025 21:00;55,2044
02.05.2025 21:15;58,6148
02.05.2025 21:30;58,9048
02.05.2025 21:45;58,3248
02.05.2025 22:00;60,3548
02.05.2025 22:15;59,4848
02.05.2025 22:30;62,35
02.05.2025 22:45;60,03
02.05.2025 23:00;60,61
02.05.2025 23:15;54,23
02.05.2025 23:30;55,39
02.05.2025 23:45;56,84
03.05.2025 00:00;56,84
03.05.2025 00:15;57,13
03.05.2025 00:30;56,84
03.05.2025 00:45;55,39
03.05.2025 01:00;55,68
03.05.2025 01:15;57,13
03.05.2025 01:30;56,26
03.05.2025 01:45;57,13
03.05.2025 02:00;56,55
03.05.2025 02:15;54,81
03.05.2025 02:30;57,42
03.05.2025 02:45;58,3248
03.05.2025 03:00;57,4548
03.05.2025 03:15;56,5848
03.05.2025 03:30;55,7148
03.05.2025 03:45;54,2648
03.05.2025 04:00;56,0164
03.05.2025 04:15;57,1648
03.05.2025 04:30;57,1648
03.05.2025 04:45;56,5848
03.05.2025 05:00;56,2948
03.05.2025 05:15;61,8048
03.05.2025 05:30;61,2248
03.05.2025 05:45;57,1648
03.05.2025 06:00;56,3064
03.05.2025 06:15;53,9226
03.05.2025 06:30;54,1604
03.05.2025 06:45;54,3576
03.05.2025 07:00;53,8008
03.05.2025 07:15;53,2614
03.05.2025 07:30;52,3624
03.05.2025 07:45;52,8264
03.05.2025 08:00;53,6094
03.05.2025 08:15;55,941
03.05.2025 08:30;53,6036
03.05.2025 08:45;53,1976
03.05.2025 09:00;53,7196
03.05.2025 09:15;52,0028
03.05.2025 09:30;51,1038
03.05.2025 09:45;53,273
03.05.2025 10:00;53,2092
03.05.2025 10:15;53,8994
03.05.2025 10:30;53,6674
03.05.2025 10:45;52,5712
03.05.2025 11:00;50,2918
03.05.2025 11:15;52,7452
03.05.2025 11:30;51,7998
03.05.2025 11:45;51,8636
03.05.2025 12:00;52,3682
03.05.2025 12:15;52,0724
03.05.2025 12:30;50,0714
03.05.2025 12:45;51,7592
03.05.2025 13:00;51,4808
03.05.2025 13:15;51,4692
03.05.2025 13:30;51,997
03.05.2025 13:45;49,1028
03.05.2025 14:00;52,374
03.05.2025 14:15;53,3542
03.05.2025 14:30;52,5944
03.05.2025 14:45;51,91
03.05.2025 15:00;51,6374
03.05.2025 15:15;50,4136
03.05.2025 15:30;52,7452
03.05.2025 15:45;52,3972
03.05.2025 16:00;52,9018
03.05.2025 16:15;52,171
03.05.2025 16:30;51,881
03.05.2025 16:45;50,0192
03.05.2025 17:00;52,7974
03.05.2025 17:15;51,8694
03.05.2025 17:30;51,6026
03.05.2025 17:45;52,5886
03.05.2025 18:00;51,7824
03.05.2025 18:15;50,5528
03.05.2025 18:30;52,4378
03.05.2025 18:45;53,1106
03.05.2025 19:00;53,4006
03.05.2025 19:15;54,1372
03.05.2025 19:30;53,4934
03.05.2025 19:45;53,1744
03.05.2025 20:00;51,6896
03.05.2025 20:15;54,1024
03.05.2025 20:30;56,84
03.05.2025 20:45;54,2242
03.05.2025 21:00;56,086
03.05.2025 21:15;60,0648
03.05.2025 21:30;58,6148
03.05.2025 21:45;60,3548
03.05.2025 22:00;61,8048
03.05.2025 22:15;61,2248
03.05.2025 22:30;60,9
03.05.2025 22:45;59,74
03.05.2025 23:00;58,58
03.05.2025 23:15;55,68
03.05.2025 23:30;55,68
03.05.2025 23:45;57,71
04.05.2025 00:00;56,84
04.05.2025 00:15;56,84
04.05.2025 00:30;55,97
04.05.2025 00:45;54,81
04.05.2025 01:00;57,13
04.05.2025 01:15;56,84
04.05.2025 01:30;56,84
04.05.2025 01:45;56,55
04.05.2025 02:00;57,13
04.05.2025 02:15;58,29
04.05.2025 02:30;57,42
04.05.2025 02:45;55,1464
04.05.2025 03:00;56,5848
04.05.2025 03:15;56,8748
04.05.2025 03:30;57,4548
04.05.2025 03:45;56,5848
04.05.2025 04:00;56,8748
04.05.2025 04:15;57,1648
04.05.2025 04:30;58,0348
04.05.2025 04:45;55,7148
04.05.2025 05:00;55,1348
04.05.2025 05:15;61,5148
04.05.2025 05:30;61,8048
04.05.2025 05:45;59,7864
04.05.2025 06:00;56,2948
04.05.2025 06:15;54,1082
04.05.2025 06:30;56,1034
04.05.2025 06:45;55,9004
04.05.2025 07:00;53,2788
04.05.2025 07:15;52,0434
04.05.2025 07:30;53,5282
04.05.2025 07:45;53,2672
04.05.2025 08:00;53,8356
04.05.2025 08:15;53,2846
04.05.2025 08:30;54,9028
04.05.2025 08:45;53,6964
04.05.2025 09:00;53,3832
04.05.2025 09:15;52,1942
04.05.2025 09:30;51,3938
04.05.2025 09:45;53,7022
04.05.2025 10:00;52,5944
04.05.2025 10:15;52,8264
04.05.2025 10:30;53,563
04.05.2025 10:45;53,5572
04.05.2025 11:00;53,4586
04.05.2025 11:15;52,4378
04.05.2025 11:30;51,533
04.05.2025 11:45;52,2464
04.05.2025 12:00;53,0526
04.05.2025 12:15;53,5862
04.05.2025 12:30;53,563
04.05.2025 12:45;53,4586
04.05.2025 13:00;53,0584
04.05.2025 13:15;53,07
04.05.2025 13:30;51,678
04.05.2025 13:45;52,2116
04.05.2025 14:00;53,737
04.05.2025 14:15;52,838
04.05.2025 14:30;53,6036
04.05.2025 14:45;53,5746
04.05.2025 15:00;53,4528
04.05.2025 15:15;52,867
04.05.2025 15:30;51,185
04.05.2025 15:45;53,2556
04.05.2025 16:00;53,1454
04.05.2025 16:15;52,9424
04.05.2025 16:30;52,8322
04.05.2025 16:45;53,8878
04.05.2025 17:00;53,3658
04.05.2025 17:15;52,7104
04.05.2025 17:30;52,4204
04.05.2025 17:45;53,94
04.05.2025 18:00;54,3518
04.05.2025 18:15;53,998
04.05.2025 18:30;54,2648
04.05.2025 18:45;53,8936
04.05.2025 19:00;54,1256
04.05.2025 19:15;51,5098
04.05.2025 19:30;52,461
04.05.2025 19:45;57,9246
04.05.2025 20:00;53,2788
04.05.2025 20:15;54,2648
04.05.2025 20:30;53,6674
04.05.2025 20:45;53,9284
04.05.2025 21:00;55,187
04.05.2025 21:15;57,5592
04.05.2025 21:30;58,9048
04.05.2025 21:45;61,2248
04.05.2025 22:00;61,5148
04.05.2025 22:15;60,0532
04.05.2025 22:30;60,9
04.05.2025 22:45;59,74
04.05.2025 23:00;59,74
04.05.2025 23:15;54,81
04.05.2025 23:30;55,39
04.05.2025 23:45;55,39
05.05.2025 00:00;58,29
05.05.2025 00:15;57,71
05.05.2025 00:30;56,55
05.05.2025 00:45;57,13
05.05.2025 01:00;57,42
05.05.2025 01:15;56,26
05.05.2025 01:30;57,13
05.05.2025 01:45;57,71
05.05.2025 02:00;56,55
05.05.2025 02:15;56,84
05.05.2025 02:30;57,42
05.05.2025 02:45;58,8932
05.05.2025 03:00;56,8748
05.05.2025 03:15;56,8748
05.05.2025 03:30;56,8748
05.05.2025 03:45;56,5848
05.05.2025 04:00;56,5848
05.05.2025 04:15;58,9048
05.05.2025 04:30;56,8748
05.05.2025 04:45;58,3132
05.05.2025 05:00;64,1248
05.05.2025 05:15;76,3048
05.05.2025 05:30;89,9348
05.05.2025 05:45;124,1548
05.05.2025 06:00;127,629
05.05.2025 06:15;145,2958
05.05.2025 06:30;193,9694
05.05.2025 06:45;235,9846
05.05.2025 07:00;214,4202
05.05.2025 07:15;178,1238
05.05.2025 07:30;187,6126
05.05.2025 07:45;227,621
05.05.2025 08:00;205,7376
05.05.2025 08:15;193,1226
05.05.2025 08:30;179,5912
05.05.2025 08:45;151,3858
05.05.2025 09:00;199,8564
05.05.2025 09:15;260,8666
05.05.2025 09:30;226,722
05.05.2025 09:45;209,1654
05.05.2025 10:00;204,5602
05.05.2025 10:15;194,1376
05.05.2025 10:30;200,2856
05.05.2025 10:45;192,444
05.05.2025 11:00;184,585
05.05.2025 11:15;193,2386
05.05.2025 11:30;213,5038
05.05.2025 11:45;205,3722
05.05.2025 12:00;181,7198
05.05.2025 12:15;157,8702
05.05.2025 12:30;189,0568
05.05.2025 12:45;241,2452
05.05.2025 13:00;219,2226
05.05.2025 13:15;211,5318
05.05.2025 13:30;202,217
05.05.2025 13:45;208,9856
05.05.2025 14:00;193,4996
05.05.2025 14:15;161,7098
05.05.2025 14:30;135,6562
05.05.2025 14:45;128,3424
05.05.2025 15:00;140,4876
05.05.2025 15:15;121,9682
05.05.2025 15:30;112,085
05.05.2025 15:45;104,2028
05.05.2025 16:00;104,429
05.05.2025 16:15;107,9786
05.05.2025 16:30;109,4692
05.05.2025 16:45;94,685
05.05.2025 17:00;88,2818
05.05.2025 17:15;82,8936
05.05.2025 17:30;85,7936
05.05.2025 17:45;83,4794
05.05.2025 18:00;83,0676
05.05.2025 18:15;61,1552
05.05.2025 18:30;61,7932
05.05.2025 18:45;63,307
05.05.2025 19:00;64,409
05.05.2025 19:15;60,1228
05.05.2025 19:30;63,7014
05.05.2025 19:45;61,7178
05.05.2025 20:00;77,2734
05.05.2025 20:15;73,5904
05.05.2025 20:30;68,1036
05.05.2025 20:45;65,8532
05.05.2025 21:00;66,6014
05.05.2025 21:15;70,5106
05.05.2025 21:30;69,9248
05.05.2025 21:45;70,7948
05.05.2025 22:00;71,9548
05.05.2025 22:15;70,2148
05.05.2025 22:30;66,7
05.05.2025 22:45;67,28
05.05.2025 23:00;66,7
05.05.2025 23:15;65,83
05.05.2025 23:30;63,8
05.05.2025 23:45;63,8
06.05.2025 00:00;64,09
06.05.2025 00:15;65,83
06.05.2025 00:30;64,38
06.05.2025 00:45;63,8
06.05.2025 01:00;65,25
06.05.2025 01:15;63,51
06.05.2025 01:30;63,8
06.05.2025 01:45;64,09
06.05.2025 02:00;64,38
06.05.2025 02:15;65,83
06.05.2025 02:30;65,25
06.05.2025 02:45;64,7048
06.05.2025 03:00;65,5864
06.05.2025 03:15;64,1248
06.05.2025 03:30;64,9948
06.05.2025 03:45;65,5864
06.05.2025 04:00;64,4148
06.05.2025 04:15;76,0148
06.05.2025 04:30;82,1164
06.05.2025 04:45;82,1048
06.05.2025 05:00;88,1948
06.05.2025 05:15;101,8248
06.05.2025 05:30;119,5264
06.05.2025 05:45;135,4648
06.05.2025 06:00;130,8654
06.05.2025 06:15;160,0336
06.05.2025 06:30;195,1468
06.05.2025 06:45;198,0758
06.05.2025 07:00;191,3188
06.05.2025 07:15;175,6878
06.05.2025 07:30;167,4402
06.05.2025 07:45;192,792
06.05.2025 08:00;230,1962
06.05.2025 08:15;191,4696
06.05.2025 08:30;185,1128
06.05.2025 08:45;153,3288
06.05.2025 09:00;184,6836
06.05.2025 09:15;236,1644
06.05.2025 09:30;192,9834
06.05.2025 09:45;181,9228
06.05.2025 10:00;172,0628
06.05.2025 10:15;201,4282
06.05.2025 10:30;219,1066
06.05.2025 10:45;170,1198
06.05.2025 11:00;200,2276
06.05.2025 11:15;216,5488
06.05.2025 11:30;193,0704
06.05.2025 11:45;188,123
06.05.2025 12:00;174
06.05.2025 12:15;150,4578
06.05.2025 12:30;178,4312
06.05.2025 12:45;201,9212
06.05.2025 13:00;183,6222
06.05.2025 13:15;161,4662
06.05.2025 13:30;178,0194
06.05.2025 13:45;164,4996
06.05.2025 14:00;165,4218
06.05.2025 14:15;142,448
06.05.2025 14:30;132,9012
06.05.2025 14:45;127,4956
06.05.2025 15:00;121,7652
06.05.2025 15:15;131,8978
06.05.2025 15:30;118,9928
06.05.2025 15:45;121,3824
06.05.2025 16:00;121,9102
06.05.2025 16:15;99,818
06.05.2025 16:30;100,3284
06.05.2025 16:45;103,4604
06.05.2025 17:00;99,5048
06.05.2025 17:15;107,7872
06.05.2025 17:30;98,7508
06.05.2025 17:45;65,5574
06.05.2025 18:00;57,449
06.05.2025 18:15;60,3664
06.05.2025 18:30;58,783
06.05.2025 18:45;57,6868
06.05.2025 19:00;57,4954
06.05.2025 19:15;56,6834
06.05.2025 19:30;57,0546
06.05.2025 19:45;69,3738
06.05.2025 20:00;75,4116
06.05.2025 20:15;61,9324
06.05.2025 20:30;63,6724
06.05.2025 20:45;60,3258
06.05.2025 21:00;60,6738
06.05.2025 21:15;63,7536
06.05.2025 21:30;62,3848
06.05.2025 21:45;62,9648
06.05.2025 22:00;63,8348
06.05.2025 22:15;61,8048
06.05.2025 22:30;61,48
06.05.2025 22:45;61,48
06.05.2025 23:00;61,77
06.05.2025 23:15;56,26
06.05.2025 23:30;56,55
06.05.2025 23:45;57,71
07.05.2025 00:00;57,13
07.05.2025 00:15;57,42
07.05.2025 00:30;57,71
07.05.2025 00:45;58,58
07.05.2025 01:00;58
07.05.2025 01:15;58,29
07.05.2025 01:30;56,84
07.05.2025 01:45;57,13
07.05.2025 02:00;57,42
07.05.2025 02:15;56,55
07.05.2025 02:30;58,29
07.05.2025 02:45;58,6148
07.05.2025 03:00;57,7448
07.05.2025 03:15;58,9048
07.05.2025 03:30;60,3548
07.05.2025 03:45;57,4548
07.05.2025 04:00;57,1648
07.05.2025 04:15;57,7448
07.05.2025 04:30;57,4548
07.05.2025 04:45;58,0232
07.05.2025 05:00;63,8348
07.05.2025 05:15;79,2048
07.05.2025 05:30;93,9948
07.05.2025 05:45;125,0248
07.05.2025 06:00;125,6048
07.05.2025 06:15;150,5332
07.05.2025 06:30;190,8954
07.05.2025 06:45;200,1174
07.05.2025 07:00;190,443
07.05.2025 07:15;174,058
07.05.2025 07:30;182,1548
07.05.2025 07:45;217,8886
07.05.2025 08:00;224,7616
07.05.2025 08:15;216,369
07.05.2025 08:30;204,5428
07.05.2025 08:45;165,706
07.05.2025 09:00;195,3962
07.05.2025 09:15;230,3876
07.05.2025 09:30;219,0892
07.05.2025 09:45;219,24
07.05.2025 10:00;209,8556
07.05.2025 10:15;203,3538
07.05.2025 10:30;200,2798
07.05.2025 10:45;187,8388
07.05.2025 11:00;191,9046
07.05.2025 11:15;186,6672
07.05.2025 11:30;187,8852
07.05.2025 11:45;199,5548
07.05.2025 12:00;175,5892
07.05.2025 12:15;160,5034
07.05.2025 12:30;181,9808
07.05.2025 12:45;215,1336
07.05.2025 13:00;225,475
07.05.2025 13:15;211,2534
07.05.2025 13:30;200,7786
07.05.2025 13:45;191,9394
07.05.2025 14:00;189,9732
07.05.2025 14:15;170,5548
07.05.2025 14:30;128,7078
07.05.2025 14:45;122,1944
07.05.2025 15:00;119,944
07.05.2025 15:15;118,4476
07.05.2025 15:30;103,0544
07.05.2025 15:45;101,7146
07.05.2025 16:00;104,8002
07.05.2025 16:15;98,5884
07.05.2025 16:30;101,7552
07.05.2025 16:45;96,8542
07.05.2025 17:00;96,57
07.05.2025 17:15;78,0506
07.05.2025 17:30;77,2792
07.05.2025 17:45;75,2318
07.05.2025 18:00;65,018
07.05.2025 18:15;64,0958
07.05.2025 18:30;64,3916
07.05.2025 18:45;63,2722
07.05.2025 19:00;62,3674
07.05.2025 19:15;61,9672
07.05.2025 19:30;62,7212
07.05.2025 19:45;77,1748
07.05.2025 20:00;75,6378
07.05.2025 20:15;66,7464
07.05.2025 20:30;61,0102
07.05.2025 20:45;62,176
07.05.2025 21:00;62,9068
07.05.2025 21:15;68,991
07.05.2025 21:30;70,5048
07.05.2025 21:45;69,0548
07.05.2025 22:00;69,3448
07.05.2025 22:15;68,1848
07.05.2025 22:30;66,12
07.05.2025 22:45;64,96
07.05.2025 23:00;65,54
07.05.2025 23:15;59,45
07.05.2025 23:30;61,48
07.05.2025 23:45;62,35
08.05.2025 00:00;62,06
08.05.2025 00:15;61,77
08.05.2025 00:30;62,06
08.05.2025 00:45;62,35
08.05.2025 01:00;61,48
08.05.2025 01:15;62,35
08.05.2025 01:30;61,48
08.05.2025 01:45;61,77
08.05.2025 02:00;62,93
08.05.2025 02:15;64,38
08.05.2025 02:30;62,93
08.05.2025 02:45;60,6448
08.05.2025 03:00;62,6748
08.05.2025 03:15;60,6448
08.05.2025 03:30;62,3848
08.05.2025 03:45;62,3848
08.05.2025 04:00;62,0948
08.05.2025 04:15;62,3964
08.05.2025 04:30;75,7248
08.05.2025 04:45;80,0748
08.05.2025 05:00;84,7148
08.05.2025 05:15;95,1548
08.05.2025 05:30;109,0748
08.05.2025 05:45;131,9848
08.05.2025 06:00;132,3096
08.05.2025 06:15;172,1846
08.05.2025 06:30;212,3844
08.05.2025 06:45;217,0534
08.05.2025 07:00;215,1684
08.05.2025 07:15;180,1538
08.05.2025 07:30;208,1098
08.05.2025 07:45;242,0978
08.05.2025 08:00;221,2526
08.05.2025 08:15;213,585
08.05.2025 08:30;206,9034
08.05.2025 08:45;169,7196
08.05.2025 09:00;216,1892
08.05.2025 09:15;244,8992
08.05.2025 09:30;249,2202
08.05.2025 09:45;245,4734
08.05.2025 10:00;238,1596
08.05.2025 10:15;224,779
08.05.2025 10:30;217,1694
08.05.2025 10:45;224,895
08.05.2025 11:00;241,6338
08.05.2025 11:15;238,5076
08.05.2025 11:30;235,8338
08.05.2025 11:45;250,2584
08.05.2025 12:00;219,2748
08.05.2025 12:15;160,9964
08.05.2025 12:30;171,1058
08.05.2025 12:45;201,3992
08.05.2025 13:00;205,552
08.05.2025 13:15;192,0728
08.05.2025 13:30;201,0048
08.05.2025 13:45;187,9838
08.05.2025 14:00;172,985
08.05.2025 14:15;160,7586
08.05.2025 14:30;126,1732
08.05.2025 14:45;121,2142
08.05.2025 15:00;120,9996
08.05.2025 15:15;132,414
08.05.2025 15:30;115,391
08.05.2025 15:45;108,9066
08.05.2025 16:00;90,7584
08.05.2025 16:15;86,1648
08.05.2025 16:30;84,8772
08.05.2025 16:45;84,1058
08.05.2025 17:00;89,0068
08.05.2025 17:15;87,0696
08.05.2025 17:30;81,461
08.05.2025 17:45;78,1086
08.05.2025 18:00;76,6934
08.05.2025 18:15;74,3096
08.05.2025 18:30;66,1664
08.05.2025 18:45;63,0054
08.05.2025 19:00;66,4332
08.05.2025 19:15;63,4752
08.05.2025 19:30;74,8258
08.05.2025 19:45;68,2486
08.05.2025 20:00;66,2302
08.05.2025 20:15;68,8228
08.05.2025 20:30;67,3206
08.05.2025 20:45;66,9958
08.05.2025 21:00;67,4888
08.05.2025 21:15;71,9316
08.05.2025 21:30;70,7948
08.05.2025 21:45;70,7832
08.05.2025 22:00;73,1148
08.05.2025 22:15;71,6648
08.05.2025 22:30;69,6
08.05.2025 22:45;68,73
08.05.2025 23:00;68,73
08.05.2025 23:15;64,96
08.05.2025 23:30;65,25
08.05.2025 23:45;65,25
09.05.2025 00:00;66,7
09.05.2025 00:15;65,83
09.05.2025 00:30;66,12
09.05.2025 00:45;66,41
09.05.2025 01:00;67,28
09.05.2025 01:15;66,12
09.05.2025 01:30;69,89
09.05.2025 01:45;85,26
09.05.2025 02:00;85,26
09.05.2025 02:15;85,26
09.05.2025 02:30;85,55
09.05.2025 02:45;85,0048
09.05.2025 03:00;84,4248
09.05.2025 03:15;83,2648
09.05.2025 03:30;83,5548
09.05.2025 03:45;82,3948
09.05.2025 04:00;80,6548
09.05.2025 04:15;82,6848
09.05.2025 04:30;81,8148
09.05.2025 04:45;80,6548
09.05.2025 05:00;87,0348
09.05.2025 05:15;101,5348
09.05.2025 05:30;118,9348
09.05.2025 05:45;136,9148
09.05.2025 06:00;131,37
09.05.2025 06:15;152,4298
09.05.2025 06:30;187,5082
09.05.2025 06:45;196,2836
09.05.2025 07:00;201,0918
09.05.2025 07:15;176,3026
09.05.2025 07:30;187,7112
09.05.2025 07:45;219,4546
09.05.2025 08:00;234,1866
09.05.2025 08:15;226,6582
09.05.2025 08:30;203,0116
09.05.2025 08:45;170,752
09.05.2025 09:00;186,8528
09.05.2025 09:15;208,4752
09.05.2025 09:30;219,1008
09.05.2025 09:45;218,7238
09.05.2025 10:00;196,707
09.05.2025 10:15;192,3048
09.05.2025 10:30;208,452
09.05.2025 10:45;203,058
09.05.2025 11:00;195,1526
09.05.2025 11:15;205,6216
09.05.2025 11:30;200,3494
09.05.2025 11:45;188,2274
09.05.2025 12:00;170,3866
09.05.2025 12:15;148,6134
09.05.2025 12:30;117,2412
09.05.2025 12:45;118,1054
09.05.2025 13:00;99,441
09.05.2025 13:15;95,3288
09.05.2025 13:30;87,0696
09.05.2025 13:45;84,5524
09.05.2025 14:00;89,2214
09.05.2025 14:15;86,2634
09.05.2025 14:30;83,8738
09.05.2025 14:45;84,5176
09.05.2025 15:00;82,4702
09.05.2025 15:15;77,3024
09.05.2025 15:30;72,1288
09.05.2025 15:45;63,6318
09.05.2025 16:00;63,9972
09.05.2025 16:15;68,7532
09.05.2025 16:30;66,4854
09.05.2025 16:45;63,1504
09.05.2025 17:00;59,8676
09.05.2025 17:15;55,5002
09.05.2025 17:30;53,5978
09.05.2025 17:45;53,1686
09.05.2025 18:00;54,6476
09.05.2025 18:15;56,3354
09.05.2025 18:30;54,0154
09.05.2025 18:45;54,3518
09.05.2025 19:00;55,0652
09.05.2025 19:15;54,6766
09.05.2025 19:30;54,7114
09.05.2025 19:45;54,607
09.05.2025 20:00;54,9666
09.05.2025 20:15;55,5814
09.05.2025 20:30;55,39
09.05.2025 20:45;56,0454
09.05.2025 21:00;55,5756
09.05.2025 21:15;59,1252
09.05.2025 21:30;60,6448
09.05.2025 21:45;61,2364
09.05.2025 22:00;63,2548
09.05.2025 22:15;62,9648
09.05.2025 22:30;62,64
09.05.2025 22:45;63,51
09.05.2025 23:00;61,77
09.05.2025 23:15;56,84
09.05.2025 23:30;58
09.05.2025 23:45;58
10.05.2025 00:00;58,58
10.05.2025 00:15;58,29
10.05.2025 00:30;58,87
10.05.2025 00:45;58,29
10.05.2025 01:00;58
10.05.2025 01:15;58
10.05.2025 01:30;58,29
10.05.2025 01:45;58,87
10.05.2025 02:00;58
10.05.2025 02:15;58,58
10.05.2025 02:30;58,58
10.05.2025 02:45;59,4848
10.05.2025 03:00;58,0348
10.05.2025 03:15;59,2064
10.05.2025 03:30;58,9048
10.05.2025 03:45;60,0648
10.05.2025 04:00;59,2064
10.05.2025 04:15;58,6148
10.05.2025 04:30;59,1948
10.05.2025 04:45;58,6264
10.05.2025 05:00;58,9048
10.05.2025 05:15;64,1248
10.05.2025 05:30;64,1364
10.05.2025 05:45;84,4248
10.05.2025 06:00;82,012
10.05.2025 06:15;84,5988
10.05.2025 06:30;92,9682
10.05.2025 06:45;94,888
10.05.2025 07:00;97,6662
10.05.2025 07:15;89,2968
10.05.2025 07:30;87,8874
10.05.2025 07:45;84,535
10.05.2025 08:00;89,523
10.05.2025 08:15;86,3504
10.05.2025 08:30;81,3624
10.05.2025 08:45;79,4078
10.05.2025 09:00;83,4446
10.05.2025 09:15;86,6636
10.05.2025 09:30;82,4528
10.05.2025 09:45;82,7718
10.05.2025 10:00;81,3334
10.05.2025 10:15;80,2662
10.05.2025 10:30;80,243
10.05.2025 10:45;80,8172
10.05.2025 11:00;80,1792
10.05.2025 11:15;64,8846
10.05.2025 11:30;57,6984
10.05.2025 11:45;55,0072
10.05.2025 12:00;54,9144
10.05.2025 12:15;54,4098
10.05.2025 12:30;54,5316
10.05.2025 12:45;55,4712
10.05.2025 13:00;54,781
10.05.2025 13:15;54,8796
10.05.2025 13:30;53,998
10.05.2025 13:45;54,0328
10.05.2025 14:00;54,2184
10.05.2025 14:15;53,8994
10.05.2025 14:30;53,6732
10.05.2025 14:45;54,3924
10.05.2025 15:00;55,8888
10.05.2025 15:15;54,288
10.05.2025 15:30;53,6326
10.05.2025 15:45;53,7544
10.05.2025 16:00;53,2208
10.05.2025 16:15;53,1396
10.05.2025 16:30;52,9424
10.05.2025 16:45;53,3252
10.05.2025 17:00;52,896
10.05.2025 17:15;53,679
10.05.2025 17:30;52,9656
10.05.2025 17:45;53,3542
10.05.2025 18:00;53,3484
10.05.2025 18:15;53,7834
10.05.2025 18:30;54,1024
10.05.2025 18:45;53,8472
10.05.2025 19:00;54,3228
10.05.2025 19:15;54,4852
10.05.2025 19:30;54,9956
10.05.2025 19:45;54,7404
10.05.2025 20:00;54,7636
10.05.2025 20:15;54,5838
10.05.2025 20:30;54,9898
10.05.2025 20:45;55,3204
10.05.2025 21:00;55,3378
10.05.2025 21:15;57,4954
10.05.2025 21:30;60,0648
10.05.2025 21:45;61,2364
10.05.2025 22:00;62,0948
10.05.2025 22:15;63,5448
10.05.2025 22:30;61,48
10.05.2025 22:45;61,77
10.05.2025 23:00;62,35
10.05.2025 23:15;57,71
10.05.2025 23:30;57,71
10.05.2025 23:45;59,16
11.05.2025 00:00;58,87
11.05.2025 00:15;59,45
11.05.2025 00:30;58,87
11.05.2025 00:45;59,16
11.05.2025 01:00;58
11.05.2025 01:15;57,71
11.05.2025 01:30;58
11.05.2025 01:45;58
11.05.2025 02:00;58
11.05.2025 02:15;58,29
11.05.2025 02:30;59,74
11.05.2025 02:45;59,4848
11.05.2025 03:00;59,7864
11.05.2025 03:15;59,4848
11.05.2025 03:30;60,6448
11.05.2025 03:45;59,7864
11.05.2025 04:00;59,1948
11.05.2025 04:15;58,0348
11.05.2025 04:30;58,3364
11.05.2025 04:45;58,9048
11.05.2025 05:00;58,3248
11.05.2025 05:15;63,2664
11.05.2025 05:30;60,9348
11.05.2025 05:45;59,7748
11.05.2025 06:00;56,0222
11.05.2025 06:15;55,1522
11.05.2025 06:30;55,4712
11.05.2025 06:45;57,362
11.05.2025 07:00;56,1092
11.05.2025 07:15;54,868
11.05.2025 07:30;55,419
11.05.2025 07:45;55,6394
11.05.2025 08:00;56,898
11.05.2025 08:15;55,1232
11.05.2025 08:30;55,2682
11.05.2025 08:45;55,6162
11.05.2025 09:00;54,984
11.05.2025 09:15;55,854
11.05.2025 09:30;55,0246
11.05.2025 09:45;55,0768
11.05.2025 10:00;54,5142
11.05.2025 10:15;54,2358
11.05.2025 10:30;55,0304
11.05.2025 10:45;53,6906
11.05.2025 11:00;54,0966
11.05.2025 11:15;53,9168
11.05.2025 11:30;54,1662
11.05.2025 11:45;54,3866
11.05.2025 12:00;54,7114
11.05.2025 12:15;54,3054
11.05.2025 12:30;54,3054
11.05.2025 12:45;54,6824
11.05.2025 13:00;54,5722
11.05.2025 13:15;54,404
11.05.2025 13:30;53,9632
11.05.2025 13:45;53,389
11.05.2025 14:00;53,7834
11.05.2025 14:15;53,9168
11.05.2025 14:30;52,9714
11.05.2025 14:45;53,9516
11.05.2025 15:00;53,7312
11.05.2025 15:15;53,9052
11.05.2025 15:30;53,911
11.05.2025 15:45;53,4238
11.05.2025 16:00;53,0468
11.05.2025 16:15;55,2972
11.05.2025 16:30;53,1048
11.05.2025 16:45;52,4262
11.05.2025 17:00;53,476
11.05.2025 17:15;53,8182
11.05.2025 17:30;53,1744
11.05.2025 17:45;53,2962
11.05.2025 18:00;53,6906
11.05.2025 18:15;53,3658
11.05.2025 18:30;54,5316
11.05.2025 18:45;53,534
11.05.2025 19:00;54,9086
11.05.2025 19:15;54,3692
11.05.2025 19:30;54,6998
11.05.2025 19:45;54,607
11.05.2025 20:00;54,9666
11.05.2025 20:15;54,7752
11.05.2025 20:30;66,033
11.05.2025 20:45;71,108
11.05.2025 21:00;70,8992
11.05.2025 21:15;73,0568
11.05.2025 21:30;76,0148
11.05.2025 21:45;76,3164
11.05.2025 22:00;75,4348
11.05.2025 22:15;74,2748
11.05.2025 22:30;74,53
11.05.2025 22:45;73,66
11.05.2025 23:00;73,37
11.05.2025 23:15;68,15
11.05.2025 23:30;69,31
11.05.2025 23:45;70,18
12.05.2025 00:00;70,76
12.05.2025 00:15;70,18
12.05.2025 00:30;70,76
12.05.2025 00:45;69,6
12.05.2025 01:00;70,47
12.05.2025 01:15;71,05
12.05.2025 01:30;71,05
12.05.2025 01:45;70,47
12.05.2025 02:00;69,89
12.05.2025 02:15;70,18
12.05.2025 02:30;71,92
12.05.2025 02:45;70,5164
12.05.2025 03:00;70,7948
12.05.2025 03:15;70,7948
12.05.2025 03:30;70,8064
12.05.2025 03:45;70,2148
12.05.2025 04:00;69,6348
12.05.2025 04:15;69,9364
12.05.2025 04:30;69,9248
12.05.2025 04:45;70,7948
12.05.2025 05:00;76,3048
12.05.2025 05:15;90,8164
12.05.2025 05:30;101,8248
12.05.2025 05:45;118,6448
12.05.2025 06:00;120,0136
12.05.2025 06:15;134,6354
12.05.2025 06:30;153,845
12.05.2025 06:45;186,615
12.05.2025 07:00;177,0972
12.05.2025 07:15;152,9692
12.05.2025 07:30;159,9234
12.05.2025 07:45;184,2776
12.05.2025 08:00;195,5122
12.05.2025 08:15;195,982
12.05.2025 08:30;191,0694
12.05.2025 08:45;140,8762
12.05.2025 09:00;164,169
12.05.2025 09:15;177,6192
12.05.2025 09:30;215,9572
12.05.2025 09:45;210,1398
12.05.2025 10:00;195,9472
12.05.2025 10:15;191,632
12.05.2025 10:30;192,6644
12.05.2025 10:45;178,3384
12.05.2025 11:00;183,9296
12.05.2025 11:15;198,0468
12.05.2025 11:30;194,1086
12.05.2025 11:45;187,6532
12.05.2025 12:00;186,2728
12.05.2025 12:15;156,1882
12.05.2025 12:30;177,2886
12.05.2025 12:45;196,968
12.05.2025 13:00;203,609
12.05.2025 13:15;191,7016
12.05.2025 13:30;182,6826
12.05.2025 13:45;173,8144
12.05.2025 14:00;167,098
12.05.2025 14:15;153,3636
12.05.2025 14:30;127,716
12.05.2025 14:45;125,2278
12.05.2025 15:00;138,5562
12.05.2025 15:15;126,5444
12.05.2025 15:30;108,9994
12.05.2025 15:45;94,9634
12.05.2025 16:00;82,6268
12.05.2025 16:15;79,373
12.05.2025 16:30;78,4914
12.05.2025 16:45;83,6708
12.05.2025 17:00;74,269
12.05.2025 17:15;66,8334
12.05.2025 17:30;59,3804
12.05.2025 17:45;59,943
12.05.2025 18:00;59,2876
12.05.2025 18:15;58,4466
12.05.2025 18:30;58,2204
12.05.2025 18:45;58,3422
12.05.2025 19:00;63,7884
12.05.2025 19:15;60,3722
12.05.2025 19:30;59,392
12.05.2025 19:45;60,9464
12.05.2025 20:00;55,8888
12.05.2025 20:15;56,5732
12.05.2025 20:30;56,811
12.05.2025 20:45;56,6138
12.05.2025 21:00;56,7936
12.05.2025 21:15;58,1856
12.05.2025 21:30;61,5786
12.05.2025 21:45;61,8048
12.05.2025 22:00;64,7048
12.05.2025 22:15;62,0948
12.05.2025 22:30;61,77
12.05.2025 22:45;62,64
12.05.2025 23:00;60,61
12.05.2025 23:15;56,84
12.05.2025 23:30;56,84
12.05.2025 23:45;58
13.05.2025 00:00;57,13
13.05.2025 00:15;57,71
13.05.2025 00:30;56,55
13.05.2025 00:45;58
13.05.2025 01:00;59,74
13.05.2025 01:15;64,38
13.05.2025 01:30;74,53
13.05.2025 01:45;75,11
13.05.2025 02:00;74,24
13.05.2025 02:15;73,66
13.05.2025 02:30;73,08
13.05.2025 02:45;71,9548
13.05.2025 03:00;72,5348
13.05.2025 03:15;71,3748
13.05.2025 03:30;71,0964
13.05.2025 03:45;71,0848
13.05.2025 04:00;70,2148
13.05.2025 04:15;70,2148
13.05.2025 04:30;69,6348
13.05.2025 04:45;68,4748
13.05.2025 05:00;67,3264
13.05.2025 05:15;73,1148
13.05.2025 05:30;93,1248
13.05.2025 05:45;115,7448
13.05.2025 06:00;130,5116
13.05.2025 06:15;154,0306
13.05.2025 06:30;196,272
13.05.2025 06:45;198,1106
13.05.2025 07:00;183,0538
13.05.2025 07:15;162,0462
13.05.2025 07:30;169,1744
13.05.2025 07:45;188,2564
13.05.2025 08:00;205,0184
13.05.2025 08:15;216,978
13.05.2025 08:30;196,0284
13.05.2025 08:45;170,0444
13.05.2025 09:00;186,4642
13.05.2025 09:15;212,6396
13.05.2025 09:30;205,4592
13.05.2025 09:45;200,245
13.05.2025 10:00;214,0432
13.05.2025 10:15;207,5356
13.05.2025 10:30;198,4876
13.05.2025 10:45;180,6584
13.05.2025 11:00;185,4898
13.05.2025 11:15;195,4832
13.05.2025 11:30;191,516
13.05.2025 11:45;184,0862
13.05.2025 12:00;172,7994
13.05.2025 12:15;154,3902
13.05.2025 12:30;176,7492
13.05.2025 12:45;201,2542
13.05.2025 13:00;209,2292
13.05.2025 13:15;200,7496
13.05.2025 13:30;182,8334
13.05.2025 13:45;192,1482
13.05.2025 14:00;170,7752
13.05.2025 14:15;148,9846
13.05.2025 14:30;126,3066
13.05.2025 14:45;130,2216
13.05.2025 15:00;128,5918
13.05.2025 15:15;121,5622
13.05.2025 15:30;91,0948
13.05.2025 15:45;92,1736
13.05.2025 16:00;81,9134
13.05.2025 16:15;81,9946
13.05.2025 16:30;79,866
13.05.2025 16:45;73,312
13.05.2025 17:00;65,0412
13.05.2025 17:15;62,6458
13.05.2025 17:30;62,2166
13.05.2025 17:45;59,7632
13.05.2025 18:00;58,6496
13.05.2025 18:15;56,9792
13.05.2025 18:30;57,8318
13.05.2025 18:45;60,2214
13.05.2025 19:00;62,5994
13.05.2025 19:15;70,5686
13.05.2025 19:30;75,893
13.05.2025 19:45;81,3914
13.05.2025 20:00;78,184
13.05.2025 20:15;61,0508
13.05.2025 20:30;66,671
13.05.2025 20:45;64,2176
13.05.2025 21:00;67,9238
13.05.2025 21:15;60,2272
13.05.2025 21:30;65,9344
13.05.2025 21:45;66,4448
13.05.2025 22:00;67,6164
13.05.2025 22:15;65,5748
13.05.2025 22:30;66,12
13.05.2025 22:45;67,28
13.05.2025 23:00;65,25
13.05.2025 23:15;59,74
13.05.2025 23:30;58,87
13.05.2025 23:45;62,06
14.05.2025 00:00;64,09
14.05.2025 00:15;62,35
14.05.2025 00:30;61,19
14.05.2025 00:45;61,48
14.05.2025 01:00;62,64
14.05.2025 01:15;62,06
14.05.2025 01:30;62,06
14.05.2025 01:45;73,08
14.05.2025 02:00;78,59
14.05.2025 02:15;78,59
14.05.2025 02:30;79,75
14.05.2025 02:45;75,4348
14.05.2025 03:00;75,7248
14.05.2025 03:15;76,0264
14.05.2025 03:30;76,3048
14.05.2025 03:45;73,6948
14.05.2025 04:00;73,1148
14.05.2025 04:15;73,9964
14.05.2025 04:30;76,0148
14.05.2025 04:45;72,8248
14.05.2025 05:00;76,0264
14.05.2025 05:15;92,8348
14.05.2025 05:30;106,4648
14.05.2025 05:45;119,5148
14.05.2025 06:00;120,3384
14.05.2025 06:15;145,7366
14.05.2025 06:30;161,675
14.05.2025 06:45;168,3334
14.05.2025 07:00;167,8056
14.05.2025 07:15;152,9112
14.05.2025 07:30;167,0342
14.05.2025 07:45;179,6086
14.05.2025 08:00;186,9166
14.05.2025 08:15;185,9016
14.05.2025 08:30;166,3614
14.05.2025 08:45;144,8202
14.05.2025 09:00;171,9236
14.05.2025 09:15;198,4354
14.05.2025 09:30;203,0348
14.05.2025 09:45;196,9216
14.05.2025 10:00;193,604
14.05.2025 10:15;193,894
14.05.2025 10:30;169,94
14.05.2025 10:45;156,3564
14.05.2025 11:00;166,1642
14.05.2025 11:15;183,0828
14.05.2025 11:30;177,3756
14.05.2025 11:45;178,6284
14.05.2025 12:00;174,9222
14.05.2025 12:15;156,3332
14.05.2025 12:30;177,1088
14.05.2025 12:45;187,2762
14.05.2025 13:00;213,411
14.05.2025 13:15;200,5234
14.05.2025 13:30;195,0714
14.05.2025 13:45;182,6884
14.05.2025 14:00;197,2638
14.05.2025 14:15;150,3998
14.05.2025 14:30;113,7496
14.05.2025 14:45;117,8734
14.05.2025 15:00;119,0914
14.05.2025 15:15;108,1062
14.05.2025 15:30;111,3658
14.05.2025 15:45;106,4648
14.05.2025 16:00;102,718
14.05.2025 16:15;98,9944
14.05.2025 16:30;78,9554
14.05.2025 16:45;81,3044
14.05.2025 17:00;75,7364
14.05.2025 17:15;76,8384
14.05.2025 17:30;73,5266
14.05.2025 17:45;75,1332
14.05.2025 18:00;71,6126
14.05.2025 18:15;75,6726
14.05.2025 18:30;72,0244
14.05.2025 18:45;74,7678
14.05.2025 19:00;71,8562
14.05.2025 19:15;73,6716
14.05.2025 19:30;80,156
14.05.2025 19:45;65,0586
14.05.2025 20:00;65,0412
14.05.2025 20:15;68,208
14.05.2025 20:30;61,8976
14.05.2025 20:45;60,175
14.05.2025 21:00;60,8188
14.05.2025 21:15;62,7676
14.05.2025 21:30;67,0248
14.05.2025 21:45;67,8948
14.05.2025 22:00;67,8948
14.05.2025 22:15;67,3148
14.05.2025 22:30;65,54
14.05.2025 22:45;62,06
14.05.2025 23:00;60,9
14.05.2025 23:15;54,52
14.05.2025 23:30;54,52
14.05.2025 23:45;53,94
15.05.2025 00:00;58,29
15.05.2025 00:15;56,26
15.05.2025 00:30;56,55
15.05.2025 00:45;55,68
15.05.2025 01:00;53,94
15.05.2025 01:15;55,97
15.05.2025 01:30;65,83
15.05.2025 01:45;72,21
15.05.2025 02:00;71,92
15.05.2025 02:15;68,44
15.05.2025 02:30;69,31
15.05.2025 02:45;69,3448
15.05.2025 03:00;69,0548
15.05.2025 03:15;68,7764
15.05.2025 03:30;67,6048
15.05.2025 03:45;67,6048
15.05.2025 04:00;67,3148
15.05.2025 04:15;69,0548
15.05.2025 04:30;67,3148
15.05.2025 04:45;67,9064
15.05.2025 05:00;70,2148
15.05.2025 05:15;86,7448
15.05.2025 05:30;98,6348
15.05.2025 05:45;113,2102
15.05.2025 06:00;116,4118
15.05.2025 06:15;140,911
15.05.2025 06:30;162,371
15.05.2025 06:45;167,3126
15.05.2025 07:00;151,0436
15.05.2025 07:15;146,8502
15.05.2025 07:30;181,8764
15.05.2025 07:45;189,544
15.05.2025 08:00;181,5284
15.05.2025 08:15;185,5652
15.05.2025 08:30;180,3568
15.05.2025 08:45;144,507
15.05.2025 09:00;172,7298
15.05.2025 09:15;188,0186
15.05.2025 09:30;186,0408
15.05.2025 09:45;189,6252
15.05.2025 10:00;180,4148
15.05.2025 10:15;186,1684
15.05.2025 10:30;197,4494
15.05.2025 10:45;166,8602
15.05.2025 11:00;170,9956
15.05.2025 11:15;167,127
15.05.2025 11:30;167,0632
15.05.2025 11:45;170,433
15.05.2025 12:00;165,7176
15.05.2025 12:15;144,884
15.05.2025 12:30;171,013
15.05.2025 12:45;183,193
15.05.2025 13:00;163,879
15.05.2025 13:15;165,909
15.05.2025 13:30;157,7484
15.05.2025 13:45;159,5812
15.05.2025 14:00;154,918
15.05.2025 14:15;141,0966
15.05.2025 14:30;114,3876
15.05.2025 14:45;114,144
15.05.2025 15:00;117,0092
15.05.2025 15:15;110,1478
15.05.2025 15:30;114,144
15.05.2025 15:45;110,055
15.05.2025 16:00;113,3436
15.05.2025 16:15;98,8494
15.05.2025 16:30;98,629
15.05.2025 16:45;100,3748
15.05.2025 17:00;101,2738
15.05.2025 17:15;97,3182
15.05.2025 17:30;89,3084
15.05.2025 17:45;73,08
15.05.2025 18:00;76,4092
15.05.2025 18:15;70,0814
15.05.2025 18:30;73,2656
15.05.2025 18:45;67,1756
15.05.2025 19:00;72,0186
15.05.2025 19:15;68,672
15.05.2025 19:30;79,6572
15.05.2025 19:45;74,443
15.05.2025 20:00;67,512
15.05.2025 20:15;64,873
15.05.2025 20:30;59,798
15.05.2025 20:45;59,9836
15.05.2025 21:00;63,7536
15.05.2025 21:15;57,7854
15.05.2025 21:30;62,988
15.05.2025 21:45;62,0948
15.05.2025 22:00;63,8348
15.05.2025 22:15;63,5448
15.05.2025 22:30;62,35
15.05.2025 22:45;64,67
15.05.2025 23:00;61,19
15.05.2025 23:15;57,13
15.05.2025 23:30;56,84
15.05.2025 23:45;60,03
16.05.2025 00:00;57,71
16.05.2025 00:15;59,16
16.05.2025 00:30;57,71
16.05.2025 00:45;58,29
16.05.2025 01:00;58,87
16.05.2025 01:15;58,29
16.05.2025 01:30;58,58
16.05.2025 01:45;72,5
16.05.2025 02:00;74,24
16.05.2025 02:15;71,92
16.05.2025 02:30;69,02
16.05.2025 02:45;69,0548
16.05.2025 03:00;68,7648
16.05.2025 03:15;71,0848
16.05.2025 03:30;69,0548
16.05.2025 03:45;68,7648
16.05.2025 04:00;69,0664
16.05.2025 04:15;68,4748
16.05.2025 04:30;67,6048
16.05.2025 04:45;69,6348
16.05.2025 05:00;75,4348
16.05.2025 05:15;87,0348
16.05.2025 05:30;97,4748
16.05.2025 05:45;114,115
16.05.2025 06:00;115,8492
16.05.2025 06:15;133,893
16.05.2025 06:30;156,6928
16.05.2025 06:45;162,1796
16.05.2025 07:00;160,5208
16.05.2025 07:15;154,628
16.05.2025 07:30;158,5488
16.05.2025 07:45;179,6318
16.05.2025 08:00;183,0828
16.05.2025 08:15;174,8294
16.05.2025 08:30;159,6856
16.05.2025 08:45;144,101
16.05.2025 09:00;151,844
16.05.2025 09:15;169,8588
16.05.2025 09:30;161,7446
16.05.2025 09:45;162,2898
16.05.2025 10:00;155,1442
16.05.2025 10:15;154,8658
16.05.2025 10:30;158,5662
16.05.2025 10:45;152,4298
16.05.2025 11:00;159,0302
16.05.2025 11:15;156,3158
16.05.2025 11:30;150,5216
16.05.2025 11:45;137,7674
16.05.2025 12:00;140,2498
16.05.2025 12:15;124,7232
16.05.2025 12:30;113,4074
16.05.2025 12:45;103,7504
16.05.2025 13:00;112,839
16.05.2025 13:15;108,953
16.05.2025 13:30;106,0124
16.05.2025 13:45;96,6628
16.05.2025 14:00;95,2534
16.05.2025 14:15;95,5898
16.05.2025 14:30;94,8242
16.05.2025 14:45;94,3834
16.05.2025 15:00;88,2296
16.05.2025 15:15;86,2982
16.05.2025 15:30;65,8358
16.05.2025 15:45;62,9184
16.05.2025 16:00;62,6574
16.05.2025 16:15;61,8222
16.05.2025 16:30;61,0856
16.05.2025 16:45;60,9812
16.05.2025 17:00;61,248
16.05.2025 17:15;63,278
16.05.2025 17:30;61,103
16.05.2025 17:45;61,6946
16.05.2025 18:00;62,6458
16.05.2025 18:15;63,2316
16.05.2025 18:30;64,032
16.05.2025 18:45;63,5274
16.05.2025 19:00;63,9334
16.05.2025 19:15;64,0668
16.05.2025 19:30;65,3138
16.05.2025 19:45;64,7164
16.05.2025 20:00;63,8
16.05.2025 20:15;64,5018
16.05.2025 20:30;67,512
16.05.2025 20:45;66,381
16.05.2025 21:00;67,6164
16.05.2025 21:15;63,7942
16.05.2025 21:30;69,4434
16.05.2025 21:45;71,3748
16.05.2025 22:00;70,5048
16.05.2025 22:15;71,0848
16.05.2025 22:30;71,05
16.05.2025 22:45;70,18
16.05.2025 23:00;69,6
16.05.2025 23:15;65,54
16.05.2025 23:30;65,25
16.05.2025 23:45;64,38
17.05.2025 00:00;65,25
17.05.2025 00:15;64,09
17.05.2025 00:30;64,09
17.05.2025 00:45;64,38
17.05.2025 01:00;63,22
17.05.2025 01:15;62,64
17.05.2025 01:30;64,96
17.05.2025 01:45;62,64
17.05.2025 02:00;62,35
17.05.2025 02:15;60,9
17.05.2025 02:30;60,9
17.05.2025 02:45;60,0648
17.05.2025 03:00;60,6448
17.05.2025 03:15;60,9464
17.05.2025 03:30;61,5148
17.05.2025 03:45;61,2248
17.05.2025 04:00;61,2248
17.05.2025 04:15;62,3848
17.05.2025 04:30;60,9348
17.05.2025 04:45;60,0648
17.05.2025 05:00;60,3664
17.05.2025 05:15;63,8348
17.05.2025 05:30;62,0948
17.05.2025 05:45;57,5302
17.05.2025 06:00;57,5012
17.05.2025 06:15;57,275
17.05.2025 06:30;57,1126
17.05.2025 06:45;57,4606
17.05.2025 07:00;57,1126
17.05.2025 07:15;57,9594
17.05.2025 07:30;57,9884
17.05.2025 07:45;57,826
17.05.2025 08:00;57,768
17.05.2025 08:15;57,536
17.05.2025 08:30;57,0836
17.05.2025 08:45;57,9942
17.05.2025 09:00;56,9734
17.05.2025 09:15;55,9642
17.05.2025 09:30;58,4988
17.05.2025 09:45;56,1846
17.05.2025 10:00;57,6172
17.05.2025 10:15;60,5926
17.05.2025 10:30;58,6612
17.05.2025 10:45;56,7356
17.05.2025 11:00;56,5558
17.05.2025 11:15;59,8154
17.05.2025 11:30;57,0836
17.05.2025 11:45;58,8004
17.05.2025 12:00;57,1416
17.05.2025 12:15;58,2842
17.05.2025 12:30;59,4906
17.05.2025 12:45;59,9082
17.05.2025 13:00;59,3572
17.05.2025 13:15;58,319
17.05.2025 13:30;58,4466
17.05.2025 13:45;58,6438
17.05.2025 14:00;57,3678
17.05.2025 14:15;58,6728
17.05.2025 14:30;57,3562
17.05.2025 14:45;58,9454
17.05.2025 15:00;57,9594
17.05.2025 15:15;57,826
17.05.2025 15:30;59,0092
17.05.2025 15:45;56,5732
17.05.2025 16:00;58,1682
17.05.2025 16:15;58,2784
17.05.2025 16:30;58,9512
17.05.2025 16:45;58,841
17.05.2025 17:00;57,188
17.05.2025 17:15;58,551
17.05.2025 17:30;58,058
17.05.2025 17:45;56,811
17.05.2025 18:00;57,8376
17.05.2025 18:15;57,4258
17.05.2025 18:30;58,2726
17.05.2025 18:45;58,3306
17.05.2025 19:00;57,623
17.05.2025 19:15;60,7898
17.05.2025 19:30;58,6438
17.05.2025 19:45;58,174
17.05.2025 20:00;58,2784
17.05.2025 20:15;58,0464
17.05.2025 20:30;59,0846
17.05.2025 20:45;58,1044
17.05.2025 21:00;59,1194
17.05.2025 21:15;59,3688
17.05.2025 21:30;62,93
17.05.2025 21:45;63,8348
17.05.2025 22:00;64,7048
17.05.2025 22:15;64,4148
17.05.2025 22:30;64,38
17.05.2025 22:45;64,96
17.05.2025 23:00;64,09
17.05.2025 23:15;60,03
17.05.2025 23:30;60,03
17.05.2025 23:45;60,61
18.05.2025 00:00;61,77
18.05.2025 00:15;61,19
18.05.2025 00:30;60,61
18.05.2025 00:45;60,9
18.05.2025 01:00;60,61
18.05.2025 01:15;60,03
18.05.2025 01:30;60,03
18.05.2025 01:45;60,32
18.05.2025 02:00;60,32
18.05.2025 02:15;60,9
18.05.2025 02:30;61,48
18.05.2025 02:45;62,0948
18.05.2025 03:00;60,6448
18.05.2025 03:15;60,9348
18.05.2025 03:30;61,2364
18.05.2025 03:45;61,5148
18.05.2025 04:00;60,6448
18.05.2025 04:15;60,3548
18.05.2025 04:30;60,3664
18.05.2025 04:45;61,5148
18.05.2025 05:00;61,2248
18.05.2025 05:15;63,8348
18.05.2025 05:30;63,8464
18.05.2025 05:45;57,8898
18.05.2025 06:00;57,6926
18.05.2025 06:15;58,087
18.05.2025 06:30;56,8168
18.05.2025 06:45;57,71
18.05.2025 07:00;57,2344
18.05.2025 07:15;57,4722
18.05.2025 07:30;58,1392
18.05.2025 07:45;57,1358
18.05.2025 08:00;58,232
18.05.2025 08:15;58,348
18.05.2025 08:30;59,1542
18.05.2025 08:45;57,7158
18.05.2025 09:00;57,8956
18.05.2025 09:15;58,667
18.05.2025 09:30;60,2504
18.05.2025 09:45;59,2992
18.05.2025 10:00;58,638
18.05.2025 10:15;76,7746
18.05.2025 10:30;92,9276
18.05.2025 10:45;88,2934
18.05.2025 11:00;94,0064
18.05.2025 11:15;87,5742
18.05.2025 11:30;93,1016
18.05.2025 11:45;96,1582
18.05.2025 12:00;91,9474
18.05.2025 12:15;93,9426
18.05.2025 12:30;90,2248
18.05.2025 12:45;91,1702
18.05.2025 13:00;94,8938
18.05.2025 13:15;99,0524
18.05.2025 13:30;90,886
18.05.2025 13:45;94,4298
18.05.2025 14:00;94,3254
18.05.2025 14:15;95,4216
18.05.2025 14:30;94,3486
18.05.2025 14:45;96,4134
18.05.2025 15:00;94,5806
18.05.2025 15:15;94,3312
18.05.2025 15:30;95,9204
18.05.2025 15:45;96,0654
18.05.2025 16:00;95,1664
18.05.2025 16:15;96,2162
18.05.2025 16:30;94,5922
18.05.2025 16:45;90,5554
18.05.2025 17:00;91,5182
18.05.2025 17:15;87,4176
18.05.2025 17:30;77,8012
18.05.2025 17:45;78,9322
18.05.2025 18:00;72,0128
18.05.2025 18:15;66,8102
18.05.2025 18:30;66,2418
18.05.2025 18:45;65,7314
18.05.2025 19:00;65,0296
18.05.2025 19:15;66,584
18.05.2025 19:30;65,6676
18.05.2025 19:45;64,728
18.05.2025 20:00;65,3776
18.05.2025 20:15;66,9784
18.05.2025 20:30;65,9576
18.05.2025 20:45;65,8242
18.05.2025 21:00;66,874
18.05.2025 21:15;66,3984
18.05.2025 21:30;69,3274
18.05.2025 21:45;72,2448
18.05.2025 22:00;72,8248
18.05.2025 22:15;71,3632
18.05.2025 22:30;72,5
18.05.2025 22:45;72,5
18.05.2025 23:00;71,63
18.05.2025 23:15;66,99
18.05.2025 23:30;68,73
18.05.2025 23:45;68,73
19.05.2025 00:00;68,15
19.05.2025 00:15;69,02
19.05.2025 00:30;69,31
19.05.2025 00:45;68,15
19.05.2025 01:00;68,44
19.05.2025 01:15;69,31
19.05.2025 01:30;69,02
19.05.2025 01:45;69,02
19.05.2025 02:00;69,6
19.05.2025 02:15;69,6
19.05.2025 02:30;69,6
19.05.2025 02:45;69,9248
19.05.2025 03:00;70,5048
19.05.2025 03:15;68,1848
19.05.2025 03:30;68,7648
19.05.2025 03:45;69,0548
19.05.2025 04:00;68,7648
19.05.2025 04:15;68,4748
19.05.2025 04:30;71,6648
19.05.2025 04:45;75,4348
19.05.2025 05:00;71,9548
19.05.2025 05:15;85,8748
19.05.2025 05:30;98,9248
19.05.2025 05:45;119,0044
19.05.2025 06:00;129,1718
19.05.2025 06:15;145,1914
19.05.2025 06:30;160,9036
19.05.2025 06:45;168,0782
19.05.2025 07:00;184,8054
19.05.2025 07:15;173,3214
19.05.2025 07:30;168,8496
19.05.2025 07:45;184,1326
19.05.2025 08:00;175,4036
19.05.2025 08:15;173,7216
19.05.2025 08:30;176,668
19.05.2025 08:45;148,625
19.05.2025 09:00;165,3696
19.05.2025 09:15;186,5918
19.05.2025 09:30;193,1922
19.05.2025 09:45;181,6212
19.05.2025 10:00;192,8384
19.05.2025 10:15;186,209
19.05.2025 10:30;178,8256
19.05.2025 10:45;157,383
19.05.2025 11:00;189,7586
19.05.2025 11:15;189,4628
19.05.2025 11:30;174,4988
19.05.2025 11:45;188,0998
19.05.2025 12:00;180,4728
19.05.2025 12:15;140,9284
19.05.2025 12:30;150,916
19.05.2025 12:45;183,048
19.05.2025 13:00;176,3432
19.05.2025 13:15;155,8228
19.05.2025 13:30;159,3144
19.05.2025 13:45;178,93
19.05.2025 14:00;178,118
19.05.2025 14:15;138,3822
19.05.2025 14:30;115,9594
19.05.2025 14:45;110,0898
19.05.2025 15:00;106,082
19.05.2025 15:15;108,5122
19.05.2025 15:30;98,9828
19.05.2025 15:45;77,8418
19.05.2025 16:00;70,3714
19.05.2025 16:15;75,5392
19.05.2025 16:30;82,3136
19.05.2025 16:45;73,1554
19.05.2025 17:00;67,2684
19.05.2025 17:15;69,9016
19.05.2025 17:30;71,5372
19.05.2025 17:45;70,441
19.05.2025 18:00;66,4448
19.05.2025 18:15;66,1084
19.05.2025 18:30;66,6304
19.05.2025 18:45;64,7976
19.05.2025 19:00;65,1688
19.05.2025 19:15;64,3858
19.05.2025 19:30;64,554
19.05.2025 19:45;88,0324
19.05.2025 20:00;87,1682
19.05.2025 20:15;79,17
19.05.2025 20:30;75,5276
19.05.2025 20:45;64,7918
19.05.2025 21:00;66,0852
19.05.2025 21:15;67,2394
19.05.2025 21:30;68,1442
19.05.2025 21:45;69,0548
19.05.2025 22:00;69,9248
19.05.2025 22:15;69,9248
19.05.2025 22:30;66,12
19.05.2025 22:45;66,41
19.05.2025 23:00;66,7
19.05.2025 23:15;62,06
19.05.2025 23:30;63,22
19.05.2025 23:45;64,09
20.05.2025 00:00;62,35
20.05.2025 00:15;62,35
20.05.2025 00:30;61,77
20.05.2025 00:45;62,35
20.05.2025 01:00;63,51
20.05.2025 01:15;62,06
20.05.2025 01:30;61,77
20.05.2025 01:45;62,35
20.05.2025 02:00;62,64
20.05.2025 02:15;62,06
20.05.2025 02:30;62,93
20.05.2025 02:45;62,9648
20.05.2025 03:00;63,5564
20.05.2025 03:15;63,2548
20.05.2025 03:30;62,9648
20.05.2025 03:45;62,9648
20.05.2025 04:00;62,6864
20.05.2025 04:15;63,5448
20.05.2025 04:30;63,2548
20.05.2025 04:45;63,5448
20.05.2025 05:00;69,0664
20.05.2025 05:15;80,3648
20.05.2025 05:30;93,4148
20.05.2025 05:45;110,751
20.05.2025 06:00;113,7612
20.05.2025 06:15;157,4236
20.05.2025 06:30;174,435
20.05.2025 06:45;165,9786
20.05.2025 07:00;170,6708
20.05.2025 07:15;152,3196
20.05.2025 07:30;173,7738
20.05.2025 07:45;187,4038
20.05.2025 08:00;206,2596
20.05.2025 08:15;179,017
20.05.2025 08:30;159,4014
20.05.2025 08:45;130,7436
20.05.2025 09:00;159,9234
20.05.2025 09:15;181,3892
20.05.2025 09:30;171,8482
20.05.2025 09:45;172,8284
20.05.2025 10:00;174,8062
20.05.2025 10:15;176,233
20.05.2025 10:30;166,4948
20.05.2025 10:45;140,1512
20.05.2025 11:00;159,3376
20.05.2025 11:15;180,873
20.05.2025 11:30;170,578
20.05.2025 11:45;201,5674
20.05.2025 12:00;169,3368
20.05.2025 12:15;136,0506
20.05.2025 12:30;149,843
20.05.2025 12:45;211,729
20.05.2025 13:00;217,065
20.05.2025 13:15;207,4776
20.05.2025 13:30;200,9062
20.05.2025 13:45;196,446
20.05.2025 14:00;169,5166
20.05.2025 14:15;166,721
20.05.2025 14:30;144,5128
20.05.2025 14:45;120,1238
20.05.2025 15:00;139,8438
20.05.2025 15:15;117,1774
20.05.2025 15:30;96,628
20.05.2025 15:45;91,7676
20.05.2025 16:00;98,4028
20.05.2025 16:15;91,0832
20.05.2025 16:30;95,12
20.05.2025 16:45;88,7284
20.05.2025 17:00;87,435
20.05.2025 17:15;81,432
20.05.2025 17:30;64,7512
20.05.2025 17:45;67,4598
20.05.2025 18:00;64,6468
20.05.2025 18:15;67,1234
20.05.2025 18:30;65,2848
20.05.2025 18:45;64,1248
20.05.2025 19:00;63,655
20.05.2025 19:15;65,2036
20.05.2025 19:30;66,149
20.05.2025 19:45;88,45
20.05.2025 20:00;79,8834
20.05.2025 20:15;72,5
20.05.2025 20:30;64,8846
20.05.2025 20:45;65,5342
20.05.2025 21:00;64,9368
20.05.2025 21:15;68,5502
20.05.2025 21:30;67,1698
20.05.2025 21:45;68,1848
20.05.2025 22:00;69,9248
20.05.2025 22:15;68,7648
20.05.2025 22:30;66,7
20.05.2025 22:45;66,99
20.05.2025 23:00;66,41
20.05.2025 23:15;60,9
20.05.2025 23:30;62,64
20.05.2025 23:45;63,22
21.05.2025 00:00;63,22
21.05.2025 00:15;62,93
21.05.2025 00:30;62,93
21.05.2025 00:45;63,51
21.05.2025 01:00;62,64
21.05.2025 01:15;63,22
21.05.2025 01:30;63,51
21.05.2025 01:45;63,51
21.05.2025 02:00;63,51
21.05.2025 02:15;63,22
21.05.2025 02:30;64,09
21.05.2025 02:45;64,1364
21.05.2025 03:00;64,7048
21.05.2025 03:15;62,3848
21.05.2025 03:30;62,9648
21.05.2025 03:45;62,3964
21.05.2025 04:00;62,6748
21.05.2025 04:15;63,2548
21.05.2025 04:30;63,2548
21.05.2025 04:45;63,8464
21.05.2025 05:00;69,0548
21.05.2025 05:15;81,2348
21.05.2025 05:30;93,1306
21.05.2025 05:45;112,7462
21.05.2025 06:00;113,709
21.05.2025 06:15;144,6462
21.05.2025 06:30;162,4812
21.05.2025 06:45;184,4226
21.05.2025 07:00;181,2848
21.05.2025 07:15;154,0016
21.05.2025 07:30;168,7046
21.05.2025 07:45;210,3892
21.05.2025 08:00;198,4876
21.05.2025 08:15;195,547
21.05.2025 08:30;168,5132
21.05.2025 08:45;136,3522
21.05.2025 09:00;177,8686
21.05.2025 09:15;195,7094
21.05.2025 09:30;181,6502
21.05.2025 09:45;192,3396
21.05.2025 10:00;188,007
21.05.2025 10:15;180,5134
21.05.2025 10:30;175,9778
21.05.2025 10:45;174,7888
21.05.2025 11:00;184,2834
21.05.2025 11:15;198,824
21.05.2025 11:30;209,9252
21.05.2025 11:45;187,2356
21.05.2025 12:00;177,2306
21.05.2025 12:15;128,5454
21.05.2025 12:30;158,1312
21.05.2025 12:45;214,9828
21.05.2025 13:00;219,9824
21.05.2025 13:15;185,9828
21.05.2025 13:30;186,8412
21.05.2025 13:45;199,027
21.05.2025 14:00;178,7154
21.05.2025 14:15;135,3488
21.05.2025 14:30;116,3132
21.05.2025 14:45;129,253
21.05.2025 15:00;119,567
21.05.2025 15:15;98,9944
21.05.2025 15:30;77,4648
21.05.2025 15:45;81,3276
21.05.2025 16:00;75,4116
21.05.2025 16:15;89,7492
21.05.2025 16:30;76,5426
21.05.2025 16:45;74,4836
21.05.2025 17:00;72,8944
21.05.2025 17:15;72,6972
21.05.2025 17:30;78,2594
21.05.2025 17:45;74,4662
21.05.2025 18:00;70,0466
21.05.2025 18:15;70,1626
21.05.2025 18:30;68,6256
21.05.2025 18:45;62,9068
21.05.2025 19:00;62,4718
21.05.2025 19:15;64,4902
21.05.2025 19:30;61,9208
21.05.2025 19:45;74,1704
21.05.2025 20:00;72,1694
21.05.2025 20:15;65,6386
21.05.2025 20:30;66,787
21.05.2025 20:45;63,3128
21.05.2025 21:00;62,582
21.05.2025 21:15;63,133
21.05.2025 21:30;64,0494
21.05.2025 21:45;66,5028
21.05.2025 22:00;67,0248
21.05.2025 22:15;66,1548
21.05.2025 22:30;62,93
21.05.2025 22:45;62,64
21.05.2025 23:00;63,8
21.05.2025 23:15;58,58
21.05.2025 23:30;59,45
21.05.2025 23:45;60,32
22.05.2025 00:00;60,61
22.05.2025 00:15;60,32
22.05.2025 00:30;60,03
22.05.2025 00:45;60,9
22.05.2025 01:00;59,74
22.05.2025 01:15;60,03
22.05.2025 01:30;59,74
22.05.2025 01:45;59,45
22.05.2025 02:00;59,45
22.05.2025 02:15;60,03
22.05.2025 02:30;60,61
22.05.2025 02:45;59,4964
22.05.2025 03:00;59,4848
22.05.2025 03:15;59,4848
22.05.2025 03:30;60,0706
22.05.2025 03:45;59,7748
22.05.2025 04:00;59,1948
22.05.2025 04:15;62,3964
22.05.2025 04:30;60,3548
22.05.2025 04:45;63,8348
22.05.2025 05:00;66,4448
22.05.2025 05:15;78,6248
22.05.2025 05:30;95,4448
22.05.2025 05:45;108,808
22.05.2025 06:00;111,5978
22.05.2025 06:15;145,58
22.05.2025 06:30;183,7266
22.05.2025 06:45;189,109
22.05.2025 07:00;193,3256
22.05.2025 07:15;166,4136
22.05.2025 07:30;195,5354
22.05.2025 07:45;224,373
22.05.2025 08:00;227,737
22.05.2025 08:15;208,3708
22.05.2025 08:30;180,6294
22.05.2025 08:45;141,5374
22.05.2025 09:00;173,1358
22.05.2025 09:15;235,2422
22.05.2025 09:30;197,7684
22.05.2025 09:45;218,0568
22.05.2025 10:00;221,8442
22.05.2025 10:15;201,3412
22.05.2025 10:30;173,2228
22.05.2025 10:45;161,5706
22.05.2025 11:00;195,2512
22.05.2025 11:15;174,0928
22.05.2025 11:30;183,1524
22.05.2025 11:45;179,1388
22.05.2025 12:00;182,874
22.05.2025 12:15;145,493
22.05.2025 12:30;158,9432
22.05.2025 12:45;188,8712
22.05.2025 13:00;184,3762
22.05.2025 13:15;182,961
22.05.2025 13:30;168,722
22.05.2025 13:45;168,7278
22.05.2025 14:00;156,542
22.05.2025 14:15;133,6842
22.05.2025 14:30;114,4514
22.05.2025 14:45;109,504
22.05.2025 15:00;112,3866
22.05.2025 15:15;116,493
22.05.2025 15:30;96,541
22.05.2025 15:45;100,3806
22.05.2025 16:00;102,2772
22.05.2025 16:15;83,897
22.05.2025 16:30;65,2616
22.05.2025 16:45;63,6376
22.05.2025 17:00;68,063
22.05.2025 17:15;65,4414
22.05.2025 17:30;59,2586
22.05.2025 17:45;63,7072
22.05.2025 18:00;62,5124
22.05.2025 18:15;60,3896
22.05.2025 18:30;61,219
22.05.2025 18:45;61,3988
22.05.2025 19:00;59,0382
22.05.2025 19:15;58,0812
22.05.2025 19:30;57,6694
22.05.2025 19:45;78,6248
22.05.2025 20:00;74,7446
22.05.2025 20:15;66,4912
22.05.2025 20:30;61,0044
22.05.2025 20:45;62,64
22.05.2025 21:00;63,8464
22.05.2025 21:15;59,1426
22.05.2025 21:30;63,0518
22.05.2025 21:45;65,8648
22.05.2025 22:00;66,4448
22.05.2025 22:15;64,1248
22.05.2025 22:30;62,64
22.05.2025 22:45;62,06
22.05.2025 23:00;62,06
22.05.2025 23:15;55,68
22.05.2025 23:30;58
22.05.2025 23:45;60,61
23.05.2025 00:00;58,58
23.05.2025 00:15;59,16
23.05.2025 00:30;58,29
23.05.2025 00:45;60,03
23.05.2025 01:00;59,45
23.05.2025 01:15;58,87
23.05.2025 01:30;59,16
23.05.2025 01:45;59,74
23.05.2025 02:00;58,29
23.05.2025 02:15;58
23.05.2025 02:30;60,32
23.05.2025 02:45;60,0648
23.05.2025 03:00;58,9048
23.05.2025 03:15;58,3248
23.05.2025 03:30;59,1948
23.05.2025 03:45;59,7748
23.05.2025 04:00;59,4848
23.05.2025 04:15;59,1948
23.05.2025 04:30;58,9048
23.05.2025 04:45;61,8048
23.05.2025 05:00;64,7048
23.05.2025 05:15;78,0448
23.05.2025 05:30;88,1948
23.05.2025 05:45;109,4692
23.05.2025 06:00;118,6506
23.05.2025 06:15;158,0326
23.05.2025 06:30;185,9886
23.05.2025 06:45;187,6242
23.05.2025 07:00;184,8576
23.05.2025 07:15;165,1202
23.05.2025 07:30;172,9328
23.05.2025 07:45;184,1732
23.05.2025 08:00;188,0128
23.05.2025 08:15;212,4482
23.05.2025 08:30;185,8726
23.05.2025 08:45;154,4482
23.05.2025 09:00;181,8358
23.05.2025 09:15;201,0338
23.05.2025 09:30;184,788
23.05.2025 09:45;189,5498
23.05.2025 10:00;185,3796
23.05.2025 10:15;171,6742
23.05.2025 10:30;166,3382
23.05.2025 10:45;171,5756
23.05.2025 11:00;168,7162
23.05.2025 11:15;180,264
23.05.2025 11:30;178,9938
23.05.2025 11:45;174,4814
23.05.2025 12:00;146,8734
23.05.2025 12:15;138,3474
23.05.2025 12:30;115,2112
23.05.2025 12:45;108,3208
23.05.2025 13:00;111,273
23.05.2025 13:15;109,2604
23.05.2025 13:30;110,3218
23.05.2025 13:45;112,1024
23.05.2025 14:00;99,8528
23.05.2025 14:15;89,9696
23.05.2025 14:30;91,611
23.05.2025 14:45;93,7454
23.05.2025 15:00;89,7434
23.05.2025 15:15;88,5022
23.05.2025 15:30;84,883
23.05.2025 15:45;83,4098
23.05.2025 16:00;72,2448
23.05.2025 16:15;68,8518
23.05.2025 16:30;69,4898
23.05.2025 16:45;71,0384
23.05.2025 17:00;68,904
23.05.2025 17:15;68,3878
23.05.2025 17:30;65,424
23.05.2025 17:45;65,1804
23.05.2025 18:00;66,1838
23.05.2025 18:15;64,0552
23.05.2025 18:30;65,627
23.05.2025 18:45;65,917
23.05.2025 19:00;64,9484
23.05.2025 19:15;65,018
23.05.2025 19:30;63,3128
23.05.2025 19:45;65,685
23.05.2025 20:00;64,1306
23.05.2025 20:15;65,9576
23.05.2025 20:30;64,4786
23.05.2025 20:45;65,6908
23.05.2025 21:00;65,482
23.05.2025 21:15;65,1804
23.05.2025 21:30;66,9668
23.05.2025 21:45;69,6348
23.05.2025 22:00;72,2448
23.05.2025 22:15;71,6648
23.05.2025 22:30;73,66
23.05.2025 22:45;70,18
23.05.2025 23:00;73,08
23.05.2025 23:15;68,15
23.05.2025 23:30;68,15
23.05.2025 23:45;69,02
24.05.2025 00:00;69,02
24.05.2025 00:15;68,44
24.05.2025 00:30;69,6
24.05.2025 00:45;68,73
24.05.2025 01:00;69,02
24.05.2025 01:15;69,89
24.05.2025 01:30;68,73
24.05.2025 01:45;71,34
24.05.2025 02:00;68,73
24.05.2025 02:15;69,02
24.05.2025 02:30;69,89
24.05.2025 02:45;68,7648
24.05.2025 03:00;69,0548
24.05.2025 03:15;69,6348
24.05.2025 03:30;69,6232
24.05.2025 03:45;70,7948
24.05.2025 04:00;70,2148
24.05.2025 04:15;69,0548
24.05.2025 04:30;70,2148
24.05.2025 04:45;69,9248
24.05.2025 05:00;69,0548
24.05.2025 05:15;74,2748
24.05.2025 05:30;80,3648
24.05.2025 05:45;86,1996
24.05.2025 06:00;86,1996
24.05.2025 06:15;95,6188
24.05.2025 06:30;100,8852
24.05.2025 06:45;114,0918
24.05.2025 07:00;112,491
24.05.2025 07:15;115,3156
24.05.2025 07:30;116,5974
24.05.2025 07:45;112,5606
24.05.2025 08:00;114,4456
24.05.2025 08:15;113,0304
24.05.2025 08:30;105,8268
24.05.2025 08:45;100,8736
24.05.2025 09:00;101,7958
24.05.2025 09:15;107,0042
24.05.2025 09:30;107,4276
24.05.2025 09:45;109,7186
24.05.2025 10:00;103,9128
24.05.2025 10:15;101,732
24.05.2025 10:30;107,7408
24.05.2025 10:45;109,7302
24.05.2025 11:00;102,4686
24.05.2025 11:15;91,4602
24.05.2025 11:30;86,7912
24.05.2025 11:45;85,6544
24.05.2025 12:00;85,0512
24.05.2025 12:15;69,1302
24.05.2025 12:30;68,8692
24.05.2025 12:45;67,6976
24.05.2025 13:00;68,5096
24.05.2025 13:15;67,744
24.05.2025 13:30;68,875
24.05.2025 13:45;68,2312
24.05.2025 14:00;69,7276
24.05.2025 14:15;68,7358
24.05.2025 14:30;69,0896
24.05.2025 14:45;70,5106
24.05.2025 15:00;69,571
24.05.2025 15:15;69,6812
24.05.2025 15:30;70,5918
24.05.2025 15:45;70,8006
24.05.2025 16:00;71,3864
24.05.2025 16:15;72,5986
24.05.2025 16:30;73,283
24.05.2025 16:45;73,7006
24.05.2025 17:00;74,037
24.05.2025 17:15;73,689
24.05.2025 17:30;73,8108
24.05.2025 17:45;74,356
24.05.2025 18:00;74,2342
24.05.2025 18:15;73,9616
24.05.2025 18:30;73,805
24.05.2025 18:45;73,602
24.05.2025 19:00;74,6924
24.05.2025 19:15;74,9186
24.05.2025 19:30;74,7736
24.05.2025 19:45;75,0404
24.05.2025 20:00;74,849
24.05.2025 20:15;75,0868
24.05.2025 20:30;74,5126
24.05.2025 20:45;74,298
24.05.2025 21:00;75,3768
24.05.2025 21:15;76,4034
24.05.2025 21:30;76,3048
24.05.2025 21:45;81,5132
24.05.2025 22:00;81,2348
24.05.2025 22:15;80,9448
24.05.2025 22:30;82,07
24.05.2025 22:45;82,36
24.05.2025 23:00;81,49
24.05.2025 23:15;76,85
24.05.2025 23:30;78,3
24.05.2025 23:45;78,88
25.05.2025 00:00;78,3
25.05.2025 00:15;78,59
25.05.2025 00:30;79,46
25.05.2025 00:45;79,17
25.05.2025 01:00;79,17
25.05.2025 01:15;79,46
25.05.2025 01:30;79,17
25.05.2025 01:45;78,59
25.05.2025 02:00;79,17
25.05.2025 02:15;79,75
25.05.2025 02:30;80,04
25.05.2025 02:45;80,0748
25.05.2025 03:00;80,3648
25.05.2025 03:15;80,3532
25.05.2025 03:30;80,0748
25.05.2025 03:45;80,0748
25.05.2025 04:00;80,3648
25.05.2025 04:15;80,0748
25.05.2025 04:30;80,0748
25.05.2025 04:45;80,6548
25.05.2025 05:00;80,9448
25.05.2025 05:15;85,5848
25.05.2025 05:30;80,0748
25.05.2025 05:45;78,3406
25.05.2025 06:00;77,198
25.05.2025 06:15;77,4242
25.05.2025 06:30;77,9172
25.05.2025 06:45;77,4532
25.05.2025 07:00;77,1748
25.05.2025 07:15;76,5252
25.05.2025 07:30;77,6736
25.05.2025 07:45;80,2198
25.05.2025 08:00;77,2908
25.05.2025 08:15;77,314
25.05.2025 08:30;76,2178
25.05.2025 08:45;76,1888
25.05.2025 09:00;75,429
25.05.2025 09:15;74,907
25.05.2025 09:30;76,5194
25.05.2025 09:45;75,0868
25.05.2025 10:00;75,1564
25.05.2025 10:15;74,82
25.05.2025 10:30;76,1946
25.05.2025 10:45;75,1622
25.05.2025 11:00;74,8374
25.05.2025 11:15;75,9568
25.05.2025 11:30;76,6818
25.05.2025 11:45;75,9278
25.05.2025 12:00;76,3744
25.05.2025 12:15;74,4024
25.05.2025 12:30;76,067
25.05.2025 12:45;75,6146
25.05.2025 13:00;74,9882
25.05.2025 13:15;75,3652
25.05.2025 13:30;74,385
25.05.2025 13:45;76,3686
25.05.2025 14:00;74,1588
25.05.2025 14:15;74,3328
25.05.2025 14:30;76,0264
25.05.2025 14:45;73,8688
25.05.2025 15:00;74,7446
25.05.2025 15:15;75,5334
25.05.2025 15:30;76,1482
25.05.2025 15:45;75,748
25.05.2025 16:00;75,2376
25.05.2025 16:15;75,2318
25.05.2025 16:30;75,2028
25.05.2025 16:45;75,8814
25.05.2025 17:00;74,1762
25.05.2025 17:15;74,617
25.05.2025 17:30;74,0022
25.05.2025 17:45;74,762
25.05.2025 18:00;74,7968
25.05.2025 18:15;74,0428
25.05.2025 18:30;73,8688
25.05.2025 18:45;75,1738
25.05.2025 19:00;75,1564
25.05.2025 19:15;75,2376
25.05.2025 19:30;75,9452
25.05.2025 19:45;76,4788
25.05.2025 20:00;76,4034
25.05.2025 20:15;76,5542
25.05.2025 20:30;75,9684
25.05.2025 20:45;78,2304
25.05.2025 21:00;77,1574
25.05.2025 21:15;76,0496
25.05.2025 21:30;76,8674
25.05.2025 21:45;81,4436
25.05.2025 22:00;80,6432
25.05.2025 22:15;82,1048
25.05.2025 22:30;82,65
25.05.2025 22:45;82,94
25.05.2025 23:00;81,78
25.05.2025 23:15;76,56
25.05.2025 23:30;78,3
25.05.2025 23:45;79,46
26.05.2025 00:00;78,59
26.05.2025 00:15;78,88
26.05.2025 00:30;78,59
26.05.2025 00:45;79,75
26.05.2025 01:00;79,17
26.05.2025 01:15;79,17
26.05.2025 01:30;79,46
26.05.2025 01:45;80,04
26.05.2025 02:00;80,04
26.05.2025 02:15;79,46
26.05.2025 02:30;80,33
26.05.2025 02:45;80,0632
26.05.2025 03:00;79,7848
26.05.2025 03:15;79,7848
26.05.2025 03:30;80,3648
26.05.2025 03:45;79,4832
26.05.2025 04:00;80,6548
26.05.2025 04:15;79,7848
26.05.2025 04:30;80,6548
26.05.2025 04:45;83,8332
26.05.2025 05:00;86,1648
26.05.2025 05:15;97,4748
26.05.2025 05:30;105,0148
26.05.2025 05:45;122,7918
26.05.2025 06:00;113,4944
26.05.2025 06:15;132,646
26.05.2025 06:30;161,0718
26.05.2025 06:45;166,6456
26.05.2025 07:00;168,7278
26.05.2025 07:15;164,4648
26.05.2025 07:30;162,4754
26.05.2025 07:45;175,537
26.05.2025 08:00;176,1866
26.05.2025 08:15;193,2734
26.05.2025 08:30;169,012
26.05.2025 08:45;146,9256
26.05.2025 09:00;164,2096
26.05.2025 09:15;170,085
26.05.2025 09:30;176,3664
26.05.2025 09:45;175,653
26.05.2025 10:00;179,8116
26.05.2025 10:15;199,5374
26.05.2025 10:30;191,9278
26.05.2025 10:45;188,6856
26.05.2025 11:00;186,3192
26.05.2025 11:15;194,9728
26.05.2025 11:30;190,5126
26.05.2025 11:45;188,355
26.05.2025 12:00;167,7418
26.05.2025 12:15;138,0864
26.05.2025 12:30;182,7
26.05.2025 12:45;199,5606
26.05.2025 13:00;202,043
26.05.2025 13:15;182,6072
26.05.2025 13:30;176,4592
26.05.2025 13:45;173,971
26.05.2025 14:00;172,4862
26.05.2025 14:15;143,028
26.05.2025 14:30;118,581
26.05.2025 14:45;119,9614
26.05.2025 15:00;120,0832
26.05.2025 15:15;116,029
26.05.2025 15:30;92,9856
26.05.2025 15:45;85,8052
26.05.2025 16:00;63,6144
26.05.2025 16:15;62,1006
26.05.2025 16:30;61,9962
26.05.2025 16:45;67,6686
26.05.2025 17:00;62,4776
26.05.2025 17:15;59,305
26.05.2025 17:30;56,6544
26.05.2025 17:45;57,0778
26.05.2025 18:00;55,9004
26.05.2025 18:15;55,3088
26.05.2025 18:30;57,1416
26.05.2025 18:45;54,5084
26.05.2025 19:00;55,1058
26.05.2025 19:15;54,8564
26.05.2025 19:30;69,1302
26.05.2025 19:45;68,3704
26.05.2025 20:00;58,3944
26.05.2025 20:15;58,5858
26.05.2025 20:30;62,292
26.05.2025 20:45;56,2484
26.05.2025 21:00;55,0768
26.05.2025 21:15;54,6534
26.05.2025 21:30;54,7056
26.05.2025 21:45;59,6356
26.05.2025 22:00;58,9048
26.05.2025 22:15;60,0532
26.05.2025 22:30;59,45
26.05.2025 22:45;61,48
26.05.2025 23:00;58,58
26.05.2025 23:15;53,36
26.05.2025 23:30;55,1
26.05.2025 23:45;56,55
27.05.2025 00:00;61,48
27.05.2025 00:15;72,21
27.05.2025 00:30;71,92
27.05.2025 00:45;69,02
27.05.2025 01:00;67,28
27.05.2025 01:15;65,54
27.05.2025 01:30;66,41
27.05.2025 01:45;66,7
27.05.2025 02:00;65,83
27.05.2025 02:15;66,7
27.05.2025 02:30;69,02
27.05.2025 02:45;67,3148
27.05.2025 03:00;67,0248
27.05.2025 03:15;68,4632
27.05.2025 03:30;67,0248
27.05.2025 03:45;66,7348
27.05.2025 04:00;67,8948
27.05.2025 04:15;67,3148
27.05.2025 04:30;68,1732
27.05.2025 04:45;74,5648
27.05.2025 05:00;73,1148
27.05.2025 05:15;85,5848
27.05.2025 05:30;95,1432
27.05.2025 05:45;112,2822
27.05.2025 06:00;140,2208
27.05.2025 06:15;164,7664
27.05.2025 06:30;207,553
27.05.2025 06:45;225,4866
27.05.2025 07:00;224,3498
27.05.2025 07:15;181,9286
27.05.2025 07:30;206,712
27.05.2025 07:45;219,7968
27.05.2025 08:00;228,288
27.05.2025 08:15;230,1846
27.05.2025 08:30;207,0542
27.05.2025 08:45;176,32
27.05.2025 09:00;204,5428
27.05.2025 09:15;226,0492
27.05.2025 09:30;233,6646
27.05.2025 09:45;213,8808
27.05.2025 10:00;202,333
27.05.2025 10:15;226,461
27.05.2025 10:30;203,2494
27.05.2025 10:45;186,4352
27.05.2025 11:00;187,6648
27.05.2025 11:15;193,5692
27.05.2025 11:30;186,5106
27.05.2025 11:45;192,5136
27.05.2025 12:00;185,0432
27.05.2025 12:15;155,3182
27.05.2025 12:30;177,335
27.05.2025 12:45;204,0962
27.05.2025 13:00;205,9464
27.05.2025 13:15;205,2504
27.05.2025 13:30;200,4132
27.05.2025 13:45;188,79
27.05.2025 14:00;167,6026
27.05.2025 14:15;138,7998
27.05.2025 14:30;101,761
27.05.2025 14:45;103,3734
27.05.2025 15:00;107,7872
27.05.2025 15:15;107,6132
27.05.2025 15:30;99,9108
27.05.2025 15:45;95,4506
27.05.2025 16:00;101,761
27.05.2025 16:15;99,528
27.05.2025 16:30;89,1228
27.05.2025 16:45;87,3074
27.05.2025 17:00;85,8574
27.05.2025 17:15;89,4824
27.05.2025 17:30;75,0114
27.05.2025 17:45;66,6362
27.05.2025 18:00;64,2814
27.05.2025 18:15;63,8232
27.05.2025 18:30;62,8546
27.05.2025 18:45;61,3118
27.05.2025 19:00;63,3244
27.05.2025 19:15;61,335
27.05.2025 19:30;60,9464
27.05.2025 19:45;70,4352
27.05.2025 20:00;80,5098
27.05.2025 20:15;69,6116
27.05.2025 20:30;63,8058
27.05.2025 20:45;62,466
27.05.2025 21:00;64,1422
27.05.2025 21:15;59,2006
27.05.2025 21:30;59,566
27.05.2025 21:45;66,1548
27.05.2025 22:00;67,0132
27.05.2025 22:15;65,5748
27.05.2025 22:30;64,67
27.05.2025 22:45;67,57
27.05.2025 23:00;63,51
27.05.2025 23:15;59,16
27.05.2025 23:30;63,22
27.05.2025 23:45;62,06
28.05.2025 00:00;69,6
28.05.2025 00:15;77,14
28.05.2025 00:30;74,53
28.05.2025 00:45;71,92
28.05.2025 01:00;71,05
28.05.2025 01:15;71,92
28.05.2025 01:30;71,92
28.05.2025 01:45;70,18
28.05.2025 02:00;70,18
28.05.2025 02:15;71,34
28.05.2025 02:30;73,37
28.05.2025 02:45;72,2332
28.05.2025 03:00;73,9848
28.05.2025 03:15;71,9548
28.05.2025 03:30;71,0848
28.05.2025 03:45;72,2332
28.05.2025 04:00;72,2448
28.05.2025 04:15;71,0848
28.05.2025 04:30;72,5348
28.05.2025 04:45;78,0332
28.05.2025 05:00;77,1748
28.05.2025 05:15;89,6448
28.05.2025 05:30;104,4232
28.05.2025 05:45;120,9764
28.05.2025 06:00;134,4266
28.05.2025 06:15;153,0678
28.05.2025 06:30;211,3694
28.05.2025 06:45;204,5834
28.05.2025 07:00;185,4318
28.05.2025 07:15;162,7132
28.05.2025 07:30;179,278
28.05.2025 07:45;227,2672
28.05.2025 08:00;204,5138
28.05.2025 08:15;219,8722
28.05.2025 08:30;199,6592
28.05.2025 08:45;166,5412
28.05.2025 09:00;194,0912
28.05.2025 09:15;220,6088
28.05.2025 09:30;217,674
28.05.2025 09:45;223,938
28.05.2025 10:00;222,9694
28.05.2025 10:15;223,1318
28.05.2025 10:30;213,063
28.05.2025 10:45;199,3982
28.05.2025 11:00;202,8318
28.05.2025 11:15;198,1976
28.05.2025 11:30;194,3522
28.05.2025 11:45;222,4416
28.05.2025 12:00;183,8774
28.05.2025 12:15;153,1606
28.05.2025 12:30;175,6704
28.05.2025 12:45;200,5698
28.05.2025 13:00;195,7094
28.05.2025 13:15;186,5106
28.05.2025 13:30;186,3366
28.05.2025 13:45;176,755
28.05.2025 14:00;163,6586
28.05.2025 14:15;143,1788
28.05.2025 14:30;113,9816
28.05.2025 14:45;107,7466
28.05.2025 15:00;106,8534
28.05.2025 15:15;109,7186
28.05.2025 15:30;99,296
28.05.2025 15:45;79,6108
28.05.2025 16:00;79,083
28.05.2025 16:15;70,3308
28.05.2025 16:30;69,2346
28.05.2025 16:45;71,2008
28.05.2025 17:00;68,1152
28.05.2025 17:15;66,8044
28.05.2025 17:30;65,7662
28.05.2025 17:45;60,1344
28.05.2025 18:00;61,8802
28.05.2025 18:15;60,755
28.05.2025 18:30;59,6704
28.05.2025 18:45;59,8038
28.05.2025 19:00;59,4906
28.05.2025 19:15;59,1194
28.05.2025 19:30;58,0522
28.05.2025 19:45;57,101
28.05.2025 20:00;71,1602
28.05.2025 20:15;76,9254
28.05.2025 20:30;67,9586
28.05.2025 20:45;60,9928
28.05.2025 21:00;60,3722
28.05.2025 21:15;60,668
28.05.2025 21:30;59,9952
28.05.2025 21:45;61,654
28.05.2025 22:00;61,5148
28.05.2025 22:15;65,5748
28.05.2025 22:30;63,8
28.05.2025 22:45;61,48
28.05.2025 23:00;61,48
28.05.2025 23:15;57,71
28.05.2025 23:30;57,42
28.05.2025 23:45;59,45
29.05.2025 00:00;58,87
29.05.2025 00:15;58,58
29.05.2025 00:30;59,45
29.05.2025 00:45;58,87
29.05.2025 01:00;58,29
29.05.2025 01:15;60,61
29.05.2025 01:30;58
29.05.2025 01:45;58,87
29.05.2025 02:00;59,16
29.05.2025 02:15;58
29.05.2025 02:30;59,74
29.05.2025 02:45;58,6148
29.05.2025 03:00;58,3248
29.05.2025 03:15;58,8932
29.05.2025 03:30;59,1948
29.05.2025 03:45;58,6148
29.05.2025 04:00;58,9048
29.05.2025 04:15;60,0648
29.05.2025 04:30;59,7632
29.05.2025 04:45;58,9048
29.05.2025 05:00;59,4848
29.05.2025 05:15;60,6506
29.05.2025 05:30;56,0918
29.05.2025 05:45;55,129
29.05.2025 06:00;55,1174
29.05.2025 06:15;56,2252
29.05.2025 06:30;54,694
29.05.2025 06:45;55,506
29.05.2025 07:00;56,5964
29.05.2025 07:15;56,2774
29.05.2025 07:30;56,1266
29.05.2025 07:45;56,202
29.05.2025 08:00;54,3402
29.05.2025 08:15;55,0304
29.05.2025 08:30;55,3958
29.05.2025 08:45;55,071
29.05.2025 09:00;55,738
29.05.2025 09:15;55,7264
29.05.2025 09:30;54,7694
29.05.2025 09:45;54,3402
29.05.2025 10:00;54,4098
29.05.2025 10:15;54,81
29.05.2025 10:30;54,7346
29.05.2025 10:45;55,5292
29.05.2025 11:00;58,4002
29.05.2025 11:15;55,3494
29.05.2025 11:30;55,361
29.05.2025 11:45;53,5166
29.05.2025 12:00;53,8878
29.05.2025 12:15;55,158
29.05.2025 12:30;54,5316
29.05.2025 12:45;55,1
29.05.2025 13:00;55,3726
29.05.2025 13:15;55,5698
29.05.2025 13:30;54,7346
29.05.2025 13:45;54,6708
29.05.2025 14:00;54,2822
29.05.2025 14:15;54,0212
29.05.2025 14:30;55,1348
29.05.2025 14:45;54,1952
29.05.2025 15:00;54,6882
29.05.2025 15:15;55,709
29.05.2025 15:30;55,535
29.05.2025 15:45;54,7288
29.05.2025 16:00;55,5524
29.05.2025 16:15;54,7636
29.05.2025 16:30;55,5756
29.05.2025 16:45;55,6278
29.05.2025 17:00;55,6974
29.05.2025 17:15;56,0222
29.05.2025 17:30;55,1986
29.05.2025 17:45;55,999
29.05.2025 18:00;55,361
29.05.2025 18:15;55,7496
29.05.2025 18:30;56,7646
29.05.2025 18:45;54,839
29.05.2025 19:00;55,1
29.05.2025 19:15;55,245
29.05.2025 19:30;55,1812
29.05.2025 19:45;55,158
29.05.2025 20:00;55,7902
29.05.2025 20:15;55,2914
29.05.2025 20:30;55,0246
29.05.2025 20:45;55,5002
29.05.2025 21:00;55,3204
29.05.2025 21:15;55,738
29.05.2025 21:30;56,057
29.05.2025 21:45;59,0556
29.05.2025 22:00;60,6332
29.05.2025 22:15;60,9348
29.05.2025 22:30;61,77
29.05.2025 22:45;60,9
29.05.2025 23:00;61,19
29.05.2025 23:15;56,26
29.05.2025 23:30;58,87
29.05.2025 23:45;59,16
30.05.2025 00:00;59,16
30.05.2025 00:15;58,87
30.05.2025 00:30;59,16
30.05.2025 00:45;58,58
30.05.2025 01:00;58,29
30.05.2025 01:15;58,58
30.05.2025 01:30;58,29
30.05.2025 01:45;58,58
30.05.2025 02:00;58,29
30.05.2025 02:15;58
30.05.2025 02:30;58,87
30.05.2025 02:45;59,7748
30.05.2025 03:00;59,7748
30.05.2025 03:15;61,2132
30.05.2025 03:30;59,4848
30.05.2025 03:45;59,7748
30.05.2025 04:00;59,7632
30.05.2025 04:15;60,0648
30.05.2025 04:30;60,6448
30.05.2025 04:45;61,2248
30.05.2025 05:00;59,7632
30.05.2025 05:15;62,0948
30.05.2025 05:30;57,2402
30.05.2025 05:45;57,5824
30.05.2025 06:00;63,423
30.05.2025 06:15;63,4694
30.05.2025 06:30;68,6024
30.05.2025 06:45;68,4052
30.05.2025 07:00;65,3486
30.05.2025 07:15;63,0344
30.05.2025 07:30;63,8812
30.05.2025 07:45;63,4288
30.05.2025 08:00;65,3776
30.05.2025 08:15;64,7106
30.05.2025 08:30;64,003
30.05.2025 08:45;61,7758
30.05.2025 09:00;61,944
30.05.2025 09:15;63,8812
30.05.2025 09:30;61,9208
30.05.2025 09:45;63,1968
30.05.2025 10:00;62,7038
30.05.2025 10:15;61,0972
30.05.2025 10:30;61,6366
30.05.2025 10:45;62,1006
30.05.2025 11:00;62,9416
30.05.2025 11:15;62,0136
30.05.2025 11:30;60,3374
30.05.2025 11:45;60,3606
30.05.2025 12:00;59,827
30.05.2025 12:15;62,2282
30.05.2025 12:30;55,5408
30.05.2025 12:45;53,7834
30.05.2025 13:00;54,2822
30.05.2025 13:15;53,9516
30.05.2025 13:30;53,4992
30.05.2025 13:45;54,1546
30.05.2025 14:00;53,1918
30.05.2025 14:15;53,7254
30.05.2025 14:30;52,983
30.05.2025 14:45;54,3228
30.05.2025 15:00;54,259
30.05.2025 15:15;53,4702
30.05.2025 15:30;51,5852
30.05.2025 15:45;48,8766
30.05.2025 16:00;49,5958
30.05.2025 16:15;48,6272
30.05.2025 16:30;50,6282
30.05.2025 16:45;49,1782
30.05.2025 17:00;49,1724
30.05.2025 17:15;49,1434
30.05.2025 17:30;48,3662
30.05.2025 17:45;47,8036
30.05.2025 18:00;48,1574
30.05.2025 18:15;48,7142
30.05.2025 18:30;48,9346
30.05.2025 18:45;50,0772
30.05.2025 19:00;49,7292
30.05.2025 19:15;50,0888
30.05.2025 19:30;50,025
30.05.2025 19:45;50,46
30.05.2025 20:00;50,228
30.05.2025 20:15;49,996
30.05.2025 20:30;50,837
30.05.2025 20:45;50,9066
30.05.2025 21:00;50,6166
30.05.2025 21:15;49,561
30.05.2025 21:30;49,4276
30.05.2025 21:45;52,6988
30.05.2025 22:00;55,1348
30.05.2025 22:15;56,0048
30.05.2025 22:30;57,71
30.05.2025 22:45;56,55
30.05.2025 23:00;56,26
30.05.2025 23:15;51,91
30.05.2025 23:30;52,49
30.05.2025 23:45;53,65
31.05.2025 00:00;53,07
31.05.2025 00:15;52,78
31.05.2025 00:30;53,36
31.05.2025 00:45;54,23
31.05.2025 01:00;53,94
31.05.2025 01:15;53,36
31.05.2025 01:30;53,65
31.05.2025 01:45;53,65
31.05.2025 02:00;53,94
31.05.2025 02:15;54,23
31.05.2025 02:30;54,52
31.05.2025 02:45;55,7148
31.05.2025 03:00;54,8448
31.05.2025 03:15;54,8448
31.05.2025 03:30;54,5548
31.05.2025 03:45;55,1232
31.05.2025 04:00;54,8448
31.05.2025 04:15;54,2648
31.05.2025 04:30;55,1348
31.05.2025 04:45;54,8448
31.05.2025 05:00;53,6848
31.05.2025 05:15;56,2948
31.05.2025 05:30;52,4088
31.05.2025 05:45;52,606
31.05.2025 06:00;56,5036
31.05.2025 06:15;56,695
31.05.2025 06:30;60,0126
31.05.2025 06:45;59,3862
31.05.2025 07:00;65,6038
31.05.2025 07:15;63,8696
31.05.2025 07:30;61,8454
31.05.2025 07:45;63,6782
31.05.2025 08:00;64,7164
31.05.2025 08:15;64,699
31.05.2025 08:30;64,815
31.05.2025 08:45;60,842
31.05.2025 09:00;60,1054
31.05.2025 09:15;60,1286
31.05.2025 09:30;62,0252
31.05.2025 09:45;61,1842
31.05.2025 10:00;66,41
31.05.2025 10:15;62,2572
31.05.2025 10:30;61,2306
31.05.2025 10:45;61,19
31.05.2025 11:00;61,4742
31.05.2025 11:15;48,6272
31.05.2025 11:30;49,2304
31.05.2025 11:45;49,3522
31.05.2025 12:00;49,097
31.05.2025 12:15;49,5436
31.05.2025 12:30;49,2884
31.05.2025 12:45;49,6886
31.05.2025 13:00;48,8534
31.05.2025 13:15;49,4566
31.05.2025 13:30;47,85
31.05.2025 13:45;48,169
31.05.2025 14:00;48,4358
31.05.2025 14:15;48,9056
31.05.2025 14:30;49,0042
31.05.2025 14:45;48,9346
31.05.2025 15:00;49,2188
31.05.2025 15:15;48,778
31.05.2025 15:30;49,1318
31.05.2025 15:45;48,8534
31.05.2025 16:00;48,9694
31.05.2025 16:15;48,6388
31.05.2025 16:30;49,4972
31.05.2025 16:45;49,184
31.05.2025 17:00;48,6736
31.05.2025 17:15;48,1226
31.05.2025 17:30;48,3198
31.05.2025 17:45;49,0622
31.05.2025 18:00;48,459
31.05.2025 18:15;49,8858
31.05.2025 18:30;49,3232
31.05.2025 18:45;49,4972
31.05.2025 19:00;49,474
31.05.2025 19:15;49,2246
31.05.2025 19:30;53,563
31.05.2025 19:45;51,388
31.05.2025 20:00;49,4914
31.05.2025 20:15;50,1468
31.05.2025 20:30;50,808
31.05.2025 20:45;50,1758
31.05.2025 21:00;50,4484
31.05.2025 21:15;50,286
31.05.2025 21:30;50,0424
31.05.2025 21:45;52,9424
31.05.2025 22:00;55,1348
31.05.2025 22:15;56,2948
31.05.2025 22:30;56,26
31.05.2025 22:45;55,97
31.05.2025 23:00;56,26
31.05.2025 23:15;51,91
31.05.2025 23:30;52,2
31.05.2025 23:45;52,2
01.06.2025 00:00;52,78
01.06.2025 00:15;52,49
01.06.2025 00:30;53,65
01.06.2025 00:45;53,36
01.06.2025 01:00;53,65
01.06.2025 01:15;53,07
01.06.2025 01:30;53,65
01.06.2025 01:45;53,36
01.06.2025 02:00;53,36
01.06.2025 02:15;53,07
01.06.2025 02:30;54,23
01.06.2025 02:45;54,2648
01.06.2025 03:00;54,2648
01.06.2025 03:15;55,1348
01.06.2025 03:30;54,8564
01.06.2025 03:45;55,1348
01.06.2025 04:00;54,5548
01.06.2025 04:15;55,1348
01.06.2025 04:30;54,5548
01.06.2025 04:45;54,8448
01.06.2025 05:00;54,2764
01.06.2025 05:15;56,2948
01.06.2025 05:30;52,2406
01.06.2025 05:45;51,7302
01.06.2025 06:00;52,2522
01.06.2025 06:15;52,0086
01.06.2025 06:30;52,4552
01.06.2025 06:45;52,345
01.06.2025 07:00;51,939
01.06.2025 07:15;52,0666
01.06.2025 07:30;52,0376
01.06.2025 07:45;51,7882
01.06.2025 08:00;51,3474
01.06.2025 08:15;51,9274
01.06.2025 08:30;50,3382
01.06.2025 08:45;50,1584
01.06.2025 09:00;50,2222
01.06.2025 09:15;50,344
01.06.2025 09:30;49,7582
01.06.2025 09:45;49,474
01.06.2025 10:00;49,4276
01.06.2025 10:15;49,8394
01.06.2025 10:30;49,8742
01.06.2025 10:45;48,6214
01.06.2025 11:00;48,3372
01.06.2025 11:15;48,7838
01.06.2025 11:30;49,4972
01.06.2025 11:45;48,9694
01.06.2025 12:00;49,6886
01.06.2025 12:15;48,9288
01.06.2025 12:30;48,4532
01.06.2025 12:45;47,8036
01.06.2025 13:00;48,8244
01.06.2025 13:15;49,793
01.06.2025 13:30;49,2594
01.06.2025 13:45;49,7524
01.06.2025 14:00;49,155
01.06.2025 14:15;49,2942
01.06.2025 14:30;49,6306
01.06.2025 14:45;50,025
01.06.2025 15:00;50,0134
01.06.2025 15:15;49,7002
01.06.2025 15:30;48,8766
01.06.2025 15:45;58,4582
01.06.2025 16:00;65,83
01.06.2025 16:15;59,624
01.06.2025 16:30;60,5578
01.06.2025 16:45;58,2842
01.06.2025 17:00;59,5834
01.06.2025 17:15;59,2528
01.06.2025 17:30;59,363
01.06.2025 17:45;59,6472
01.06.2025 18:00;58,4872
01.06.2025 18:15;60,6448
01.06.2025 18:30;59,16
01.06.2025 18:45;58,7424
01.06.2025 19:00;58,5336
01.06.2025 19:15;59,4616
01.06.2025 19:30;58,2436
01.06.2025 19:45;57,2692
01.06.2025 20:00;59,45
01.06.2025 20:15;59,0556
01.06.2025 20:30;58,58
01.06.2025 20:45;60,5926
01.06.2025 21:00;59,6124
01.06.2025 21:15;60,1692
01.06.2025 21:30;61,2248
01.06.2025 21:45;62,1006
01.06.2025 22:00;64,9832
01.06.2025 22:15;66,7348
01.06.2025 22:30;65,83
01.06.2025 22:45;66,41
01.06.2025 23:00;67,28
01.06.2025 23:15;61,19
01.06.2025 23:30;62,64
01.06.2025 23:45;63,8
02.06.2025 00:00;62,35
02.06.2025 00:15;63,51
02.06.2025 00:30;64,09
02.06.2025 00:45;62,35
02.06.2025 01:00;64,09
02.06.2025 01:15;62,93
02.06.2025 01:30;62,93
02.06.2025 01:45;64,09
02.06.2025 02:00;62,64
02.06.2025 02:15;63,22
02.06.2025 02:30;63,51
02.06.2025 02:45;62,6632
02.06.2025 03:00;63,5448
02.06.2025 03:15;62,9648
02.06.2025 03:30;62,3732
02.06.2025 03:45;63,5448
02.06.2025 04:00;62,6632
02.06.2025 04:15;63,5448
02.06.2025 04:30;63,5448
02.06.2025 04:45;65,2732
02.06.2025 05:00;68,1848
02.06.2025 05:15;81,8032
02.06.2025 05:30;84,9874
02.06.2025 05:45;112,4272
02.06.2025 06:00;128,6266
02.06.2025 06:15;151,293
02.06.2025 06:30;204,0208
02.06.2025 06:45;190,9998
02.06.2025 07:00;184,5676
02.06.2025 07:15;175,0614
02.06.2025 07:30;175,6356
02.06.2025 07:45;175,16
02.06.2025 08:00;176,4766
02.06.2025 08:15;193,7896
02.06.2025 08:30;166,286
02.06.2025 08:45;138,9274
02.06.2025 09:00;177,1842
02.06.2025 09:15;192,676
02.06.2025 09:30;194,7582
02.06.2025 09:45;183,2394
02.06.2025 10:00;177,1204
02.06.2025 10:15;186,8644
02.06.2025 10:30;184,411
02.06.2025 10:45;169,6268
02.06.2025 11:00;167,6722
02.06.2025 11:15;187,0558
02.06.2025 11:30;191,2434
02.06.2025 11:45;189,3236
02.06.2025 12:00;173,2924
02.06.2025 12:15;155,2892
02.06.2025 12:30;171,7032
02.06.2025 12:45;192,618
02.06.2025 13:00;194,59
02.06.2025 13:15;201,5326
02.06.2025 13:30;181,888
02.06.2025 13:45;175,0962
02.06.2025 14:00;172,3528
02.06.2025 14:15;144,9594
02.06.2025 14:30;120,4428
02.06.2025 14:45;111,1164
02.06.2025 15:00;111,2324
02.06.2025 15:15;107,0622
02.06.2025 15:30;101,6392
02.06.2025 15:45;101,9814
02.06.2025 16:00;101,413
02.06.2025 16:15;107,3696
02.06.2025 16:30;92,8348
02.06.2025 16:45;64,2814
02.06.2025 17:00;55,6974
02.06.2025 17:15;55,5234
02.06.2025 17:30;55,5002
02.06.2025 17:45;55,4132
02.06.2025 18:00;53,8704
02.06.2025 18:15;55,4886
02.06.2025 18:30;53,7254
02.06.2025 18:45;53,0758
02.06.2025 19:00;53,9748
02.06.2025 19:15;62,4544
02.06.2025 19:30;67,6338
02.06.2025 19:45;64,9368
02.06.2025 20:00;55,6336
02.06.2025 20:15;54,3228
02.06.2025 20:30;55,68
02.06.2025 20:45;54,549
02.06.2025 21:00;56,5326
02.06.2025 21:15;53,65
02.06.2025 21:30;53,8008
02.06.2025 21:45;55,5466
02.06.2025 22:00;57,4664
02.06.2025 22:15;55,1232
02.06.2025 22:30;55,97
02.06.2025 22:45;55,97
02.06.2025 23:00;55,97
02.06.2025 23:15;51,62
02.06.2025 23:30;52,2
02.06.2025 23:45;52,78
03.06.2025 00:00;52,49
03.06.2025 00:15;52,49
03.06.2025 00:30;52,78
03.06.2025 00:45;52,49
03.06.2025 01:00;52,2
03.06.2025 01:15;51,91
03.06.2025 01:30;52,2
03.06.2025 01:45;54,81
03.06.2025 02:00;52,2
03.06.2025 02:15;52,78
03.06.2025 02:30;53,94
03.06.2025 02:45;54,8332
03.06.2025 03:00;52,8148
03.06.2025 03:15;52,2348
03.06.2025 03:30;52,8148
03.06.2025 03:45;52,8148
03.06.2025 04:00;54,2648
03.06.2025 04:15;68,7648
03.06.2025 04:30;69,0432
03.06.2025 04:45;64,7048
03.06.2025 05:00;67,0248
03.06.2025 05:15;79,2106
03.06.2025 05:30;97,3414
03.06.2025 05:45;113,216
03.06.2025 06:00;129,9896
03.06.2025 06:15;152,3834
03.06.2025 06:30;187,8794
03.06.2025 06:45;195,0888
03.06.2025 07:00;188,3318
03.06.2025 07:15;162,5218
03.06.2025 07:30;187,9258
03.06.2025 07:45;187,4154
03.06.2025 08:00;197,7162
03.06.2025 08:15;200,1812
03.06.2025 08:30;181,4472
03.06.2025 08:45;158,6184
03.06.2025 09:00;176,3606
03.06.2025 09:15;195,663
03.06.2025 09:30;187,0906
03.06.2025 09:45;196,3532
03.06.2025 10:00;203,0464
03.06.2025 10:15;188,8538
03.06.2025 10:30;186,1104
03.06.2025 10:45;180,5656
03.06.2025 11:00;175,0034
03.06.2025 11:15;177,8396
03.06.2025 11:30;174,3306
03.06.2025 11:45;174,6902
03.06.2025 12:00;173,913
03.06.2025 12:15;143,8458
03.06.2025 12:30;165,8568
03.06.2025 12:45;173,536
03.06.2025 13:00;189,0684
03.06.2025 13:15;182,613
03.06.2025 13:30;189,6658
03.06.2025 13:45;201,5674
03.06.2025 14:00;182,6768
03.06.2025 14:15;157,0408
03.06.2025 14:30;143,7878
03.06.2025 14:45;132,7214
03.06.2025 15:00;132,1356
03.06.2025 15:15;130,1578
03.06.2025 15:30;110,2116
03.06.2025 15:45;105,9486
03.06.2025 16:00;109,5214
03.06.2025 16:15;110,0608
03.06.2025 16:30;106,8592
03.06.2025 16:45;103,7156
03.06.2025 17:00;75,6726
03.06.2025 17:15;66,062
03.06.2025 17:30;63,7536
03.06.2025 17:45;64,2524
03.06.2025 18:00;60,9058
03.06.2025 18:15;64,0436
03.06.2025 18:30;53,302
03.06.2025 18:45;52,635
03.06.2025 19:00;52,7568
03.06.2025 19:15;52,7104
03.06.2025 19:30;52,7336
03.06.2025 19:45;53,0004
03.06.2025 20:00;52,7568
03.06.2025 20:15;53,447
03.06.2025 20:30;54,4156
03.06.2025 20:45;53,563
03.06.2025 21:00;53,389
03.06.2025 21:15;54,0444
03.06.2025 21:30;52,7858
03.06.2025 21:45;53,3948
03.06.2025 22:00;58,9048
03.06.2025 22:15;59,4848
03.06.2025 22:30;58,87
03.06.2025 22:45;59,45
03.06.2025 23:00;59,45
03.06.2025 23:15;54,52
03.06.2025 23:30;56,26
03.06.2025 23:45;56,26
04.06.2025 00:00;55,39
04.06.2025 00:15;55,39
04.06.2025 00:30;56,84
04.06.2025 00:45;57,13
04.06.2025 01:00;56,26
04.06.2025 01:15;56,84
04.06.2025 01:30;56,26
04.06.2025 01:45;56,84
04.06.2025 02:00;59,16
04.06.2025 02:15;56,84
04.06.2025 02:30;58,29
04.06.2025 02:45;57,7448
04.06.2025 03:00;58,6148
04.06.2025 03:15;58,3248
04.06.2025 03:30;58,3248
04.06.2025 03:45;58,6148
04.06.2025 04:00;58,6148
04.06.2025 04:15;58,3248
04.06.2025 04:30;58,9048
04.06.2025 04:45;58,0348
04.06.2025 05:00;60,9464
04.06.2025 05:15;77,1748
04.06.2025 05:30;90,2306
04.06.2025 05:45;104,864
04.06.2025 06:00;115,5998
04.06.2025 06:15;136,445
04.06.2025 06:30;153,7696
04.06.2025 06:45;161,9882
04.06.2025 07:00;162,6726
04.06.2025 07:15;156,513
04.06.2025 07:30;161,6228
04.06.2025 07:45;174,9164
04.06.2025 08:00;184,4748
04.06.2025 08:15;188,7552
04.06.2025 08:30;175,0034
04.06.2025 08:45;149,3848
04.06.2025 09:00;164,9462
04.06.2025 09:15;192,8384
04.06.2025 09:30;204,9024
04.06.2025 09:45;206,1552
04.06.2025 10:00;205,5288
04.06.2025 10:15;199,0676
04.06.2025 10:30;179,2606
04.06.2025 10:45;173,7622
04.06.2025 11:00;178,5646
04.06.2025 11:15;202,2982
04.06.2025 11:30;191,5334
04.06.2025 11:45;188,9234
04.06.2025 12:00;183,7498
04.06.2025 12:15;147,6448
04.06.2025 12:30;180,3452
04.06.2025 12:45;200,6394
04.06.2025 13:00;202,4374
04.06.2025 13:15;190,5416
04.06.2025 13:30;190,646
04.06.2025 13:45;189,0162
04.06.2025 14:00;183,4308
04.06.2025 14:15;158,369
04.06.2025 14:30;118,6738
04.06.2025 14:45;120,1528
04.06.2025 15:00;121,7304
04.06.2025 15:15;113,1754
04.06.2025 15:30;95,2534
04.06.2025 15:45;85,3644
04.06.2025 16:00;82,331
04.06.2025 16:15;77,1168
04.06.2025 16:30;74,2748
04.06.2025 16:45;72,3898
04.06.2025 17:00;69,1128
04.06.2025 17:15;70,2438
04.06.2025 17:30;64,09
04.06.2025 17:45;64,525
04.06.2025 18:00;61,4568
04.06.2025 18:15;61,2828
04.06.2025 18:30;60,9928
04.06.2025 18:45;62,1122
04.06.2025 19:00;60,8942
04.06.2025 19:15;61,712
04.06.2025 19:30;61,0334
04.06.2025 19:45;60,378
04.06.2025 20:00;60,9174
04.06.2025 20:15;61,1784
04.06.2025 20:30;61,045
04.06.2025 20:45;65,0296
04.06.2025 21:00;65,598
04.06.2025 21:15;62,6922
04.06.2025 21:30;61,6424
04.06.2025 21:45;63,713
04.06.2025 22:00;67,5932
04.06.2025 22:15;67,3148
04.06.2025 22:30;67,86
04.06.2025 22:45;67,28
04.06.2025 23:00;68,15
04.06.2025 23:15;62,93
04.06.2025 23:30;63,22
04.06.2025 23:45;64,67
05.06.2025 00:00;64,67
05.06.2025 00:15;66,7
05.06.2025 00:30;64,67
05.06.2025 00:45;63,8
05.06.2025 01:00;64,96
05.06.2025 01:15;64,38
05.06.2025 01:30;64,09
05.06.2025 01:45;64,09
05.06.2025 02:00;64,09
05.06.2025 02:15;64,67
05.06.2025 02:30;64,96
05.06.2025 02:45;66,4448
05.06.2025 03:00;65,5748
05.06.2025 03:15;65,8532
05.06.2025 03:30;65,8648
05.06.2025 03:45;65,8648
05.06.2025 04:00;66,1548
05.06.2025 04:15;66,4332
05.06.2025 04:30;66,1548
05.06.2025 04:45;67,8948
05.06.2025 05:00;67,6048
05.06.2025 05:15;76,2932
05.06.2025 05:30;88,8908
05.06.2025 05:45;109,7824
05.06.2025 06:00;122,9658
05.06.2025 06:15;153,2882
05.06.2025 06:30;173,1242
05.06.2025 06:45;195,5064
05.06.2025 07:00;189,8688
05.06.2025 07:15;168,4784
05.06.2025 07:30;182,526
05.06.2025 07:45;198,2034
05.06.2025 08:00;202,8898
05.06.2025 08:15;191,864
05.06.2025 08:30;180,148
05.06.2025 08:45;144,4722
05.06.2025 09:00;168,577
05.06.2025 09:15;186,5744
05.06.2025 09:30;202,6172
05.06.2025 09:45;191,2898
05.06.2025 10:00;203,7018
05.06.2025 10:15;195,3498
05.06.2025 10:30;184,092
05.06.2025 10:45;168,1536
05.06.2025 11:00;174,029
05.06.2025 11:15;186,8644
05.06.2025 11:30;182,6884
05.06.2025 11:45;184,0224
05.06.2025 12:00;179,1272
05.06.2025 12:15;148,9556
05.06.2025 12:30;167,359
05.06.2025 12:45;200,9874
05.06.2025 13:00;198,9458
05.06.2025 13:15;196,8694
05.06.2025 13:30;186,1974
05.06.2025 13:45;183,193
05.06.2025 14:00;182,6942
05.06.2025 14:15;153,1432
05.06.2025 14:30;118,6332
05.06.2025 14:45;124,642
05.06.2025 15:00;117,2006
05.06.2025 15:15;100,7518
05.06.2025 15:30;68,2776
05.06.2025 15:45;67,4076
05.06.2025 16:00;66,7406
05.06.2025 16:15;67,6048
05.06.2025 16:30;64,9484
05.06.2025 16:45;61,6424
05.06.2025 17:00;60,8884
05.06.2025 17:15;59,7516
05.06.2025 17:30;61,7468
05.06.2025 17:45;58,6496
05.06.2025 18:00;55,3262
05.06.2025 18:15;60,4302
05.06.2025 18:30;55,6394
05.06.2025 18:45;56,057
05.06.2025 19:00;56,4862
05.06.2025 19:15;54,0734
05.06.2025 19:30;56,0396
05.06.2025 19:45;56,869
05.06.2025 20:00;56,3354
05.06.2025 20:15;51,7592
05.06.2025 20:30;51,504
05.06.2025 20:45;49,5958
05.06.2025 21:00;51,9506
05.06.2025 21:15;53,4992
05.06.2025 21:30;52,9192
05.06.2025 21:45;54,114
05.06.2025 22:00;57,4548
05.06.2025 22:15;58,9048
05.06.2025 22:30;59,16
05.06.2025 22:45;58
05.06.2025 23:00;58,58
05.06.2025 23:15;54,52
05.06.2025 23:30;51,62
05.06.2025 23:45;55,39
06.06.2025 00:00;55,39
06.06.2025 00:15;55,1
06.06.2025 00:30;55,1
06.06.2025 00:45;54,81
06.06.2025 01:00;53,36
06.06.2025 01:15;54,52
06.06.2025 01:30;55,1
06.06.2025 01:45;55,1
06.06.2025 02:00;55,1
06.06.2025 02:15;55,39
06.06.2025 02:30;56,26
06.06.2025 02:45;55,1348
06.06.2025 03:00;55,4248
06.06.2025 03:15;56,2832
06.06.2025 03:30;56,2948
06.06.2025 03:45;56,0048
06.06.2025 04:00;58,3132
06.06.2025 04:15;56,5848
06.06.2025 04:30;55,7148
06.06.2025 04:45;55,7148
06.06.2025 05:00;62,3732
06.06.2025 05:15;76,0148
06.06.2025 05:30;94,5748
06.06.2025 05:45;102,225
06.06.2025 06:00;118,0242
06.06.2025 06:15;149,1296
06.06.2025 06:30;190,4836
06.06.2025 06:45;189,5788
06.06.2025 07:00;194,6074
06.06.2025 07:15;174,957
06.06.2025 07:30;179,655
06.06.2025 07:45;186,3076
06.06.2025 08:00;189,2134
06.06.2025 08:15;206,1494
06.06.2025 08:30;183,367
06.06.2025 08:45;156,8436
06.06.2025 09:00;179,6028
06.06.2025 09:15;193,9462
06.06.2025 09:30;203,1508
06.06.2025 09:45;196,6432
06.06.2025 10:00;205,5346
06.06.2025 10:15;195,4484
06.06.2025 10:30;202,5186
06.06.2025 10:45;180,3742
06.06.2025 11:00;183,2626
06.06.2025 11:15;184,2312
06.06.2025 11:30;176,8362
06.06.2025 11:45;176,1692
06.06.2025 12:00;156,9886
06.06.2025 12:15;136,01
06.06.2025 12:30;88,653
06.06.2025 12:45;85,8516
06.06.2025 13:00;81,229
06.06.2025 13:15;81,983
06.06.2025 13:30;83,0154
06.06.2025 13:45;80,3822
06.06.2025 14:00;78,59
06.06.2025 14:15;79,4716
06.06.2025 14:30;67,7324
06.06.2025 14:45;57,7332
06.06.2025 15:00;58,5104
06.06.2025 15:15;59,3514
06.06.2025 15:30;58,2668
06.06.2025 15:45;55,2102
06.06.2025 16:00;51,8172
06.06.2025 16:15;51,5562
06.06.2025 16:30;51,0632
06.06.2025 16:45;54,4736
06.06.2025 17:00;49,6944
06.06.2025 17:15;52,0086
06.06.2025 17:30;50,7616
06.06.2025 17:45;50,953
06.06.2025 18:00;51,243
06.06.2025 18:15;50,141
06.06.2025 18:30;51,823
06.06.2025 18:45;52,3798
06.06.2025 19:00;52,3566
06.06.2025 19:15;51,6722
06.06.2025 19:30;50,373
06.06.2025 19:45;52,4494
06.06.2025 20:00;52,432
06.06.2025 20:15;52,4784
06.06.2025 20:30;52,1884
06.06.2025 20:45;50,7674
06.06.2025 21:00;51,8926
06.06.2025 21:15;52,8786
06.06.2025 21:30;52,432
06.06.2025 21:45;52,6988
06.06.2025 22:00;58,0232
06.06.2025 22:15;56,8748
06.06.2025 22:30;58,29
06.06.2025 22:45;58,87
06.06.2025 23:00;58,58
06.06.2025 23:15;53,36
06.06.2025 23:30;52,49
06.06.2025 23:45;55,39
07.06.2025 00:00;55,68
07.06.2025 00:15;55,39
07.06.2025 00:30;55,39
07.06.2025 00:45;52,2
07.06.2025 01:00;55,1
07.06.2025 01:15;54,81
07.06.2025 01:30;55,1
07.06.2025 01:45;54,81
07.06.2025 02:00;55,39
07.06.2025 02:15;52,78
07.06.2025 02:30;55,97
07.06.2025 02:45;56,5732
07.06.2025 03:00;56,0048
07.06.2025 03:15;57,1648
07.06.2025 03:30;56,5848
07.06.2025 03:45;55,9932
07.06.2025 04:00;55,4248
07.06.2025 04:15;56,0048
07.06.2025 04:30;56,5732
07.06.2025 04:45;55,7148
07.06.2025 05:00;57,1648
07.06.2025 05:15;57,4432
07.06.2025 05:30;59,7748
07.06.2025 05:45;63,6086
07.06.2025 06:00;92,5564
07.06.2025 06:15;93,3394
07.06.2025 06:30;106,807
07.06.2025 06:45;110,664
07.06.2025 07:00;113,8134
07.06.2025 07:15;110,6002
07.06.2025 07:30;102,776
07.06.2025 07:45;111,4876
07.06.2025 08:00;112,8332
07.06.2025 08:15;96,0306
07.06.2025 08:30;86,9826
07.06.2025 08:45;80,9448
07.06.2025 09:00;89,0416
07.06.2025 09:15;113,0652
07.06.2025 09:30;109,3358
07.06.2025 09:45;107,967
07.06.2025 10:00;108,3962
07.06.2025 10:15;108,0366
07.06.2025 10:30;98,5594
07.06.2025 10:45;108,083
07.06.2025 11:00;91,8662
07.06.2025 11:15;80,765
07.06.2025 11:30;68,1558
07.06.2025 11:45;60,2852
07.06.2025 12:00;54,7752
07.06.2025 12:15;51,62
07.06.2025 12:30;50,8022
07.06.2025 12:45;50,7094
07.06.2025 13:00;50,3962
07.06.2025 13:15;51,3184
07.06.2025 13:30;51,1444
07.06.2025 13:45;51,3996
07.06.2025 14:00;51,2952
07.06.2025 14:15;51,185
07.06.2025 14:30;51,3648
07.06.2025 14:45;50,3382
07.06.2025 15:00;50,1178
07.06.2025 15:15;50,5586
07.06.2025 15:30;51,011
07.06.2025 15:45;51,6954
07.06.2025 16:00;51,1502
07.06.2025 16:15;51,0284
07.06.2025 16:30;48,5344
07.06.2025 16:45;50,8718
07.06.2025 17:00;50,8544
07.06.2025 17:15;50,9008
07.06.2025 17:30;50,5122
07.06.2025 17:45;48,4648
07.06.2025 18:00;50,4716
07.06.2025 18:15;52,1536
07.06.2025 18:30;52,0782
07.06.2025 18:45;51,7824
07.06.2025 19:00;49,9148
07.06.2025 19:15;49,7814
07.06.2025 19:30;51,5794
07.06.2025 19:45;51,2024
07.06.2025 20:00;51,7766
07.06.2025 20:15;51,4866
07.06.2025 20:30;50,0366
07.06.2025 20:45;52,9656
07.06.2025 21:00;52,6756
07.06.2025 21:15;52,2928
07.06.2025 21:30;52,8032
07.06.2025 21:45;51,6548
07.06.2025 22:00;55,1232
07.06.2025 22:15;57,7448
07.06.2025 22:30;58,29
07.06.2025 22:45;58,58
07.06.2025 23:00;60,61
07.06.2025 23:15;53,36
07.06.2025 23:30;53,36
07.06.2025 23:45;53,07
08.06.2025 00:00;55,1
08.06.2025 00:15;55,97
08.06.2025 00:30;55,39
08.06.2025 00:45;55,1
08.06.2025 01:00;55,97
08.06.2025 01:15;53,65
08.06.2025 01:30;53,94
08.06.2025 01:45;55,68
08.06.2025 02:00;54,52
08.06.2025 02:15;54,81
08.06.2025 02:30;55,97
08.06.2025 02:45;56,0048
08.06.2025 03:00;53,6848
08.06.2025 03:15;56,5732
08.06.2025 03:30;56,8748
08.06.2025 03:45;56,2948
08.06.2025 04:00;56,2832
08.06.2025 04:15;56,2948
08.06.2025 04:30;56,0048
08.06.2025 04:45;55,1232
08.06.2025 05:00;56,5848
08.06.2025 05:15;56,8748
08.06.2025 05:30;53,9632
08.06.2025 05:45;53,6094
08.06.2025 06:00;52,287
08.06.2025 06:15;51,7766
08.06.2025 06:30;50,0192
08.06.2025 06:45;51,3996
08.06.2025 07:00;51,5736
08.06.2025 07:15;51,1444
08.06.2025 07:30;51,1966
08.06.2025 07:45;52,4088
08.06.2025 08:00;51,098
08.06.2025 08:15;50,924
08.06.2025 08:30;50,4774
08.06.2025 08:45;51,9216
08.06.2025 09:00;53,824
08.06.2025 09:15;51,8984
08.06.2025 09:30;50,9994
08.06.2025 09:45;51,6374
08.06.2025 10:00;50,3498
08.06.2025 10:15;49,59
08.06.2025 10:30;51,3358
08.06.2025 10:45;51,1734
08.06.2025 11:00;50,5992
08.06.2025 11:15;51,62
08.06.2025 11:30;51,0574
08.06.2025 11:45;49,0506
08.06.2025 12:00;50,2338
08.06.2025 12:15;51,3938
08.06.2025 12:30;51,1676
08.06.2025 12:45;50,8254
08.06.2025 13:00;51,1444
08.06.2025 13:15;50,2802
08.06.2025 13:30;49,01
08.06.2025 13:45;51,8636
08.06.2025 14:00;51,1966
08.06.2025 14:15;51,1734
08.06.2025 14:30;50,8486
08.06.2025 14:45;50,6108
08.06.2025 15:00;50,0424
08.06.2025 15:15;50,1932
08.06.2025 15:30;51,4576
08.06.2025 15:45;51,5968
08.06.2025 16:00;52,6524
08.06.2025 16:15;52,1478
08.06.2025 16:30;51,5562
08.06.2025 16:45;51,1966
08.06.2025 17:00;49,9264
08.06.2025 17:15;52,2812
08.06.2025 17:30;51,417
08.06.2025 17:45;51,8984
08.06.2025 18:00;51,852
08.06.2025 18:15;51,1212
08.06.2025 18:30;51,0458
08.06.2025 18:45;49,7698
08.06.2025 19:00;52,3856
08.06.2025 19:15;52,287
08.06.2025 19:30;51,8346
08.06.2025 19:45;51,2778
08.06.2025 20:00;51,2952
08.06.2025 20:15;55,1174
08.06.2025 20:30;49,5784
08.06.2025 20:45;51,9332
08.06.2025 21:00;51,9912
08.06.2025 21:15;52,4262
08.06.2025 21:30;52,403
08.06.2025 21:45;51,7882
08.06.2025 22:00;57,2286
08.06.2025 22:15;57,4432
08.06.2025 22:30;57,42
08.06.2025 22:45;56,55
08.06.2025 23:00;57,71
08.06.2025 23:15;53,94
08.06.2025 23:30;54,81
08.06.2025 23:45;54,81
09.06.2025 00:00;54,81
09.06.2025 00:15;54,52
09.06.2025 00:30;55,39
09.06.2025 00:45;54,81
09.06.2025 01:00;53,65
09.06.2025 01:15;54,23
09.06.2025 01:30;55,39
09.06.2025 01:45;55,97
09.06.2025 02:00;54,81
09.06.2025 02:15;55,39
09.06.2025 02:30;54,81
09.06.2025 02:45;55,7148
09.06.2025 03:00;55,7032
09.06.2025 03:15;53,3948
09.06.2025 03:30;53,9632
09.06.2025 03:45;55,9932
09.06.2025 04:00;55,7148
09.06.2025 04:15;55,1232
09.06.2025 04:30;54,8448
09.06.2025 04:45;55,9932
09.06.2025 05:00;54,5548
09.06.2025 05:15;54,2532
09.06.2025 05:30;50,5876
09.06.2025 05:45;52,2754
09.06.2025 06:00;52,5596
09.06.2025 06:15;52,432
09.06.2025 06:30;51,4402
09.06.2025 06:45;52,6002
09.06.2025 07:00;52,2754
09.06.2025 07:15;51,4634
09.06.2025 07:30;51,2256
09.06.2025 07:45;49,1956
09.06.2025 08:00;51,562
09.06.2025 08:15;51,8172
09.06.2025 08:30;51,2778
09.06.2025 08:45;51,6316
09.06.2025 09:00;50,8602
09.06.2025 09:15;51,533
09.06.2025 09:30;51,3242
09.06.2025 09:45;49,9206
09.06.2025 10:00;49,4856
09.06.2025 10:15;50,4832
09.06.2025 10:30;53,6616
09.06.2025 10:45;50,1352
09.06.2025 11:00;50,9472
09.06.2025 11:15;50,779
09.06.2025 11:30;49,9728
09.06.2025 11:45;49,5262
09.06.2025 12:00;49,8916
09.06.2025 12:15;51,2372
09.06.2025 12:30;50,9646
09.06.2025 12:45;51,2778
09.06.2025 13:00;51,6896
09.06.2025 13:15;49,735
09.06.2025 13:30;50,4832
09.06.2025 13:45;50,7732
09.06.2025 14:00;51,3474
09.06.2025 14:15;50,75
09.06.2025 14:30;51,4344
09.06.2025 14:45;50,3324
09.06.2025 15:00;50,8428
09.06.2025 15:15;51,939
09.06.2025 15:30;50,8892
09.06.2025 15:45;51,6838
09.06.2025 16:00;51,7128
09.06.2025 16:15;50,4252
09.06.2025 16:30;50,3382
09.06.2025 16:45;51,3938
09.06.2025 17:00;52,1246
09.06.2025 17:15;51,0632
09.06.2025 17:30;51,6606
09.06.2025 17:45;51,6664
09.06.2025 18:00;50,3382
09.06.2025 18:15;51,7012
09.06.2025 18:30;51,0516
09.06.2025 18:45;50,8602
09.06.2025 19:00;51,8984
09.06.2025 19:15;51,7824
09.06.2025 19:30;51,7766
09.06.2025 19:45;49,7872
09.06.2025 20:00;51,2836
09.06.2025 20:15;51,7998
09.06.2025 20:30;51,8462
09.06.2025 20:45;52,171
09.06.2025 21:00;51,8578
09.06.2025 21:15;52,0666
09.06.2025 21:30;50,5992
09.06.2025 21:45;52,8496
09.06.2025 22:00;58,6148
09.06.2025 22:15;57,7448
09.06.2025 22:30;58,29
09.06.2025 22:45;58
09.06.2025 23:00;58,29
09.06.2025 23:15;51,62
09.06.2025 23:30;53,94
09.06.2025 23:45;54,81
10.06.2025 00:00;55,39
10.06.2025 00:15;55,68
10.06.2025 00:30;54,81
10.06.2025 00:45;55,68
10.06.2025 01:00;54,52
10.06.2025 01:15;52,78
10.06.2025 01:30;54,81
10.06.2025 01:45;54,23
10.06.2025 02:00;54,52
10.06.2025 02:15;54,81
10.06.2025 02:30;55,97
10.06.2025 02:45;56,0048
10.06.2025 03:00;55,7032
10.06.2025 03:15;54,2648
10.06.2025 03:30;56,8748
10.06.2025 03:45;56,2832
10.06.2025 04:00;55,7148
10.06.2025 04:15;55,7148
10.06.2025 04:30;55,7032
10.06.2025 04:45;57,1648
10.06.2025 05:00;62,3848
10.06.2025 05:15;70,2032
10.06.2025 05:30;82,1106
10.06.2025 05:45;104,6958
10.06.2025 06:00;119,393
10.06.2025 06:15;139,722
10.06.2025 06:30;187,5314
10.06.2025 06:45;201,1556
10.06.2025 07:00;198,5398
10.06.2025 07:15;171,7728
10.06.2025 07:30;186,876
10.06.2025 07:45;216,0326
10.06.2025 08:00;214,7334
10.06.2025 08:15;209,032
10.06.2025 08:30;186,441
10.06.2025 08:45;148,0682
10.06.2025 09:00;173,6868
10.06.2025 09:15;190,5764
10.06.2025 09:30;191,197
10.06.2025 09:45;209,3684
10.06.2025 10:00;200,593
10.06.2025 10:15;201,0628
10.06.2025 10:30;207,4254
10.06.2025 10:45;187,9838
10.06.2025 11:00;219,1472
10.06.2025 11:15;198,3716
10.06.2025 11:30;192,0264
10.06.2025 11:45;202,6694
10.06.2025 12:00;181,4878
10.06.2025 12:15;155,8054
10.06.2025 12:30;182,3172
10.06.2025 12:45;202,13
10.06.2025 13:00;200,5988
10.06.2025 13:15;198,0584
10.06.2025 13:30;184,614
10.06.2025 13:45;199,8332
10.06.2025 14:00;203,2146
10.06.2025 14:15;159,3376
10.06.2025 14:30;137,054
10.06.2025 14:45;128,8006
10.06.2025 15:00;134,3048
10.06.2025 15:15;122,815
10.06.2025 15:30;97,4284
10.06.2025 15:45;100,3284
10.06.2025 16:00;92,0402
10.06.2025 16:15;86,3504
10.06.2025 16:30;86,1184
10.06.2025 16:45;86,0894
10.06.2025 17:00;84,1638
10.06.2025 17:15;81,49
10.06.2025 17:30;83,0154
10.06.2025 17:45;77,2734
10.06.2025 18:00;76,1656
10.06.2025 18:15;76,7862
10.06.2025 18:30;75,3188
10.06.2025 18:45;76,6934
10.06.2025 19:00;76,7746
10.06.2025 19:15;76,966
10.06.2025 19:30;75,313
10.06.2025 19:45;76,5136
10.06.2025 20:00;91,3616
10.06.2025 20:15;80,0632
10.06.2025 20:30;76,5774
10.06.2025 20:45;78,2246
10.06.2025 21:00;81,4494
10.06.2025 21:15;61,7468
10.06.2025 21:30;55,419
10.06.2025 21:45;56,3296
10.06.2025 22:00;60,2388
10.06.2025 22:15;60,9232
10.06.2025 22:30;60,32
10.06.2025 22:45;56,26
10.06.2025 23:00;57,42
10.06.2025 23:15;53,07
10.06.2025 23:30;53,94
10.06.2025 23:45;54,81
11.06.2025 00:00;55,39
11.06.2025 00:15;55,1
11.06.2025 00:30;53,07
11.06.2025 00:45;53,94
11.06.2025 01:00;54,81
11.06.2025 01:15;54,52
11.06.2025 01:30;55,1
11.06.2025 01:45;55,1
11.06.2025 02:00;54,81
11.06.2025 02:15;54,81
11.06.2025 02:30;54,52
11.06.2025 02:45;54,5432
11.06.2025 03:00;55,1348
11.06.2025 03:15;54,5432
11.06.2025 03:30;55,1348
11.06.2025 03:45;54,8448
11.06.2025 04:00;56,5732
11.06.2025 04:15;54,8448
11.06.2025 04:30;55,4132
11.06.2025 04:45;53,6848
11.06.2025 05:00;58,8932
11.06.2025 05:15;70,2148
11.06.2025 05:30;90,7062
11.06.2025 05:45;107,6596
11.06.2025 06:00;117,305
11.06.2025 06:15;146,0208
11.06.2025 06:30;178,5298
11.06.2025 06:45;179,8406
11.06.2025 07:00;172,2716
11.06.2025 07:15;142,2102
11.06.2025 07:30;153,5782
11.06.2025 07:45;166,4658
11.06.2025 08:00;189,6078
11.06.2025 08:15;185,5884
11.06.2025 08:30;161,6228
11.06.2025 08:45;137,5354
11.06.2025 09:00;158,4444
11.06.2025 09:15;180,3858
11.06.2025 09:30;183,8426
11.06.2025 09:45;177,77
11.06.2025 10:00;183,7092
11.06.2025 10:15;174,4814
11.06.2025 10:30;171,7554
11.06.2025 10:45;156,6
11.06.2025 11:00;155,4806
11.06.2025 11:15;173,275
11.06.2025 11:30;180,5656
11.06.2025 11:45;181,9576
11.06.2025 12:00;168,2116
11.06.2025 12:15;138,8984
11.06.2025 12:30;163,0612
11.06.2025 12:45;188,0882
11.06.2025 13:00;179,307
11.06.2025 13:15;169,4702
11.06.2025 13:30;161,7272
11.06.2025 13:45;163,9022
11.06.2025 14:00;161,0718
11.06.2025 14:15;139,4784
11.06.2025 14:30;119,2712
11.06.2025 14:45;124,9668
11.06.2025 15:00;119,4858
11.06.2025 15:15;110,5944
11.06.2025 15:30;103,3096
11.06.2025 15:45;93,583
11.06.2025 16:00;97,5618
11.06.2025 16:15;89,5404
11.06.2025 16:30;87,5162
11.06.2025 16:45;85,6602
11.06.2025 17:00;76,5368
11.06.2025 17:15;69,1244
11.06.2025 17:30;69,3448
11.06.2025 17:45;65,598
11.06.2025 18:00;58,3944
11.06.2025 18:15;58,2552
11.06.2025 18:30;54,3344
11.06.2025 18:45;56,724
11.06.2025 19:00;56,405
11.06.2025 19:15;57,13
11.06.2025 19:30;57,217
11.06.2025 19:45;54,4504
11.06.2025 20:00;61,1784
11.06.2025 20:15;59,2992
11.06.2025 20:30;57,2808
11.06.2025 20:45;58,1624
11.06.2025 21:00;59,305
11.06.2025 21:15;57,4084
11.06.2025 21:30;60,9174
11.06.2025 21:45;57,3736
11.06.2025 22:00;60,6042
11.06.2025 22:15;60,6448
11.06.2025 22:30;61,19
11.06.2025 22:45;58,58
11.06.2025 23:00;60,32
11.06.2025 23:15;55,68
11.06.2025 23:30;56,55
11.06.2025 23:45;57,13
12.06.2025 00:00;56,26
12.06.2025 00:15;56,26
12.06.2025 00:30;57,42
12.06.2025 00:45;57,13
12.06.2025 01:00;57,42
12.06.2025 01:15;56,55
12.06.2025 01:30;56,84
12.06.2025 01:45;54,23
12.06.2025 02:00;56,84
12.06.2025 02:15;56,55
12.06.2025 02:30;57,71
12.06.2025 02:45;58,609
12.06.2025 03:00;58,3132
12.06.2025 03:15;57,4548
12.06.2025 03:30;58,3132
12.06.2025 03:45;55,1116
12.06.2025 04:00;56,8574
12.06.2025 04:15;57,13
12.06.2025 04:30;56,5848
12.06.2025 04:45;57,4432
12.06.2025 05:00;57,4548
12.06.2025 05:15;69,3332
12.06.2025 05:30;84,2218
12.06.2025 05:45;103,327
12.06.2025 06:00;119,7294
12.06.2025 06:15;147,465
12.06.2025 06:30;179,4752
12.06.2025 06:45;195,8312
12.06.2025 07:00;184,4458
12.06.2025 07:15;162,3478
12.06.2025 07:30;181,2326
12.06.2025 07:45;181,627
12.06.2025 08:00;190,9592
12.06.2025 08:15;190,4894
12.06.2025 08:30;173,1242
12.06.2025 08:45;146,9256
12.06.2025 09:00;169,5282
12.06.2025 09:15;200,2682
12.06.2025 09:30;183,1118
12.06.2025 09:45;184,2022
12.06.2025 10:00;174,9106
12.06.2025 10:15;181,6154
12.06.2025 10:30;177,9846
12.06.2025 10:45;190,3096
12.06.2025 11:00;200,0478
12.06.2025 11:15;193,7664
12.06.2025 11:30;207,988
12.06.2025 11:45;182,1374
12.06.2025 12:00;167,7476
12.06.2025 12:15;135,8592
12.06.2025 12:30;158,0326
12.06.2025 12:45;194,0042
12.06.2025 13:00;181,2674
12.06.2025 13:15;164,0704
12.06.2025 13:30;179,4172
12.06.2025 13:45;174,783
12.06.2025 14:00;167,4982
12.06.2025 14:15;140,8646
12.06.2025 14:30;120,9416
12.06.2025 14:45;119,625
12.06.2025 15:00;113,6452
12.06.2025 15:15;104,5972
12.06.2025 15:30;98,513
12.06.2025 15:45;80,2662
12.06.2025 16:00;64,873
12.06.2025 16:15;62,7676
12.06.2025 16:30;65,308
12.06.2025 16:45;65,308
12.06.2025 17:00;59,6356
12.06.2025 17:15;57,9014
12.06.2025 17:30;58,2262
12.06.2025 17:45;58,9048
12.06.2025 18:00;57,826
12.06.2025 18:15;60,2794
12.06.2025 18:30;59,9546
12.06.2025 18:45;57,3794
12.06.2025 19:00;55,9236
12.06.2025 19:15;56,9792
12.06.2025 19:30;68,1558
12.06.2025 19:45;68,5038
12.06.2025 20:00;56,7182
12.06.2025 20:15;56,9502
12.06.2025 20:30;62,3442
12.06.2025 20:45;61,5902
12.06.2025 21:00;63,6492
12.06.2025 21:15;62,524
12.06.2025 21:30;58,4118
12.06.2025 21:45;59,537
12.06.2025 22:00;64,8904
12.06.2025 22:15;61,5148
12.06.2025 22:30;62,93
12.06.2025 22:45;60,9
12.06.2025 23:00;62,64
12.06.2025 23:15;56,26
12.06.2025 23:30;57,71
12.06.2025 23:45;57,42
13.06.2025 00:00;55,1
13.06.2025 00:15;57,71
13.06.2025 00:30;57,42
13.06.2025 00:45;57,71
13.06.2025 01:00;57,71
13.06.2025 01:15;58
13.06.2025 01:30;55,1
13.06.2025 01:45;57,71
13.06.2025 02:00;57,71
13.06.2025 02:15;58,29
13.06.2025 02:30;58,58
13.06.2025 02:45;59,1948
13.06.2025 03:00;57,1648
13.06.2025 03:15;59,4848
13.06.2025 03:30;60,0764
13.06.2025 03:45;59,7748
13.06.2025 04:00;60,3548
13.06.2025 04:15;59,7748
13.06.2025 04:30;58,6148
13.06.2025 04:45;58,3248
13.06.2025 05:00;57,4664
13.06.2025 05:15;59,1948
13.06.2025 05:30;77,1516
13.06.2025 05:45;108,5064
13.06.2025 06:00;117,0498
13.06.2025 06:15;137,9704
13.06.2025 06:30;168,1188
13.06.2025 06:45;176,378
13.06.2025 07:00;176,958
13.06.2025 07:15;163,7108
13.06.2025 07:30;170,8796
13.06.2025 07:45;191,5798
13.06.2025 08:00;186,731
13.06.2025 08:15;197,0492
13.06.2025 08:30;177,0508
13.06.2025 08:45;138,4576
13.06.2025 09:00;162,2318
13.06.2025 09:15;182,1316
13.06.2025 09:30;176,4882
13.06.2025 09:45;183,1176
13.06.2025 10:00;171,9062
13.06.2025 10:15;158,456
13.06.2025 10:30;165,1028
13.06.2025 10:45;176,0996
13.06.2025 11:00;178,6284
13.06.2025 11:15;164,9462
13.06.2025 11:30;165,7582
13.06.2025 11:45;153,9842
13.06.2025 12:00;150,5854
13.06.2025 12:15;127,542
13.06.2025 12:30;92,8174
13.06.2025 12:45;88,247
13.06.2025 13:00;85,463
13.06.2025 13:15;87,0406
13.06.2025 13:30;83,839
13.06.2025 13:45;66,613
13.06.2025 14:00;73,6368
13.06.2025 14:15;64,786
13.06.2025 14:30;62,9242
13.06.2025 14:45;62,4022
13.06.2025 15:00;61,9788
13.06.2025 15:15;70,8122
13.06.2025 15:30;64,2988
13.06.2025 15:45;65,8996
13.06.2025 16:00;57,507
13.06.2025 16:15;60,6042
13.06.2025 16:30;56,0454
13.06.2025 16:45;56,5268
13.06.2025 17:00;58,0232
13.06.2025 17:15;56,3238
13.06.2025 17:30;57,1822
13.06.2025 17:45;54,433
13.06.2025 18:00;54,8796
13.06.2025 18:15;56,2136
13.06.2025 18:30;56,0338
13.06.2025 18:45;54,9028
13.06.2025 19:00;52,5944
13.06.2025 19:15;51,2604
13.06.2025 19:30;52,1304
13.06.2025 19:45;54,5838
13.06.2025 20:00;55,0826
13.06.2025 20:15;56,3528
13.06.2025 20:30;55,8772
13.06.2025 20:45;55,6104
13.06.2025 21:00;54,346
13.06.2025 21:15;55,9758
13.06.2025 21:30;55,3784
13.06.2025 21:45;55,419
13.06.2025 22:00;59,1832
13.06.2025 22:15;60,9348
13.06.2025 22:30;60,61
13.06.2025 22:45;60,9
13.06.2025 23:00;60,32
13.06.2025 23:15;56,55
13.06.2025 23:30;57,71
13.06.2025 23:45;58,29
14.06.2025 00:00;56,84
14.06.2025 00:15;56,84
14.06.2025 00:30;58
14.06.2025 00:45;57,71
14.06.2025 01:00;59,45
14.06.2025 01:15;57,71
14.06.2025 01:30;58
14.06.2025 01:45;58
14.06.2025 02:00;58,29
14.06.2025 02:15;57,42
14.06.2025 02:30;58
14.06.2025 02:45;57,7448
14.06.2025 03:00;58,3248
14.06.2025 03:15;58,0348
14.06.2025 03:30;57,7448
14.06.2025 03:45;56,8864
14.06.2025 04:00;56,5848
14.06.2025 04:15;58,0348
14.06.2025 04:30;57,7448
14.06.2025 04:45;57,7448
14.06.2025 05:00;55,1464
14.06.2025 05:15;57,6578
14.06.2025 05:30;62,0252
14.06.2025 05:45;73,0394
14.06.2025 06:00;79,4948
14.06.2025 06:15;80,4924
14.06.2025 06:30;82,4702
14.06.2025 06:45;84,2392
14.06.2025 07:00;93,7338
14.06.2025 07:15;87,783
14.06.2025 07:30;91,234
14.06.2025 07:45;90,161
14.06.2025 08:00;91,7502
14.06.2025 08:15;89,8072
14.06.2025 08:30;81,5944
14.06.2025 08:45;78,5842
14.06.2025 09:00;79,0366
14.06.2025 09:15;84,4248
14.06.2025 09:30;99,0234
14.06.2025 09:45;89,9754
14.06.2025 10:00;80,8926
14.06.2025 10:15;86,5998
14.06.2025 10:30;95,9378
14.06.2025 10:45;86,6346
14.06.2025 11:00;76,2468
14.06.2025 11:15;54,6824
14.06.2025 11:30;55,2624
14.06.2025 11:45;53,795
14.06.2025 12:00;53,8124
14.06.2025 12:15;54,8158
14.06.2025 12:30;54,5548
14.06.2025 12:45;54,8158
14.06.2025 13:00;54,4736
14.06.2025 13:15;54,6186
14.06.2025 13:30;54,3808
14.06.2025 13:45;54,7462
14.06.2025 14:00;53,7718
14.06.2025 14:15;55,3204
14.06.2025 14:30;53,9632
14.06.2025 14:45;54,2822
14.06.2025 15:00;54,5954
14.06.2025 15:15;54,5432
14.06.2025 15:30;54,839
14.06.2025 15:45;54,9666
14.06.2025 16:00;55,1348
14.06.2025 16:15;55,332
14.06.2025 16:30;55,8656
14.06.2025 16:45;54,752
14.06.2025 17:00;54,4272
14.06.2025 17:15;55,1986
14.06.2025 17:30;56,318
14.06.2025 17:45;56,0744
14.06.2025 18:00;56,6486
14.06.2025 18:15;56,521
14.06.2025 18:30;57,1126
14.06.2025 18:45;56,6428
14.06.2025 19:00;56,6486
14.06.2025 19:15;55,9468
14.06.2025 19:30;54,6012
14.06.2025 19:45;56,0396
14.06.2025 20:00;55,6104
14.06.2025 20:15;56,4688
14.06.2025 20:30;55,5698
14.06.2025 20:45;57,101
14.06.2025 21:00;56,1962
14.06.2025 21:15;56,8284
14.06.2025 21:30;58,8004
14.06.2025 21:45;56,2948
14.06.2025 22:00;60,6506
14.06.2025 22:15;60,9348
14.06.2025 22:30;61,19
14.06.2025 22:45;60,9
14.06.2025 23:00;62,06
14.06.2025 23:15;57,13
14.06.2025 23:30;58,58
14.06.2025 23:45;58,87
15.06.2025 00:00;60,03
15.06.2025 00:15;58,87
15.06.2025 00:30;58,87
15.06.2025 00:45;58,87
15.06.2025 01:00;59,16
15.06.2025 01:15;58,29
15.06.2025 01:30;58,87
15.06.2025 01:45;58,29
15.06.2025 02:00;58
15.06.2025 02:15;58,87
15.06.2025 02:30;59,74
15.06.2025 02:45;60,3548
15.06.2025 03:00;60,3548
15.06.2025 03:15;60,0648
15.06.2025 03:30;59,7748
15.06.2025 03:45;60,3548
15.06.2025 04:00;60,0764
15.06.2025 04:15;60,0648
15.06.2025 04:30;59,7748
15.06.2025 04:45;59,7748
15.06.2025 05:00;58,3248
15.06.2025 05:15;58,5568
15.06.2025 05:30;56,0744
15.06.2025 05:45;56,8226
15.06.2025 06:00;57,6984
15.06.2025 06:15;58,0696
15.06.2025 06:30;59,653
15.06.2025 06:45;57,826
15.06.2025 07:00;55,129
15.06.2025 07:15;57,275
15.06.2025 07:30;57,1648
15.06.2025 07:45;56,8168
15.06.2025 08:00;55,3436
15.06.2025 08:15;55,709
15.06.2025 08:30;56,2136
15.06.2025 08:45;55,2044
15.06.2025 09:00;54,2358
15.06.2025 09:15;53,4934
15.06.2025 09:30;55,2508
15.06.2025 09:45;54,5026
15.06.2025 10:00;54,5722
15.06.2025 10:15;53,3426
15.06.2025 10:30;55,4596
15.06.2025 10:45;54,8738
15.06.2025 11:00;54,8448
15.06.2025 11:15;51,9622
15.06.2025 11:30;54,5838
15.06.2025 11:45;53,7138
15.06.2025 12:00;53,8878
15.06.2025 12:15;51,2894
15.06.2025 12:30;53,7718
15.06.2025 12:45;53,9748
15.06.2025 13:00;54,0966
15.06.2025 13:15;52,055
15.06.2025 13:30;54,7984
15.06.2025 13:45;54,694
15.06.2025 14:00;54,52
15.06.2025 14:15;52,4784
15.06.2025 14:30;53,476
15.06.2025 14:45;54,6302
15.06.2025 15:00;54,8448
15.06.2025 15:15;53,4122
15.06.2025 15:30;53,6268
15.06.2025 15:45;54,0386
15.06.2025 16:00;54,4504
15.06.2025 16:15;54,5664
15.06.2025 16:30;53,157
15.06.2025 16:45;54,8216
15.06.2025 17:00;54,4562
15.06.2025 17:15;55,4248
15.06.2025 17:30;53,1338
15.06.2025 17:45;54,6128
15.06.2025 18:00;54,1836
15.06.2025 18:15;56,521
15.06.2025 18:30;51,9738
15.06.2025 18:45;55,1348
15.06.2025 19:00;54,4272
15.06.2025 19:15;54,7694
15.06.2025 19:30;53,012
15.06.2025 19:45;55,2044
15.06.2025 20:00;54,6708
15.06.2025 20:15;55,303
15.06.2025 20:30;52,3276
15.06.2025 20:45;55,1928
15.06.2025 21:00;55,6278
15.06.2025 21:15;55,274
15.06.2025 21:30;54,259
15.06.2025 21:45;54,781
15.06.2025 22:00;59,2238
15.06.2025 22:15;60,9348
15.06.2025 22:30;60,9
15.06.2025 22:45;58,87
15.06.2025 23:00;61,77
15.06.2025 23:15;58,29
15.06.2025 23:30;58,29
15.06.2025 23:45;58,29
16.06.2025 00:00;58,58
16.06.2025 00:15;59,16
16.06.2025 00:30;58,87
16.06.2025 00:45;58,87
16.06.2025 01:00;56,26
16.06.2025 01:15;58,29
16.06.2025 01:30;58,58
16.06.2025 01:45;58,58
16.06.2025 02:00;56,26
16.06.2025 02:15;58,87
16.06.2025 02:30;59,16
16.06.2025 02:45;59,4848
16.06.2025 03:00;56,8748
16.06.2025 03:15;58,9048
16.06.2025 03:30;59,1948
16.06.2025 03:45;58,6032
16.06.2025 04:00;56,5848
16.06.2025 04:15;58,9048
16.06.2025 04:30;59,1948
16.06.2025 04:45;58,6148
16.06.2025 05:00;57,4548
16.06.2025 05:15;70,5048
16.06.2025 05:30;83,1894
16.06.2025 05:45;105,1076
16.06.2025 06:00;110,9772
16.06.2025 06:15;140,5166
16.06.2025 06:30;145,9338
16.06.2025 06:45;162,4174
16.06.2025 07:00;158,4502
16.06.2025 07:15;150,858
16.06.2025 07:30;162,4232
16.06.2025 07:45;174,4466
16.06.2025 08:00;172,5558
16.06.2025 08:15;180,641
16.06.2025 08:30;156,8552
16.06.2025 08:45;135,575
16.06.2025 09:00;150,7362
16.06.2025 09:15;170,7694
16.06.2025 09:30;165,6538
16.06.2025 09:45;164,5808
16.06.2025 10:00;177,2364
16.06.2025 10:15;172,6254
16.06.2025 10:30;168,5364
16.06.2025 10:45;170,8332
16.06.2025 11:00;172,1324
16.06.2025 11:15;188,8886
16.06.2025 11:30;172,8516
16.06.2025 11:45;180,2118
16.06.2025 12:00;167,9448
16.06.2025 12:15;139,1884
16.06.2025 12:30;154,483
16.06.2025 12:45;188,6566
16.06.2025 13:00;172,753
16.06.2025 13:15;187,4676
16.06.2025 13:30;187,4966
16.06.2025 13:45;174,9396
16.06.2025 14:00;168,983
16.06.2025 14:15;151,67
16.06.2025 14:30;116,7598
16.06.2025 14:45;121,6376
16.06.2025 15:00;119,2306
16.06.2025 15:15;104,0752
16.06.2025 15:30;89,9986
16.06.2025 15:45;90,0682
16.06.2025 16:00;95,5086
16.06.2025 16:15;95,6594
16.06.2025 16:30;70,4178
16.06.2025 16:45;62,9996
16.06.2025 17:00;58,1044
16.06.2025 17:15;58,6438
16.06.2025 17:30;57,9942
16.06.2025 17:45;59,5196
16.06.2025 18:00;56,1556
16.06.2025 18:15;57,9246
16.06.2025 18:30;55,8656
16.06.2025 18:45;55,5176
16.06.2025 19:00;55,8772
16.06.2025 19:15;59,711
16.06.2025 19:30;64,1712
16.06.2025 19:45;58,2436
16.06.2025 20:00;56,5906
16.06.2025 20:15;63,0228
16.06.2025 20:30;56,9212
16.06.2025 20:45;57,7854
16.06.2025 21:00;60,2678
16.06.2025 21:15;57,2576
16.06.2025 21:30;55,2566
16.06.2025 21:45;54,8332
16.06.2025 22:00;59,0382
16.06.2025 22:15;58,6148
16.06.2025 22:30;58,58
16.06.2025 22:45;58,58
16.06.2025 23:00;56,26
16.06.2025 23:15;53,65
16.06.2025 23:30;54,81
16.06.2025 23:45;55,68
17.06.2025 00:00;54,23
17.06.2025 00:15;55,1
17.06.2025 00:30;55,97
17.06.2025 00:45;56,55
17.06.2025 01:00;55,97
17.06.2025 01:15;53,36
17.06.2025 01:30;55,39
17.06.2025 01:45;55,39
17.06.2025 02:00;55,97
17.06.2025 02:15;55,97
17.06.2025 02:30;54,23
17.06.2025 02:45;57,4548
17.06.2025 03:00;57,4548
17.06.2025 03:15;57,1648
17.06.2025 03:30;56,8748
17.06.2025 03:45;55,7148
17.06.2025 04:00;59,1948
17.06.2025 04:15;57,4548
17.06.2025 04:30;57,1648
17.06.2025 04:45;56,5848
17.06.2025 05:00;55,7148
17.06.2025 05:15;68,1906
17.06.2025 05:30;86,2866
17.06.2025 05:45;103,1704
17.06.2025 06:00;117,4268
17.06.2025 06:15;138,069
17.06.2025 06:30;161,2284
17.06.2025 06:45;171,0652
17.06.2025 07:00;161,124
17.06.2025 07:15;145,5394
17.06.2025 07:30;188,848
17.06.2025 07:45;181,5574
17.06.2025 08:00;185,6522
17.06.2025 08:15;206,2596
17.06.2025 08:30;170,9492
17.06.2025 08:45;143,5442
17.06.2025 09:00;160,66
17.06.2025 09:15;182,7812
17.06.2025 09:30;179,3824
17.06.2025 09:45;171,1754
17.06.2025 10:00;179,9392
17.06.2025 10:15;175,595
17.06.2025 10:30;183,4134
17.06.2025 10:45;168,1246
17.06.2025 11:00;156,8958
17.06.2025 11:15;170,8796
17.06.2025 11:30;173,623
17.06.2025 11:45;169,679
17.06.2025 12:00;162,8582
17.06.2025 12:15;137,9066
17.06.2025 12:30;153,1896
17.06.2025 12:45;175,3746
17.06.2025 13:00;180,2408
17.06.2025 13:15;183,0538
17.06.2025 13:30;173,0256
17.06.2025 13:45;174,8004
17.06.2025 14:00;168,3914
17.06.2025 14:15;150,9218
17.06.2025 14:30;123,8474
17.06.2025 14:45;111,4992
17.06.2025 15:00;120,5588
17.06.2025 15:15;116,0696
17.06.2025 15:30;102,8108
17.06.2025 15:45;98,7856
17.06.2025 16:00;97,788
17.06.2025 16:15;67,5062
17.06.2025 16:30;65,5748
17.06.2025 16:45;68,2138
17.06.2025 17:00;61,7526
17.06.2025 17:15;58,8062
17.06.2025 17:30;57,4722
17.06.2025 17:45;58,0522
17.06.2025 18:00;58,9048
17.06.2025 18:15;59,4674
17.06.2025 18:30;57,072
17.06.2025 18:45;56,8226
17.06.2025 19:00;57,5824
17.06.2025 19:15;56,231
17.06.2025 19:30;66,903
17.06.2025 19:45;57,6926
17.06.2025 20:00;59,3746
17.06.2025 20:15;56,7588
17.06.2025 20:30;59,5022
17.06.2025 20:45;63,4926
17.06.2025 21:00;57,159
17.06.2025 21:15;56,1614
17.06.2025 21:30;54,7694
17.06.2025 21:45;56,2426
17.06.2025 22:00;59,6182
17.06.2025 22:15;58,8526
17.06.2025 22:30;59,16
17.06.2025 22:45;59,74
17.06.2025 23:00;58,29
17.06.2025 23:15;52,2
17.06.2025 23:30;55,1
17.06.2025 23:45;56,55
18.06.2025 00:00;55,97
18.06.2025 00:15;55,68
18.06.2025 00:30;57,71
18.06.2025 00:45;55,97
18.06.2025 01:00;53,36
18.06.2025 01:15;55,68
18.06.2025 01:30;55,97
18.06.2025 01:45;55,97
18.06.2025 02:00;56,84
18.06.2025 02:15;56,84
18.06.2025 02:30;55,1
18.06.2025 02:45;57,7448
18.06.2025 03:00;58,3248
18.06.2025 03:15;57,4548
18.06.2025 03:30;57,7448
18.06.2025 03:45;57,4548
18.06.2025 04:00;55,4248
18.06.2025 04:15;57,7564
18.06.2025 04:30;58,0348
18.06.2025 04:45;58,0348
18.06.2025 05:00;58,3248
18.06.2025 05:15;69,3448
18.06.2025 05:30;84,9352
18.06.2025 05:45;104,1854
18.06.2025 06:00;119,0972
18.06.2025 06:15;161,5938
18.06.2025 06:30;175,624
18.06.2025 06:45;185,9364
18.06.2025 07:00;194,8974
18.06.2025 07:15;181,8474
18.06.2025 07:30;182,8624
18.06.2025 07:45;195,634
18.06.2025 08:00;205,1924
18.06.2025 08:15;224,083
18.06.2025 08:30;213,6836
18.06.2025 08:45;181,3196
18.06.2025 09:00;213,208
18.06.2025 09:15;252,5262
18.06.2025 09:30;246,1114
18.06.2025 09:45;244,2032
18.06.2025 10:00;237,6492
18.06.2025 10:15;212,2916
18.06.2025 10:30;202,0952
18.06.2025 10:45;199,7172
18.06.2025 11:00;198,3832
18.06.2025 11:15;203,5104
18.06.2025 11:30;195,257
18.06.2025 11:45;190,9012
18.06.2025 12:00;179,481
18.06.2025 12:15;150,4056
18.06.2025 12:30;161,414
18.06.2025 12:45;178,5298
18.06.2025 13:00;174,7308
18.06.2025 13:15;196,2546
18.06.2025 13:30;177,741
18.06.2025 13:45;177,5554
18.06.2025 14:00;166,7964
18.06.2025 14:15;145,6264
18.06.2025 14:30;123,076
18.06.2025 14:45;117,2876
18.06.2025 15:00;117,189
18.06.2025 15:15;104,8698
18.06.2025 15:30;93,7628
18.06.2025 15:45;94,4472
18.06.2025 16:00;87,3538
18.06.2025 16:15;79,4252
18.06.2025 16:30;83,8158
18.06.2025 16:45;78,8858
18.06.2025 17:00;74,1414
18.06.2025 17:15;74,3966
18.06.2025 17:30;80,2488
18.06.2025 17:45;77,8534
18.06.2025 18:00;79,2744
18.06.2025 18:15;82,0062
18.06.2025 18:30;75,3072
18.06.2025 18:45;69,2056
18.06.2025 19:00;72,7436
18.06.2025 19:15;68,7184
18.06.2025 19:30;67,4076
18.06.2025 19:45;66,9436
18.06.2025 20:00;66,1432
18.06.2025 20:15;65,9228
18.06.2025 20:30;75,69
18.06.2025 20:45;67,8716
18.06.2025 21:00;68,4168
18.06.2025 21:15;69,9828
18.06.2025 21:30;69,9074
18.06.2025 21:45;67,9818
18.06.2025 22:00;70,6962
18.06.2025 22:15;65,8648
18.06.2025 22:30;59,74
18.06.2025 22:45;60,32
18.06.2025 23:00;60,32
18.06.2025 23:15;55,97
18.06.2025 23:30;56,26
18.06.2025 23:45;57,42
19.06.2025 00:00;55,1
19.06.2025 00:15;57,13
19.06.2025 00:30;57,13
19.06.2025 00:45;57,13
19.06.2025 01:00;57,42
19.06.2025 01:15;57,42
19.06.2025 01:30;57,42
19.06.2025 01:45;55,39
19.06.2025 02:00;57,71
19.06.2025 02:15;57,71
19.06.2025 02:30;58,58
19.06.2025 02:45;59,4848
19.06.2025 03:00;59,1948
19.06.2025 03:15;57,1648
19.06.2025 03:30;60,0764
19.06.2025 03:45;59,1948
19.06.2025 04:00;58,9048
19.06.2025 04:15;58,9048
19.06.2025 04:30;58,6148
19.06.2025 04:45;58,3248
19.06.2025 05:00;59,7748
19.06.2025 05:15;71,6706
19.06.2025 05:30;88,6936
19.06.2025 05:45;105,6818
19.06.2025 06:00;120,205
19.06.2025 06:15;152,5052
19.06.2025 06:30;177,2074
19.06.2025 06:45;190,675
19.06.2025 07:00;176,8768
19.06.2025 07:15;155,0572
19.06.2025 07:30;170,8158
19.06.2025 07:45;188,5754
19.06.2025 08:00;208,4636
19.06.2025 08:15;194,503
19.06.2025 08:30;167,968
19.06.2025 08:45;143,086
19.06.2025 09:00;171,071
19.06.2025 09:15;198,7428
19.06.2025 09:30;200,709
19.06.2025 09:45;199,8912
19.06.2025 10:00;189,1728
19.06.2025 10:15;193,2734
19.06.2025 10:30;176,9464
19.06.2025 10:45;159,1346
19.06.2025 11:00;180,6004
19.06.2025 11:15;183,7904
19.06.2025 11:30;186,8702
19.06.2025 11:45;176,8304
19.06.2025 12:00;182,7754
19.06.2025 12:15;150,0808
19.06.2025 12:30;175,3688
19.06.2025 12:45;182,3694
19.06.2025 13:00;189,805
19.06.2025 13:15;195,1584
19.06.2025 13:30;190,9186
19.06.2025 13:45;194,7234
19.06.2025 14:00;183,9992
19.06.2025 14:15;147,8594
19.06.2025 14:30;115,5418
19.06.2025 14:45;111,795
19.06.2025 15:00;111,592
19.06.2025 15:15;101,1694
19.06.2025 15:30;90,1494
19.06.2025 15:45;92,0518
19.06.2025 16:00;88,1194
19.06.2025 16:15;91,7096
19.06.2025 16:30;72,645
19.06.2025 16:45;66,5666
19.06.2025 17:00;62,5936
19.06.2025 17:15;66,7754
19.06.2025 17:30;73,6136
19.06.2025 17:45;62,06
19.06.2025 18:00;58,812
19.06.2025 18:15;56,5732
19.06.2025 18:30;56,0338
19.06.2025 18:45;57,0082
19.06.2025 19:00;56,0976
19.06.2025 19:15;55,332
19.06.2025 19:30;55,535
19.06.2025 19:45;56,8632
19.06.2025 20:00;66,468
19.06.2025 20:15;61,1552
19.06.2025 20:30;57,1648
19.06.2025 20:45;56,2194
19.06.2025 21:00;57,9362
19.06.2025 21:15;55,8308
19.06.2025 21:30;56,4166
19.06.2025 21:45;56,173
19.06.2025 22:00;57,4954
19.06.2025 22:15;58,0348
19.06.2025 22:30;58,29
19.06.2025 22:45;58,29
19.06.2025 23:00;58,29
19.06.2025 23:15;53,65
19.06.2025 23:30;54,81
19.06.2025 23:45;55,68
20.06.2025 00:00;54,52
20.06.2025 00:15;55,68
20.06.2025 00:30;55,97
20.06.2025 00:45;57,42
20.06.2025 01:00;56,55
20.06.2025 01:15;56,26
20.06.2025 01:30;56,26
20.06.2025 01:45;53,94
20.06.2025 02:00;55,97
20.06.2025 02:15;55,97
20.06.2025 02:30;57,13
20.06.2025 02:45;57,1648
20.06.2025 03:00;57,7448
20.06.2025 03:15;57,4548
20.06.2025 03:30;55,1348
20.06.2025 03:45;56,5964
20.06.2025 04:00;56,5848
20.06.2025 04:15;57,1648
20.06.2025 04:30;56,5848
20.06.2025 04:45;56,8748
20.06.2025 05:00;57,7448
20.06.2025 05:15;69,6348
20.06.2025 05:30;80,794
20.06.2025 05:45;104,6262
20.06.2025 06:00;118,2504
20.06.2025 06:15;145,6032
20.06.2025 06:30;182,497
20.06.2025 06:45;204,0498
20.06.2025 07:00;188,6218
20.06.2025 07:15;178,35
20.06.2025 07:30;198,9052
20.06.2025 07:45;221,1482
20.06.2025 08:00;202,7332
20.06.2025 08:15;199,2242
20.06.2025 08:30;188,732
20.06.2025 08:45;156,9596
20.06.2025 09:00;193,8302
20.06.2025 09:15;214,2462
20.06.2025 09:30;231,2402
20.06.2025 09:45;178,582
20.06.2025 10:00;216,5082
20.06.2025 10:15;191,5334
20.06.2025 10:30;161,7272
20.06.2025 10:45;171,564
20.06.2025 11:00;166,6804
20.06.2025 11:15;189,7702
20.06.2025 11:30;193,7722
20.06.2025 11:45;151,8092
20.06.2025 12:00;131,9268
20.06.2025 12:15;101,1346
20.06.2025 12:30;99,5976
20.06.2025 12:45;99,876
20.06.2025 13:00;94,2848
20.06.2025 13:15;89,7492
20.06.2025 13:30;68,3588
20.06.2025 13:45;72,3608
20.06.2025 14:00;69,6986
20.06.2025 14:15;70,2612
20.06.2025 14:30;68,9736
20.06.2025 14:45;69,0142
20.06.2025 15:00;65,9808
20.06.2025 15:15;66,8508
20.06.2025 15:30;65,2326
20.06.2025 15:45;59,0266
20.06.2025 16:00;53,3368
20.06.2025 16:15;58,6612
20.06.2025 16:30;55,7148
20.06.2025 16:45;56,9328
20.06.2025 17:00;56,202
20.06.2025 17:15;52,5074
20.06.2025 17:30;54,926
20.06.2025 17:45;52,2232
20.06.2025 18:00;51,7186
20.06.2025 18:15;51,3938
20.06.2025 18:30;50,315
20.06.2025 18:45;51,7824
20.06.2025 19:00;52,577
20.06.2025 19:15;52,4784
20.06.2025 19:30;51,562
20.06.2025 19:45;51,5388
20.06.2025 20:00;52,519
20.06.2025 20:15;52,4088
20.06.2025 20:30;53,3252
20.06.2025 20:45;51,3532
20.06.2025 21:00;52,026
20.06.2025 21:15;52,9656
20.06.2025 21:30;54,4156
20.06.2025 21:45;53,5862
20.06.2025 22:00;56,927
20.06.2025 22:15;56,0048
20.06.2025 22:30;58,87
20.06.2025 22:45;59,45
20.06.2025 23:00;59,45
20.06.2025 23:15;53,94
20.06.2025 23:30;54,81
20.06.2025 23:45;54,52
21.06.2025 00:00;55,97
21.06.2025 00:15;55,68
21.06.2025 00:30;55,97
21.06.2025 00:45;54,23
21.06.2025 01:00;55,1
21.06.2025 01:15;55,68
21.06.2025 01:30;55,68
21.06.2025 01:45;55,68
21.06.2025 02:00;53,07
21.06.2025 02:15;56,26
21.06.2025 02:30;57,71
21.06.2025 02:45;58,0348
21.06.2025 03:00;57,4548
21.06.2025 03:15;56,5964
21.06.2025 03:30;58,3248
21.06.2025 03:45;58,3248
21.06.2025 04:00;57,4548
21.06.2025 04:15;55,4364
21.06.2025 04:30;57,4548
21.06.2025 04:45;57,1648
21.06.2025 05:00;54,8448
21.06.2025 05:15;57,1822
21.06.2025 05:30;54,578
21.06.2025 05:45;75,6436
21.06.2025 06:00;77,4358
21.06.2025 06:15;84,1348
21.06.2025 06:30;108,7674
21.06.2025 06:45;95,6362
21.06.2025 07:00;93,4438
21.06.2025 07:15;87,087
21.06.2025 07:30;91,8256
21.06.2025 07:45;93,7976
21.06.2025 08:00;94,6966
21.06.2025 08:15;91,669
21.06.2025 08:30;90,7816
21.06.2025 08:45;84,9874
21.06.2025 09:00;90,1436
21.06.2025 09:15;104,0056
21.06.2025 09:30;97,8112
21.06.2025 09:45;87,406
21.06.2025 10:00;95,0156
21.06.2025 10:15;88,4848
21.06.2025 10:30;84,6626
21.06.2025 10:45;90,3002
21.06.2025 11:00;97,469
21.06.2025 11:15;77,7838
21.06.2025 11:30;63,046
21.06.2025 11:45;58,9048
21.06.2025 12:00;58,5742
21.06.2025 12:15;56,5442
21.06.2025 12:30;59,2296
21.06.2025 12:45;58,551
21.06.2025 13:00;58,754
21.06.2025 13:15;56,7704
21.06.2025 13:30;59,2238
21.06.2025 13:45;59,0034
21.06.2025 14:00;59,305
21.06.2025 14:15;58,3364
21.06.2025 14:30;56,7356
21.06.2025 14:45;59,305
21.06.2025 15:00;58,8932
21.06.2025 15:15;59,6588
21.06.2025 15:30;56,782
21.06.2025 15:45;59,5834
21.06.2025 16:00;59,3862
21.06.2025 16:15;59,4732
21.06.2025 16:30;60,2678
21.06.2025 16:45;57,0372
21.06.2025 17:00;58,7888
21.06.2025 17:15;58,725
21.06.2025 17:30;58,58
21.06.2025 17:45;58,2146
21.06.2025 18:00;58,261
21.06.2025 18:15;59,6588
21.06.2025 18:30;59,769
21.06.2025 18:45;59,7052
21.06.2025 19:00;57,2054
21.06.2025 19:15;60,1634
21.06.2025 19:30;59,3804
21.06.2025 19:45;60,1286
21.06.2025 20:00;58,9048
21.06.2025 20:15;59,218
21.06.2025 20:30;60,2272
21.06.2025 20:45;60,5926
21.06.2025 21:00;60,3896
21.06.2025 21:15;58,8816
21.06.2025 21:30;59,2064
21.06.2025 21:45;60,5926
21.06.2025 22:00;62,988
21.06.2025 22:15;65,5748
21.06.2025 22:30;64,67
21.06.2025 22:45;64,67
21.06.2025 23:00;66,41
21.06.2025 23:15;62,06
21.06.2025 23:30;62,06
21.06.2025 23:45;62,35
22.06.2025 00:00;61,48
22.06.2025 00:15;62,93
22.06.2025 00:30;62,93
22.06.2025 00:45;62,93
22.06.2025 01:00;62,93
22.06.2025 01:15;60,32
22.06.2025 01:30;62,35
22.06.2025 01:45;62,64
22.06.2025 02:00;62,64
22.06.2025 02:15;62,35
22.06.2025 02:30;62,06
22.06.2025 02:45;64,7048
22.06.2025 03:00;63,5448
22.06.2025 03:15;63,8464
22.06.2025 03:30;63,8348
22.06.2025 03:45;62,6748
22.06.2025 04:00;63,2548
22.06.2025 04:15;64,4148
22.06.2025 04:30;64,1364
22.06.2025 04:45;64,7048
22.06.2025 05:00;59,1948
22.06.2025 05:15;64,1248
22.06.2025 05:30;61,8976
22.06.2025 05:45;61,451
22.06.2025 06:00;60,5114
22.06.2025 06:15;59,276
22.06.2025 06:30;61,3756
22.06.2025 06:45;61,5148
22.06.2025 07:00;61,2248
22.06.2025 07:15;58,7772
22.06.2025 07:30;61,8396
22.06.2025 07:45;61,19
22.06.2025 08:00;60,4766
22.06.2025 08:15;58,6786
22.06.2025 08:30;58,986
22.06.2025 08:45;59,1658
22.06.2025 09:00;59,4152
22.06.2025 09:15;57,8492
22.06.2025 09:30;57,1068
22.06.2025 09:45;58,319
22.06.2025 10:00;59,044
22.06.2025 10:15;59,1948
22.06.2025 10:30;56,927
22.06.2025 10:45;58,0812
22.06.2025 11:00;58,696
22.06.2025 11:15;58,6902
22.06.2025 11:30;59,3224
22.06.2025 11:45;56,4456
22.06.2025 12:00;59,2644
22.06.2025 12:15;58,5162
22.06.2025 12:30;59,6182
22.06.2025 12:45;57,2286
22.06.2025 13:00;58,3422
22.06.2025 13:15;59,4152
22.06.2025 13:30;60,0358
22.06.2025 13:45;60,349
22.06.2025 14:00;57,3852
22.06.2025 14:15;58,8236
22.06.2025 14:30;60,2504
22.06.2025 14:45;58,9338
22.06.2025 15:00;61,5206
22.06.2025 15:15;57,6752
22.06.2025 15:30;59,6704
22.06.2025 15:45;60,3374
22.06.2025 16:00;61,4278
22.06.2025 16:15;59,0788
22.06.2025 16:30;60,03
22.06.2025 16:45;59,7864
22.06.2025 17:00;60,7376
22.06.2025 17:15;61,1262
22.06.2025 17:30;56,2716
22.06.2025 17:45;60,2736
22.06.2025 18:00;60,3606
22.06.2025 18:15;60,3722
22.06.2025 18:30;60,8014
22.06.2025 18:45;57,3446
22.06.2025 19:00;60,9
22.06.2025 19:15;59,8792
22.06.2025 19:30;59,131
22.06.2025 19:45;58,8468
22.06.2025 20:00;57,2344
22.06.2025 20:15;59,74
22.06.2025 20:30;59,5718
22.06.2025 20:45;59,8444
22.06.2025 21:00;59,6994
22.06.2025 21:15;58,3596
22.06.2025 21:30;60,1112
22.06.2025 21:45;60,0532
22.06.2025 22:00;62,8024
22.06.2025 22:15;63,8348
22.06.2025 22:30;64,38
22.06.2025 22:45;65,54
22.06.2025 23:00;65,54
22.06.2025 23:15;60,9
22.06.2025 23:30;60,61
22.06.2025 23:45;61,48
23.06.2025 00:00;62,64
23.06.2025 00:15;62,35
23.06.2025 00:30;62,06
23.06.2025 00:45;62,06
23.06.2025 01:00;60,03
23.06.2025 01:15;62,35
23.06.2025 01:30;62,64
23.06.2025 01:45;62,35
23.06.2025 02:00;62,64
23.06.2025 02:15;60,32
23.06.2025 02:30;62,64
23.06.2025 02:45;62,6748
23.06.2025 03:00;62,6748
23.06.2025 03:15;62,0948
23.06.2025 03:30;60,6448
23.06.2025 03:45;62,0948
23.06.2025 04:00;62,3848
23.06.2025 04:15;62,0948
23.06.2025 04:30;64,7048
23.06.2025 04:45;60,9348
23.06.2025 05:00;62,6748
23.06.2025 05:15;69,9248
23.06.2025 05:30;76,6586
23.06.2025 05:45;101,8886
23.06.2025 06:00;115,072
23.06.2025 06:15;137,0598
23.06.2025 06:30;179,9102
23.06.2025 06:45;188,4246
23.06.2025 07:00;189,8978
23.06.2025 07:15;154,7498
23.06.2025 07:30;169,1686
23.06.2025 07:45;221,4672
23.06.2025 08:00;196,475
23.06.2025 08:15;219,6692
23.06.2025 08:30;174,377
23.06.2025 08:45;140,3252
23.06.2025 09:00;168,5248
23.06.2025 09:15;183,8252
23.06.2025 09:30;206,2074
23.06.2025 09:45;193,7316
23.06.2025 10:00;215,6672
23.06.2025 10:15;185,9306
23.06.2025 10:30;188,3144
23.06.2025 10:45;159,4304
23.06.2025 11:00;181,8938
23.06.2025 11:15;188,036
23.06.2025 11:30;174,5162
23.06.2025 11:45;184,034
23.06.2025 12:00;173,7274
23.06.2025 12:15;137,9356
23.06.2025 12:30;165,619
23.06.2025 12:45;211,6826
23.06.2025 13:00;189,3062
23.06.2025 13:15;194,242
23.06.2025 13:30;230,115
23.06.2025 13:45;177,1436
23.06.2025 14:00;207,8778
23.06.2025 14:15;170,0792
23.06.2025 14:30;152,105
23.06.2025 14:45;129,7286
23.06.2025 15:00;140,1338
23.06.2025 15:15;124,8624
23.06.2025 15:30;105,9544
23.06.2025 15:45;95,1896
23.06.2025 16:00;99,0698
23.06.2025 16:15;95,4274
23.06.2025 16:30;82,3774
23.06.2025 16:45;75,458
23.06.2025 17:00;73,399
23.06.2025 17:15;71,63
23.06.2025 17:30;71,804
23.06.2025 17:45;69,716
23.06.2025 18:00;70,5106
23.06.2025 18:15;76,2526
23.06.2025 18:30;70,5454
23.06.2025 18:45;67,2046
23.06.2025 19:00;72,1404
23.06.2025 19:15;76,0786
23.06.2025 19:30;85,2368
23.06.2025 19:45;74,7678
23.06.2025 20:00;69,2752
23.06.2025 20:15;73,6542
23.06.2025 20:30;79,402
23.06.2025 20:45;75,7364
23.06.2025 21:00;75,8002
23.06.2025 21:15;76,0554
23.06.2025 21:30;75,4348
23.06.2025 21:45;76,125
23.06.2025 22:00;75,8524
23.06.2025 22:15;80,6548
23.06.2025 22:30;74,82
23.06.2025 22:45;68,15
23.06.2025 23:00;67,57
23.06.2025 23:15;62,93
23.06.2025 23:30;62,35
23.06.2025 23:45;65,25
24.06.2025 00:00;62,93
24.06.2025 00:15;62,93
24.06.2025 00:30;65,25
24.06.2025 00:45;64,67
24.06.2025 01:00;63,22
24.06.2025 01:15;64,96
24.06.2025 01:30;62,06
24.06.2025 01:45;62,93
24.06.2025 02:00;65,25
24.06.2025 02:15;62,93
24.06.2025 02:30;63,51
24.06.2025 02:45;66,7348
24.06.2025 03:00;64,4148
24.06.2025 03:15;66,1548
24.06.2025 03:30;64,6932
24.06.2025 03:45;64,4148
24.06.2025 04:00;66,1548
24.06.2025 04:15;64,7048
24.06.2025 04:30;64,4032
24.06.2025 04:45;66,7348
24.06.2025 05:00;76,3048
24.06.2025 05:15;87,0406
24.06.2025 05:30;92,1156
24.06.2025 05:45;110,751
24.06.2025 06:00;125,367
24.06.2025 06:15;146,5254
24.06.2025 06:30;178,8836
24.06.2025 06:45;194,677
24.06.2025 07:00;202,9362
24.06.2025 07:15;180,1944
24.06.2025 07:30;184,1558
24.06.2025 07:45;195,5412
24.06.2025 08:00;191,864
24.06.2025 08:15;194,8162
24.06.2025 08:30;172,55
24.06.2025 08:45;148,103
24.06.2025 09:00;167,9274
24.06.2025 09:15;188,9756
24.06.2025 09:30;191,7538
24.06.2025 09:45;188,9292
24.06.2025 10:00;194,0796
24.06.2025 10:15;196,9854
24.06.2025 10:30;205,6274
24.06.2025 10:45;187,3922
24.06.2025 11:00;201,579
24.06.2025 11:15;197,8902
24.06.2025 11:30;201,1788
24.06.2025 11:45;207,5588
24.06.2025 12:00;192,7862
24.06.2025 12:15;154,251
24.06.2025 12:30;189,7934
24.06.2025 12:45;226,2232
24.06.2025 13:00;208,4056
24.06.2025 13:15;192,0728
24.06.2025 13:30;182,3984
24.06.2025 13:45;192,937
24.06.2025 14:00;179,9624
24.06.2025 14:15;176,9
24.06.2025 14:30;155,8692
24.06.2025 14:45;168,8844
24.06.2025 15:00;164,7432
24.06.2025 15:15;142,8714
24.06.2025 15:30;105,1772
24.06.2025 15:45;96,077
24.06.2025 16:00;90,5786
24.06.2025 16:15;91,8082
24.06.2025 16:30;90,2074
24.06.2025 16:45;89,4012
24.06.2025 17:00;95,4564
24.06.2025 17:15;86,7274
24.06.2025 17:30;86,2518
24.06.2025 17:45;61,3524
24.06.2025 18:00;62,9822
24.06.2025 18:15;63,1156
24.06.2025 18:30;60,7724
24.06.2025 18:45;62,2688
24.06.2025 19:00;58,4176
24.06.2025 19:15;61,9904
24.06.2025 19:30;72,8654
24.06.2025 19:45;74,4024
24.06.2025 20:00;59,6124
24.06.2025 20:15;59,4616
24.06.2025 20:30;61,8048
24.06.2025 20:45;59,2586
24.06.2025 21:00;59,015
24.06.2025 21:15;58,4814
24.06.2025 21:30;57,7738
24.06.2025 21:45;55,4828
24.06.2025 22:00;60,8652
24.06.2025 22:15;63,8232
24.06.2025 22:30;62,93
24.06.2025 22:45;64,38
24.06.2025 23:00;59,74
24.06.2025 23:15;57,71
24.06.2025 23:30;57,71
24.06.2025 23:45;59,45
25.06.2025 00:00;59,16
25.06.2025 00:15;58
25.06.2025 00:30;58
25.06.2025 00:45;59,16
25.06.2025 01:00;58,87
25.06.2025 01:15;59,16
25.06.2025 01:30;58
25.06.2025 01:45;57,13
25.06.2025 02:00;58,87
25.06.2025 02:15;58,87
25.06.2025 02:30;59,45
25.06.2025 02:45;60,0648
25.06.2025 03:00;57,4432
25.06.2025 03:15;60,3548
25.06.2025 03:30;60,3432
25.06.2025 03:45;60,3548
25.06.2025 04:00;59,7748
25.06.2025 04:15;58,8932
25.06.2025 04:30;58,9048
25.06.2025 04:45;64,4148
25.06.2025 05:00;71,9432
25.06.2025 05:15;78,6248
25.06.2025 05:30;88,6182
25.06.2025 05:45;106,7374
25.06.2025 06:00;118,175
25.06.2025 06:15;151,844
25.06.2025 06:30;195,2338
25.06.2025 06:45;193,3662
25.06.2025 07:00;186,1104
25.06.2025 07:15;154,7962
25.06.2025 07:30;184,1326
25.06.2025 07:45;212,3438
25.06.2025 08:00;210,9112
25.06.2025 08:15;193,314
25.06.2025 08:30;175,74
25.06.2025 08:45;139,432
25.06.2025 09:00;159,5232
25.06.2025 09:15;201,8226
25.06.2025 09:30;199,2416
25.06.2025 09:45;187,166
25.06.2025 10:00;167,2198
25.06.2025 10:15;184,8634
25.06.2025 10:30;179,9276
25.06.2025 10:45;162,3536
25.06.2025 11:00;173,3562
25.06.2025 11:15;172,3992
25.06.2025 11:30;183,7672
25.06.2025 11:45;188,3144
25.06.2025 12:00;205,6274
25.06.2025 12:15;139,4204
25.06.2025 12:30;184,2776
25.06.2025 12:45;222,7606
25.06.2025 13:00;194,0158
25.06.2025 13:15;187,3748
25.06.2025 13:30;172,5036
25.06.2025 13:45;178,524
25.06.2025 14:00;182,758
25.06.2025 14:15;185,8436
25.06.2025 14:30;148,0334
25.06.2025 14:45;146,2934
25.06.2025 15:00;144,7274
25.06.2025 15:15;130,8596
25.06.2025 15:30;97,0862
25.06.2025 15:45;94,482
25.06.2025 16:00;90,5554
25.06.2025 16:15;74,24
25.06.2025 16:30;72,5812
25.06.2025 16:45;74,472
25.06.2025 17:00;69,9886
25.06.2025 17:15;69,1012
25.06.2025 17:30;68,817
25.06.2025 17:45;67,8484
25.06.2025 18:00;65,6676
25.06.2025 18:15;67,164
25.06.2025 18:30;63,4114
25.06.2025 18:45;64,3626
25.06.2025 19:00;62,8778
25.06.2025 19:15;62,9416
25.06.2025 19:30;77,0008
25.06.2025 19:45;73,9906
25.06.2025 20:00;65,0876
25.06.2025 20:15;65,7546
25.06.2025 20:30;61,9382
25.06.2025 20:45;60,8652
25.06.2025 21:00;61,0566
25.06.2025 21:15;61,3118
25.06.2025 21:30;60,7492
25.06.2025 21:45;60,9638
25.06.2025 22:00;62,3732
25.06.2025 22:15;64,6932
25.06.2025 22:30;65,54
25.06.2025 22:45;64,38
25.06.2025 23:00;61,77
25.06.2025 23:15;56,84
25.06.2025 23:30;57,71
25.06.2025 23:45;55,39
26.06.2025 00:00;58
26.06.2025 00:15;57,4548
26.06.2025 00:30;58,3248
26.06.2025 00:45;58,3248
26.06.2025 01:00;59,7748
26.06.2025 01:15;56,2832
26.06.2025 01:30;57,1648
26.06.2025 01:45;58,3248
26.06.2025 02:00;58,3248
26.06.2025 02:15;57,7448
26.06.2025 02:30;58,9048
26.06.2025 02:45;56,5848
26.06.2025 03:00;58,9048
26.06.2025 03:15;59,1948
26.06.2025 03:30;60,3548
26.06.2025 03:45;59,1948
26.06.2025 04:00;65,5748
26.06.2025 04:15;74,5648
26.06.2025 04:30;72,8248
26.06.2025 04:45;73,1148
26.06.2025 05:00;72,8248
26.06.2025 05:15;87,3132
26.06.2025 05:30;98,3912
26.06.2025 05:45;121,5332
26.06.2025 06:00;130,8364
26.06.2025 06:15;149,6922
26.06.2025 06:30;198,2904
26.06.2025 06:45;199,9318
26.06.2025 07:00;190,8954
26.06.2025 07:15;163,2004
26.06.2025 07:30;174,5104
26.06.2025 07:45;180,235
26.06.2025 08:00;171,4248
26.06.2025 08:15;197,9888
26.06.2025 08:30;186,9804
26.06.2025 08:45;163,8384
26.06.2025 09:00;189,5556
26.06.2025 09:15;214,5246
26.06.2025 09:30;193,8824
26.06.2025 09:45;197,0724
26.06.2025 10:00;190,2226
26.06.2025 10:15;207,8198
26.06.2025 10:30;200,9932
26.06.2025 10:45;188,3782
26.06.2025 11:00;186,4642
26.06.2025 11:15;199,2416
26.06.2025 11:30;184,8286
26.06.2025 11:45;201,1962
26.06.2025 12:00;164,024
26.06.2025 12:15;137,2222
26.06.2025 12:30;150,1098
26.06.2025 12:45;196,9448
26.06.2025 13:00;179,9682
26.06.2025 13:15;169,7022
26.06.2025 13:30;162,2434
26.06.2025 13:45;195,1004
26.06.2025 14:00;194,9438
26.06.2025 14:15;145,3016
26.06.2025 14:30;116,6496
26.06.2025 14:45;129,3342
26.06.2025 15:00;125,1408
26.06.2025 15:15;112,3112
26.06.2025 15:30;91,1586
26.06.2025 15:45;90,1784
26.06.2025 16:00;94,134
26.06.2025 16:15;92,0634
26.06.2025 16:30;76,4092
26.06.2025 16:45;67,9296
26.06.2025 17:00;65,9866
26.06.2025 17:15;69,136
26.06.2025 17:30;68,1674
26.06.2025 17:45;65,9576
26.06.2025 18:00;66,41
26.06.2025 18:15;66,7812
26.06.2025 18:30;67,483
26.06.2025 18:45;63,7246
26.06.2025 19:00;59,3862
26.06.2025 19:15;59,2934
26.06.2025 19:30;78,1318
26.06.2025 19:45;72,5928
26.06.2025 20:00;59,9778
26.06.2025 20:15;58,8584
26.06.2025 20:30;62,2804
26.06.2025 20:45;58,0754
26.06.2025 21:00;59,5022
26.06.2025 21:15;57,9188
26.06.2025 21:30;57,6056
26.06.2025 21:45;55,999
26.06.2025 22:00;61,3176
26.06.2025 22:15;62,6632
26.06.2025 22:30;63,8348
26.06.2025 22:45;64,9832
26.06.2025 23:00;59,4848
26.06.2025 23:15;57,7332
26.06.2025 23:30;58,6148
26.06.2025 23:45;59,1948
27.06.2025 00:00;61,5032
27.06.2025 00:15;56,8748
27.06.2025 00:30;58,3132
27.06.2025 00:45;59,1948
27.06.2025 01:00;59,1948
27.06.2025 01:15;58,6032
27.06.2025 01:30;56,8748
27.06.2025 01:45;58,6148
27.06.2025 02:00;59,7632
27.06.2025 02:15;58,9048
27.06.2025 02:30;60,3432
27.06.2025 02:45;57,7448
27.06.2025 03:00;60,6448
27.06.2025 03:15;60,3432
27.06.2025 03:30;60,6448
27.06.2025 03:45;60,6332
27.06.2025 04:00;60,9348
27.06.2025 04:15;60,0648
27.06.2025 04:30;69,0432
27.06.2025 04:45;78,9148
27.06.2025 05:00;74,8432
27.06.2025 05:15;80,0748
27.06.2025 05:30;84,999
27.06.2025 05:45;107,6306
27.06.2025 06:00;111,0932
27.06.2025 06:15;137,6746
27.06.2025 06:30;160,2946
27.06.2025 06:45;170,3112
27.06.2025 07:00;156,31
27.06.2025 07:15;151,786
27.06.2025 07:30;171,5698
27.06.2025 07:45;210,1224
27.06.2025 08:00;184,295
27.06.2025 08:15;199,6882
27.06.2025 08:30;165,2942
27.06.2025 08:45;150,394
27.06.2025 09:00;153,9842
27.06.2025 09:15;173,4258
27.06.2025 09:30;176,4302
27.06.2025 09:45;175,653
27.06.2025 10:00;191,7074
27.06.2025 10:15;169,0758
27.06.2025 10:30;168,0782
27.06.2025 10:45;183,1408
27.06.2025 11:00;175,0614
27.06.2025 11:15;183,8368
27.06.2025 11:30;186,7426
27.06.2025 11:45;172,869
27.06.2025 12:00;152,0586
27.06.2025 12:15;126,8112
27.06.2025 12:30;104,2782
27.06.2025 12:45;99,6846
27.06.2025 13:00;87,493
27.06.2025 13:15;81,7104
27.06.2025 13:30;68,8402
27.06.2025 13:45;65,9634
27.06.2025 14:00;67,1002
27.06.2025 14:15;67,222
27.06.2025 14:30;65,8938
27.06.2025 14:45;66,4042
27.06.2025 15:00;66,3462
27.06.2025 15:15;69,1418
27.06.2025 15:30;79,1004
27.06.2025 15:45;68,4168
27.06.2025 16:00;61,48
27.06.2025 16:15;61,2016
27.06.2025 16:30;60,0242
27.06.2025 16:45;62,089
27.06.2025 17:00;61,8106
27.06.2025 17:15;57,362
27.06.2025 17:30;59,8154
27.06.2025 17:45;55,2798
27.06.2025 18:00;53,0816
27.06.2025 18:15;54,8738
27.06.2025 18:30;56,9212
27.06.2025 18:45;54,9086
27.06.2025 19:00;51,1444
27.06.2025 19:15;53,6326
27.06.2025 19:30;53,853
27.06.2025 19:45;54,2822
27.06.2025 20:00;54,9608
27.06.2025 20:15;52,0666
27.06.2025 20:30;53,5688
27.06.2025 20:45;54,2358
27.06.2025 21:00;54,2126
27.06.2025 21:15;54,6592
27.06.2025 21:30;52,1188
27.06.2025 21:45;54,8158
27.06.2025 22:00;57,8202
27.06.2025 22:15;60,0532
27.06.2025 22:30;60,9232
27.06.2025 22:45;59,4848
27.06.2025 23:00;59,4732
27.06.2025 23:15;56,8748
27.06.2025 23:30;56,0048
27.06.2025 23:45;57,1532
28.06.2025 00:00;59,1948
28.06.2025 00:15;54,5432
28.06.2025 00:30;57,7448
28.06.2025 00:45;58,4466
28.06.2025 01:00;59,4268
28.06.2025 01:15;58,8874
28.06.2025 01:30;59,1252
28.06.2025 01:45;58,7714
28.06.2025 02:00;58,8642
28.06.2025 02:15;58,5278
28.06.2025 02:30;59,5428
28.06.2025 02:45;59,1948
28.06.2025 03:00;59,4152
28.06.2025 03:15;58,9454
28.06.2025 03:30;59,4558
28.06.2025 03:45;59,0382
28.06.2025 04:00;59,3282
28.06.2025 04:15;58,9106
28.06.2025 04:30;59,5428
28.06.2025 04:45;59,2586
28.06.2025 05:00;58,8874
28.06.2025 05:15;62,6748
28.06.2025 05:30;64,2988
28.06.2025 05:45;75,7016
28.06.2025 06:00;80,4344
28.06.2025 06:15;82,1222
28.06.2025 06:30;86,9884
28.06.2025 06:45;90,6888
28.06.2025 07:00;89,523
28.06.2025 07:15;83,955
28.06.2025 07:30;83,5722
28.06.2025 07:45;88,624
28.06.2025 08:00;90,3872
28.06.2025 08:15;93,6642
28.06.2025 08:30;91,7966
28.06.2025 08:45;88,0382
28.06.2025 09:00;90,4452
28.06.2025 09:15;111,8588
28.06.2025 09:30;101,6682
28.06.2025 09:45;102,7586
28.06.2025 10:00;83,7752
28.06.2025 10:15;86,1764
28.06.2025 10:30;109,7302
28.06.2025 10:45;109,2604
28.06.2025 11:00;85,956
28.06.2025 11:15;28,1474
28.06.2025 11:30;49,3986
28.06.2025 11:45;14,79
28.06.2025 12:00;0
28.06.2025 12:15;0
28.06.2025 12:30;0
28.06.2025 12:45;0
28.06.2025 13:00;0
28.06.2025 13:15;0
28.06.2025 13:30;0
28.06.2025 13:45;0
28.06.2025 14:00;0
28.06.2025 14:15;0
28.06.2025 14:30;0
28.06.2025 14:45;0
28.06.2025 15:00;0
28.06.2025 15:15;29,8584
28.06.2025 15:30;57,3794
28.06.2025 15:45;0
28.06.2025 16:00;0
28.06.2025 16:15;0
28.06.2025 16:30;4,0542
28.06.2025 16:45;0
28.06.2025 17:00;11,542
28.06.2025 17:15;45,0138
28.06.2025 17:30;43,1404
28.06.2025 17:45;0
28.06.2025 18:00;0
28.06.2025 18:15;14,297
28.06.2025 18:30;17,5798
28.06.2025 18:45;50,0482
28.06.2025 19:00;114,0976
28.06.2025 19:15;93,2176
28.06.2025 19:30;74,2748
28.06.2025 19:45;63,104
28.06.2025 20:00;87,3828
28.06.2025 20:15;68,5908
28.06.2025 20:30;65,0064
28.06.2025 20:45;63,8174
28.06.2025 21:00;65,5458
28.06.2025 21:15;64,206
28.06.2025 21:30;63,1388
28.06.2025 21:45;61,915
28.06.2025 22:00;61,9788
28.06.2025 22:15;62,2862
28.06.2025 22:30;62,5298
28.06.2025 22:45;62,5762
28.06.2025 23:00;62,6748
28.06.2025 23:15;58,1914
28.06.2025 23:30;59,1078
28.06.2025 23:45;59,3108
29.06.2025 00:00;60,1634
29.06.2025 00:15;55,39
29.06.2025 00:30;54,52
29.06.2025 00:45;53,07
29.06.2025 01:00;55,1
29.06.2025 01:15;55,1
29.06.2025 01:30;54,81
29.06.2025 01:45;54,52
29.06.2025 02:00;55,1
29.06.2025 02:15;53,94
29.06.2025 02:30;54,81
29.06.2025 02:45;54,8332
29.06.2025 03:00;55,4248
29.06.2025 03:15;54,5548
29.06.2025 03:30;56,2948
29.06.2025 03:45;56,5848
29.06.2025 04:00;56,8632
29.06.2025 04:15;56,8748
29.06.2025 04:30;54,2648
29.06.2025 04:45;55,1348
29.06.2025 05:00;53,3948
29.06.2025 05:15;56,289
29.06.2025 05:30;53,7776
29.06.2025 05:45;51,4576
29.06.2025 06:00;53,128
29.06.2025 06:15;53,9052
29.06.2025 06:30;53,7486
29.06.2025 06:45;53,94
29.06.2025 07:00;51,156
29.06.2025 07:15;53,4122
29.06.2025 07:30;54,0792
29.06.2025 07:45;53,824
29.06.2025 08:00;53,2904
29.06.2025 08:15;49,4044
29.06.2025 08:30;51,1444
29.06.2025 08:45;51,2024
29.06.2025 09:00;51,4344
29.06.2025 09:15;51,3416
29.06.2025 09:30;49,0042
29.06.2025 09:45;51,127
29.06.2025 10:00;50,6862
29.06.2025 10:15;51,2604
29.06.2025 10:30;50,4194
29.06.2025 10:45;48,459
29.06.2025 11:00;50,46
29.06.2025 11:15;50,6862
29.06.2025 11:30;50,866
29.06.2025 11:45;50,4716
29.06.2025 12:00;50,141
29.06.2025 12:15;48,3024
29.06.2025 12:30;50,3208
29.06.2025 12:45;51,3358
29.06.2025 13:00;51,7998
29.06.2025 13:15;50,5412
29.06.2025 13:30;51,7418
29.06.2025 13:45;49,358
29.06.2025 14:00;51,2256
29.06.2025 14:15;50,0598
29.06.2025 14:30;51,9042
29.06.2025 14:45;50,808
29.06.2025 15:00;49,242
29.06.2025 15:15;51,2488
29.06.2025 15:30;52,0086
29.06.2025 15:45;52,1478
29.06.2025 16:00;51,3126
29.06.2025 16:15;50,228
29.06.2025 16:30;50,3788
29.06.2025 16:45;49,6596
29.06.2025 17:00;51,3184
29.06.2025 17:15;51,446
29.06.2025 17:30;50,8776
29.06.2025 17:45;50,2918
29.06.2025 18:00;50,1642
29.06.2025 18:15;51,2952
29.06.2025 18:30;51,8926
29.06.2025 18:45;52,3508
29.06.2025 19:00;51,3706
29.06.2025 19:15;50,8428
29.06.2025 19:30;51,0168
29.06.2025 19:45;51,6606
29.06.2025 20:00;53,244
29.06.2025 20:15;54,607
29.06.2025 20:30;54,8796
29.06.2025 20:45;53,2092
29.06.2025 21:00;52,1768
29.06.2025 21:15;55,4074
29.06.2025 21:30;56,2832
29.06.2025 21:45;53,9458
29.06.2025 22:00;56,8342
29.06.2025 22:15;58,6148
29.06.2025 22:30;56,84
29.06.2025 22:45;59,45
29.06.2025 23:00;59,16
29.06.2025 23:15;54,52
29.06.2025 23:30;55,1
29.06.2025 23:45;54,52
30.06.2025 00:00;53,94
30.06.2025 00:15;53,07
30.06.2025 00:30;55,1
30.06.2025 00:45;54,52
30.06.2025 01:00;54,81
30.06.2025 01:15;54,81
30.06.2025 01:30;55,39
30.06.2025 01:45;53,36
30.06.2025 02:00;55,1
30.06.2025 02:15;55,1
30.06.2025 02:30;55,68
30.06.2025 02:45;55,1348
30.06.2025 03:00;58,0348
30.06.2025 03:15;54,5548
30.06.2025 03:30;55,7148
30.06.2025 03:45;56,5848
30.06.2025 04:00;56,8748
30.06.2025 04:15;56,0048
30.06.2025 04:30;56,2948
30.06.2025 04:45;55,7148
30.06.2025 05:00;86,7332
30.06.2025 05:15;93,7106
30.06.2025 05:30;92,9566
30.06.2025 05:45;100,9026
30.06.2025 06:00;107,3812
30.06.2025 06:15;134,0844
30.06.2025 06:30;164,8998
30.06.2025 06:45;185,716
30.06.2025 07:00;177,7352
30.06.2025 07:15;146,0208
30.06.2025 07:30;169,0816
30.06.2025 07:45;189,5672
30.06.2025 08:00;198,8472
30.06.2025 08:15;166,9182
30.06.2025 08:30;157,6034
30.06.2025 08:45;134,7166
30.06.2025 09:00;164,5692
30.06.2025 09:15;211,091
30.06.2025 09:30;163,5716
30.06.2025 09:45;161,0196
30.06.2025 10:00;158,398
30.06.2025 10:15;156,774
30.06.2025 10:30;152,6676
30.06.2025 10:45;144,4606
30.06.2025 11:00;148,0218
30.06.2025 11:15;155,73
30.06.2025 11:30;174,1276
30.06.2025 11:45;170,2648
30.06.2025 12:00;141,7636
30.06.2025 12:15;125,7034
30.06.2025 12:30;139,171
30.06.2025 12:45;161,6286
30.06.2025 13:00;157,122
30.06.2025 13:15;160,0684
30.06.2025 13:30;157,7426
30.06.2025 13:45;151,3916
30.06.2025 14:00;160,254
30.06.2025 14:15;144,4838
30.06.2025 14:30;119,2306
30.06.2025 14:45;123,279
30.06.2025 15:00;120,1876
30.06.2025 15:15;110,722
30.06.2025 15:30;90,3176
30.06.2025 15:45;86,3504
30.06.2025 16:00;87,3016
30.06.2025 16:15;87,8932
30.06.2025 16:30;85,7936
30.06.2025 16:45;62,5704
30.06.2025 17:00;62,3326
30.06.2025 17:15;71,7866
30.06.2025 17:30;77,6736
30.06.2025 17:45;59,9314
30.06.2025 18:00;60,0996
30.06.2025 18:15;59,6588
30.06.2025 18:30;57,594
30.06.2025 18:45;55,6858
30.06.2025 19:00;54,3054
30.06.2025 19:15;59,2702
30.06.2025 19:30;54,4562
30.06.2025 19:45;57,0836
30.06.2025 20:00;55,9004
30.06.2025 20:15;56,2136
30.06.2025 20:30;67,2916
30.06.2025 20:45;70,2554
30.06.2025 21:00;56,782
30.06.2025 21:15;57,4142
30.06.2025 21:30;59,9778
30.06.2025 21:45;56,0802
30.06.2025 22:00;59,1484
30.06.2025 22:15;60,3548
30.06.2025 22:30;57,71
30.06.2025 22:45;60,32
30.06.2025 23:00;60,03
30.06.2025 23:15;56,84
30.06.2025 23:30;55,39
30.06.2025 23:45;54,23
01.07.2025 00:00;54,23
01.07.2025 00:15;55,97
01.07.2025 00:30;55,39
01.07.2025 00:45;55,39
01.07.2025 01:00;55,1
01.07.2025 01:15;53,07
01.07.2025 01:30;55,1
01.07.2025 01:45;54,81
01.07.2025 02:00;54,52
01.07.2025 02:15;54,81
01.07.2025 02:30;55,68
01.07.2025 02:45;53,3948
01.07.2025 03:00;56,5964
01.07.2025 03:15;57,4548
01.07.2025 03:30;57,7448
01.07.2025 03:45;57,1648
01.07.2025 04:00;56,8748
01.07.2025 04:15;55,7148
01.07.2025 04:30;57,1648
01.07.2025 04:45;67,0248
01.07.2025 05:00;85,5848
01.07.2025 05:15;97,7706
01.07.2025 05:30;108,112
01.07.2025 05:45;114,3934
01.07.2025 06:00;108,2918
01.07.2025 06:15;140,0526
01.07.2025 06:30;148,2596
01.07.2025 06:45;143,3122
01.07.2025 07:00;150,3534
01.07.2025 07:15;131,6774
01.07.2025 07:30;155,237
01.07.2025 07:45;171,6104
01.07.2025 08:00;181,9866
01.07.2025 08:15;193,517
01.07.2025 08:30;158,0268
01.07.2025 08:45;120,9648
01.07.2025 09:00;142,3552
01.07.2025 09:15;165,387
01.07.2025 09:30;165,9322
01.07.2025 09:45;152,2384
01.07.2025 10:00;145,2378
01.07.2025 10:15;141,3982
01.07.2025 10:30;156,9074
01.07.2025 10:45;151,5772
01.07.2025 11:00;188,9988
01.07.2025 11:15;165,764
01.07.2025 11:30;192,3802
01.07.2025 11:45;180,7512
01.07.2025 12:00;165,0622
01.07.2025 12:15;144,2518
01.07.2025 12:30;146,769
01.07.2025 12:45;185,861
01.07.2025 13:00;173,478
01.07.2025 13:15;164,9636
01.07.2025 13:30;166,3034
01.07.2025 13:45;184,2544
01.07.2025 14:00;151,7918
01.07.2025 14:15;139,5074
01.07.2025 14:30;132,1472
01.07.2025 14:45;136,4624
01.07.2025 15:00;151,7396
01.07.2025 15:15;135,024
01.07.2025 15:30;108,1062
01.07.2025 15:45;99,5686
01.07.2025 16:00;92,3708
01.07.2025 16:15;96,2162
01.07.2025 16:30;99,0408
01.07.2025 16:45;93,3626
01.07.2025 17:00;80,649
01.07.2025 17:15;60,0126
01.07.2025 17:30;56,3702
01.07.2025 17:45;59,0962
01.07.2025 18:00;59,0788
01.07.2025 18:15;60,0184
01.07.2025 18:30;56,5848
01.07.2025 18:45;57,0314
01.07.2025 19:00;56,6718
01.07.2025 19:15;55,0304
01.07.2025 19:30;63,2316
01.07.2025 19:45;70,6788
01.07.2025 20:00;56,8342
01.07.2025 20:15;56,1904
01.07.2025 20:30;57,7448
01.07.2025 20:45;55,0942
01.07.2025 21:00;55,5176
01.07.2025 21:15;55,4306
01.07.2025 21:30;55,2856
01.07.2025 21:45;55,941
01.07.2025 22:00;59,334
01.07.2025 22:15;62,0948
01.07.2025 22:30;60,61
01.07.2025 22:45;60,61
01.07.2025 23:00;60,9
01.07.2025 23:15;56,26
01.07.2025 23:30;56,55
01.07.2025 23:45;56,84
02.07.2025 00:00;56,26
02.07.2025 00:15;56,55
02.07.2025 00:30;57,13
02.07.2025 00:45;56,26
02.07.2025 01:00;56,84
02.07.2025 01:15;56,26
02.07.2025 01:30;55,97
02.07.2025 01:45;56,26
02.07.2025 02:00;56,26
02.07.2025 02:15;55,97
02.07.2025 02:30;55,97
02.07.2025 02:45;56,2948
02.07.2025 03:00;56,3064
02.07.2025 03:15;57,1648
02.07.2025 03:30;57,1648
02.07.2025 03:45;56,8748
02.07.2025 04:00;57,4664
02.07.2025 04:15;57,4548
02.07.2025 04:30;56,8748
02.07.2025 04:45;64,1248
02.07.2025 05:00;84,1464
02.07.2025 05:15;96,3148
02.07.2025 05:30;102,3758
02.07.2025 05:45;108,2454
02.07.2025 06:00;120,6516
02.07.2025 06:15;142,4016
02.07.2025 06:30;162,6088
02.07.2025 06:45;159,6856
02.07.2025 07:00;158,224
02.07.2025 07:15;148,0392
02.07.2025 07:30;175,0382
02.07.2025 07:45;168,0608
02.07.2025 08:00;193,5634
02.07.2025 08:15;176,0764
02.07.2025 08:30;175,7632
02.07.2025 08:45;145,4756
02.07.2025 09:00;171,564
02.07.2025 09:15;214,1824
02.07.2025 09:30;212,8484
02.07.2025 09:45;209,1306
02.07.2025 10:00;181,0122
02.07.2025 10:15;194,3464
02.07.2025 10:30;209,7918
02.07.2025 10:45;180,96
02.07.2025 11:00;197,2116
02.07.2025 11:15;172,4862
02.07.2025 11:30;176,0474
02.07.2025 11:45;194,6016
02.07.2025 12:00;164,662
02.07.2025 12:15;150,0228
02.07.2025 12:30;176,6854
02.07.2025 12:45;198,795
02.07.2025 13:00;174,0348
02.07.2025 13:15;174,7134
02.07.2025 13:30;178,2166
02.07.2025 13:45;168,635
02.07.2025 14:00;170,5722
02.07.2025 14:15;157,789
02.07.2025 14:30;125,541
02.07.2025 14:45;117,218
02.07.2025 15:00;121,2084
02.07.2025 15:15;113,0768
02.07.2025 15:30;107,0274
02.07.2025 15:45;110,1536
02.07.2025 16:00;110,9076
02.07.2025 16:15;103,7214
02.07.2025 16:30;100,079
02.07.2025 16:45;97,933
02.07.2025 17:00;92,858
02.07.2025 17:15;87,4698
02.07.2025 17:30;63,597
02.07.2025 17:45;61,6714
02.07.2025 18:00;59,8734
02.07.2025 18:15;70,2554
02.07.2025 18:30;64,7048
02.07.2025 18:45;57,7448
02.07.2025 19:00;58,5046
02.07.2025 19:15;58,3712
02.07.2025 19:30;58,1856
02.07.2025 19:45;57,8144
02.07.2025 20:00;57,942
02.07.2025 20:15;73,8572
02.07.2025 20:30;61,7352
02.07.2025 20:45;58,0928
02.07.2025 21:00;60,6854
02.07.2025 21:15;55,506
02.07.2025 21:30;56,7182
02.07.2025 21:45;57,0256
02.07.2025 22:00;61,8338
02.07.2025 22:15;60,6332
02.07.2025 22:30;58,58
02.07.2025 22:45;60,9
02.07.2025 23:00;60,61
02.07.2025 23:15;56,26
02.07.2025 23:30;56,84
02.07.2025 23:45;54,52
03.07.2025 00:00;56,55
03.07.2025 00:15;56,84
03.07.2025 00:30;57,13
03.07.2025 00:45;56,55
03.07.2025 01:00;55,1
03.07.2025 01:15;56,84
03.07.2025 01:30;56,55
03.07.2025 01:45;56,84
03.07.2025 02:00;56,55
03.07.2025 02:15;53,94
03.07.2025 02:30;58,29
03.07.2025 02:45;58,3248
03.07.2025 03:00;58,3248
03.07.2025 03:15;59,1832
03.07.2025 03:30;57,7448
03.07.2025 03:45;59,1948
03.07.2025 04:00;59,7748
03.07.2025 04:15;59,4732
03.07.2025 04:30;59,1948
03.07.2025 04:45;70,7948
03.07.2025 05:00;88,7632
03.07.2025 05:15;103,8548
03.07.2025 05:30;106,7374
03.07.2025 05:45;135,0936
03.07.2025 06:00;131,9558
03.07.2025 06:15;169,3948
03.07.2025 06:30;179,7652
03.07.2025 06:45;183,8716
03.07.2025 07:00;173,507
03.07.2025 07:15;147,871
03.07.2025 07:30;168,5422
03.07.2025 07:45;192,821
03.07.2025 08:00;190,8026
03.07.2025 08:15;198,8878
03.07.2025 08:30;176,4998
03.07.2025 08:45;150,2548
03.07.2025 09:00;172,7124
03.07.2025 09:15;193,2676
03.07.2025 09:30;186,8992
03.07.2025 09:45;194,3
03.07.2025 10:00;199,2996
03.07.2025 10:15;186,7832
03.07.2025 10:30;199,2764
03.07.2025 10:45;175,4036
03.07.2025 11:00;191,0752
03.07.2025 11:15;194,9902
03.07.2025 11:30;188,9872
03.07.2025 11:45;207,4892
03.07.2025 12:00;171,9352
03.07.2025 12:15;148,4394
03.07.2025 12:30;202,565
03.07.2025 12:45;222,3546
03.07.2025 13:00;243,5884
03.07.2025 13:15;208,4636
03.07.2025 13:30;182,3346
03.07.2025 13:45;177,4974
03.07.2025 14:00;166,895
03.07.2025 14:15;131,457
03.07.2025 14:30;108,2512
03.07.2025 14:45;108,0076
03.07.2025 15:00;110,8612
03.07.2025 15:15;106,3024
03.07.2025 15:30;94,1108
03.07.2025 15:45;87,2204
03.07.2025 16:00;94,0586
03.07.2025 16:15;100,6126
03.07.2025 16:30;86,7622
03.07.2025 16:45;68,933
03.07.2025 17:00;59,4674
03.07.2025 17:15;58,3132
03.07.2025 17:30;58,4988
03.07.2025 17:45;59,45
03.07.2025 18:00;57,449
03.07.2025 18:15;58,8004
03.07.2025 18:30;59,334
03.07.2025 18:45;71,1138
03.07.2025 19:00;78,561
03.07.2025 19:15;68,4052
03.07.2025 19:30;58,609
03.07.2025 19:45;60,4418
03.07.2025 20:00;56,1788
03.07.2025 20:15;57,4606
03.07.2025 20:30;55,1464
03.07.2025 20:45;55,2102
03.07.2025 21:00;56,434
03.07.2025 21:15;54,6824
03.07.2025 21:30;54,7578
03.07.2025 21:45;54,7288
03.07.2025 22:00;58,6844
03.07.2025 22:15;59,4848
03.07.2025 22:30;58,29
03.07.2025 22:45;58,58
03.07.2025 23:00;59,16
03.07.2025 23:15;55,1
03.07.2025 23:30;56,26
03.07.2025 23:45;56,84
04.07.2025 00:00;56,55
04.07.2025 00:15;56,84
04.07.2025 00:30;55,39
04.07.2025 00:45;54,81
04.07.2025 01:00;56,84
04.07.2025 01:15;56,84
04.07.2025 01:30;57,42
04.07.2025 01:45;57,42
04.07.2025 02:00;57,13
04.07.2025 02:15;56,55
04.07.2025 02:30;55,68
04.07.2025 02:45;57,4548
04.07.2025 03:00;57,4548
04.07.2025 03:15;57,4548
04.07.2025 03:30;58,0232
04.07.2025 03:45;57,4548
04.07.2025 04:00;57,7448
04.07.2025 04:15;57,4548
04.07.2025 04:30;55,7148
04.07.2025 04:45;66,7232
04.07.2025 05:00;85,8748
04.07.2025 05:15;100,9548
04.07.2025 05:30;104,9916
04.07.2025 05:45;108,2744
04.07.2025 06:00;121,8754
04.07.2025 06:15;143,5442
04.07.2025 06:30;175,798
04.07.2025 06:45;187,2646
04.07.2025 07:00;183,1408
04.07.2025 07:15;167,1502
04.07.2025 07:30;189,0858
04.07.2025 07:45;201,9096
04.07.2025 08:00;209,902
04.07.2025 08:15;211,9204
04.07.2025 08:30;169,3194
04.07.2025 08:45;144,5418
04.07.2025 09:00;173,1532
04.07.2025 09:15;195,779
04.07.2025 09:30;201,8864
04.07.2025 09:45;191,7944
04.07.2025 10:00;187,7924
04.07.2025 10:15;162,371
04.07.2025 10:30;167,243
04.07.2025 10:45;174,7424
04.07.2025 11:00;164,111
04.07.2025 11:15;174,174
04.07.2025 11:30;157,6788
04.07.2025 11:45;145,6844
04.07.2025 12:00;136,3348
04.07.2025 12:15;123,7488
04.07.2025 12:30;88,9256
04.07.2025 12:45;83,955
04.07.2025 13:00;93,757
04.07.2025 13:15;90,6656
04.07.2025 13:30;96,7556
04.07.2025 13:45;86,739
04.07.2025 14:00;82,9284
04.07.2025 14:15;90,4858
04.07.2025 14:30;86,6694
04.07.2025 14:45;85,5384
04.07.2025 15:00;82,5572
04.07.2025 15:15;81,6176
04.07.2025 15:30;78,2072
04.07.2025 15:45;62,495
04.07.2025 16:00;59,6878
04.07.2025 16:15;55,9642
04.07.2025 16:30;59,5138
04.07.2025 16:45;58,0348
04.07.2025 17:00;57,4432
04.07.2025 17:15;55,8424
04.07.2025 17:30;54,3054
04.07.2025 17:45;54,6766
04.07.2025 18:00;52,229
04.07.2025 18:15;52,2464
04.07.2025 18:30;52,3102
04.07.2025 18:45;52,9598
04.07.2025 19:00;52,983
04.07.2025 19:15;52,6698
04.07.2025 19:30;52,7858
04.07.2025 19:45;52,1652
04.07.2025 20:00;51,6664
04.07.2025 20:15;53,0062
04.07.2025 20:30;53,592
04.07.2025 20:45;53,6906
04.07.2025 21:00;53,2382
04.07.2025 21:15;53,3484
04.07.2025 21:30;53,7602
04.07.2025 21:45;51,794
04.07.2025 22:00;57,9304
04.07.2025 22:15;58,6148
04.07.2025 22:30;58,87
04.07.2025 22:45;59,16
04.07.2025 23:00;59,16
04.07.2025 23:15;54,52
04.07.2025 23:30;55,1
04.07.2025 23:45;54,81
05.07.2025 00:00;54,52
05.07.2025 00:15;56,26
05.07.2025 00:30;55,68
05.07.2025 00:45;56,55
05.07.2025 01:00;56,26
05.07.2025 01:15;56,55
05.07.2025 01:30;56,55
05.07.2025 01:45;56,26
05.07.2025 02:00;55,68
05.07.2025 02:15;54,52
05.07.2025 02:30;57,13
05.07.2025 02:45;57,1648
05.07.2025 03:00;57,4548
05.07.2025 03:15;57,7564
05.07.2025 03:30;58,0348
05.07.2025 03:45;58,0348
05.07.2025 04:00;57,7448
05.07.2025 04:15;57,4548
05.07.2025 04:30;57,1648
05.07.2025 04:45;55,7148
05.07.2025 05:00;55,7148
05.07.2025 05:15;59,1948
05.07.2025 05:30;54,2706
05.07.2025 05:45;60,5288
05.07.2025 06:00;70,8064
05.07.2025 06:15;70,5744
05.07.2025 06:30;71,2878
05.07.2025 06:45;72,3956
05.07.2025 07:00;73,7992
05.07.2025 07:15;75,4116
05.07.2025 07:30;78,1492
05.07.2025 07:45;76,8384
05.07.2025 08:00;79,0714
05.07.2025 08:15;80,243
05.07.2025 08:30;74,1704
05.07.2025 08:45;73,602
05.07.2025 09:00;75,4522
05.07.2025 09:15;73,4802
05.07.2025 09:30;75,313
05.07.2025 09:45;73,457
05.07.2025 10:00;73,2598
05.07.2025 10:15;72,8828
05.07.2025 10:30;72,674
05.07.2025 10:45;71,0964
05.07.2025 11:00;69,136
05.07.2025 11:15;54,4214
05.07.2025 11:30;56,6776
05.07.2025 11:45;53,6094
05.07.2025 12:00;52,49
05.07.2025 12:15;51,6606
05.07.2025 12:30;53,824
05.07.2025 12:45;53,708
05.07.2025 13:00;53,3774
05.07.2025 13:15;51,591
05.07.2025 13:30;53,2208
05.07.2025 13:45;53,4876
05.07.2025 14:00;53,795
05.07.2025 14:15;53,3426
05.07.2025 14:30;51,5214
05.07.2025 14:45;53,3658
05.07.2025 15:00;53,6094
05.07.2025 15:15;52,9134
05.07.2025 15:30;53,8008
05.07.2025 15:45;50,924
05.07.2025 16:00;53,5804
05.07.2025 16:15;53,8936
05.07.2025 16:30;54,1488
05.07.2025 16:45;53,5282
05.07.2025 17:00;51,2198
05.07.2025 17:15;54,3286
05.07.2025 17:30;52,8554
05.07.2025 17:45;52,7568
05.07.2025 18:00;51,7244
05.07.2025 18:15;51,881
05.07.2025 18:30;53,389
05.07.2025 18:45;52,9134
05.07.2025 19:00;53,534
05.07.2025 19:15;51,301
05.07.2025 19:30;52,896
05.07.2025 19:45;56,1846
05.07.2025 20:00;54,0212
05.07.2025 20:15;53,8994
05.07.2025 20:30;51,9506
05.07.2025 20:45;54,3576
05.07.2025 21:00;54,143
05.07.2025 21:15;54,3228
05.07.2025 21:30;53,6036
05.07.2025 21:45;53,9632
05.07.2025 22:00;55,7148
05.07.2025 22:15;60,0648
05.07.2025 22:30;59,74
05.07.2025 22:45;60,61
05.07.2025 23:00;60,61
05.07.2025 23:15;53,65
05.07.2025 23:30;57,13
05.07.2025 23:45;57,42
06.07.2025 00:00;55,68
06.07.2025 00:15;55,68
06.07.2025 00:30;53,07
06.07.2025 00:45;55,39
06.07.2025 01:00;56,84
06.07.2025 01:15;55,68
06.07.2025 01:30;55,68
06.07.2025 01:45;53,36
06.07.2025 02:00;55,97
06.07.2025 02:15;55,68
06.07.2025 02:30;57,13
06.07.2025 02:45;56,5848
06.07.2025 03:00;54,8448
06.07.2025 03:15;57,1648
06.07.2025 03:30;57,4432
06.07.2025 03:45;57,1648
06.07.2025 04:00;57,1648
06.07.2025 04:15;55,4248
06.07.2025 04:30;56,8748
06.07.2025 04:45;56,8748
06.07.2025 05:00;57,1648
06.07.2025 05:15;60,0532
06.07.2025 05:30;52,9018
06.07.2025 05:45;53,4354
06.07.2025 06:00;54,5896
06.07.2025 06:15;54,6012
06.07.2025 06:30;54,2996
06.07.2025 06:45;52,809
06.07.2025 07:00;54,9144
06.07.2025 07:15;53,3774
06.07.2025 07:30;53,6036
06.07.2025 07:45;53,2788
06.07.2025 08:00;52,4494
06.07.2025 08:15;52,867
06.07.2025 08:30;52,809
06.07.2025 08:45;52,1826
06.07.2025 09:00;52,519
06.07.2025 09:15;50,0482
06.07.2025 09:30;52,7626
06.07.2025 09:45;52,1942
06.07.2025 10:00;52,2986
06.07.2025 10:15;51,1212
06.07.2025 10:30;49,2594
06.07.2025 10:45;50,8892
06.07.2025 11:00;52,4204
06.07.2025 11:15;50,8834
06.07.2025 11:30;50,9472
06.07.2025 11:45;49,3986
06.07.2025 12:00;51,9796
06.07.2025 12:15;51,823
06.07.2025 12:30;50,9008
06.07.2025 12:45;49,6364
06.07.2025 13:00;51,388
06.07.2025 13:15;50,924
06.07.2025 13:30;51,707
06.07.2025 13:45;51,8926
06.07.2025 14:00;50,4948
06.07.2025 14:15;51,794
06.07.2025 14:30;51,8984
06.07.2025 14:45;51,9506
06.07.2025 15:00;52,0144
06.07.2025 15:15;50,257
06.07.2025 15:30;52,6872
06.07.2025 15:45;52,7858
06.07.2025 16:00;51,736
06.07.2025 16:15;52,3102
06.07.2025 16:30;49,4856
06.07.2025 16:45;52,0318
06.07.2025 17:00;52,3102
06.07.2025 17:15;52,4436
06.07.2025 17:30;51,7012
06.07.2025 17:45;49,8394
06.07.2025 18:00;52,3914
06.07.2025 18:15;52,8032
06.07.2025 18:30;52,2522
06.07.2025 18:45;52,2
06.07.2025 19:00;49,1956
06.07.2025 19:15;51,91
06.07.2025 19:30;51,7592
06.07.2025 19:45;51,8462
06.07.2025 20:00;51,9622
06.07.2025 20:15;49,9554
06.07.2025 20:30;51,9042
06.07.2025 20:45;52,4436
06.07.2025 21:00;52,3276
06.07.2025 21:15;54,375
06.07.2025 21:30;50,8776
06.07.2025 21:45;52,519
06.07.2025 22:00;56,2832
06.07.2025 22:15;58,6148
06.07.2025 22:30;58
06.07.2025 22:45;57,13
06.07.2025 23:00;57,13
06.07.2025 23:15;53,94
06.07.2025 23:30;55,39
06.07.2025 23:45;55,68
07.07.2025 00:00;54,52
07.07.2025 00:15;53,36
07.07.2025 00:30;55,97
07.07.2025 00:45;55,39
07.07.2025 01:00;55,39
07.07.2025 01:15;55,39
07.07.2025 01:30;53,36
07.07.2025 01:45;55,1
07.07.2025 02:00;55,1
07.07.2025 02:15;55,39
07.07.2025 02:30;55,68
07.07.2025 02:45;55,1348
07.07.2025 03:00;53,3948
07.07.2025 03:15;55,1232
07.07.2025 03:30;55,7148
07.07.2025 03:45;55,4132
07.07.2025 04:00;55,1348
07.07.2025 04:15;54,2648
07.07.2025 04:30;53,3832
07.07.2025 04:45;73,6948
07.07.2025 05:00;95,7348
07.07.2025 05:15;102,9732
07.07.2025 05:30;111,1048
07.07.2025 05:45;118,871
07.07.2025 06:00;135,1516
07.07.2025 06:15;149,727
07.07.2025 06:30;159,0766
07.07.2025 06:45;168,1478
07.07.2025 07:00;200,448
07.07.2025 07:15;159,9582
07.07.2025 07:30;174,29
07.07.2025 07:45;176,9812
07.07.2025 08:00;196,1038
07.07.2025 08:15;196,2082
07.07.2025 08:30;166,605
07.07.2025 08:45;133,3188
07.07.2025 09:00;158,862
07.07.2025 09:15;188,8712
07.07.2025 09:30;170,3982
07.07.2025 09:45;184,7706
07.07.2025 10:00;202,565
07.07.2025 10:15;187,9084
07.07.2025 10:30;169,2498
07.07.2025 10:45;165,8916
07.07.2025 11:00;165,1724
07.07.2025 11:15;188,0882
07.07.2025 11:30;175,9836
07.07.2025 11:45;191,4058
07.07.2025 12:00;159,616
07.07.2025 12:15;135,1632
07.07.2025 12:30;167,359
07.07.2025 12:45;202,0836
07.07.2025 13:00;181,7082
07.07.2025 13:15;171,0826
07.07.2025 13:30;173,5128
07.07.2025 13:45;169,998
07.07.2025 14:00;170,1024
07.07.2025 14:15;149,437
07.07.2025 14:30;124,3578
07.07.2025 14:45;136,9206
07.07.2025 15:00;139,9018
07.07.2025 15:15;106,285
07.07.2025 15:30;82,853
07.07.2025 15:45;81,0608
07.07.2025 16:00;80,8926
07.07.2025 16:15;75,8408
07.07.2025 16:30;74,8084
07.07.2025 16:45;73,7992
07.07.2025 17:00;73,3236
07.07.2025 17:15;67,4134
07.07.2025 17:30;66,6246
07.07.2025 17:45;68,5386
07.07.2025 18:00;65,9866
07.07.2025 18:15;66,8798
07.07.2025 18:30;67,5642
07.07.2025 18:45;66,2708
07.07.2025 19:00;54,2242
07.07.2025 19:15;53,4412
07.07.2025 19:30;65,6734
07.07.2025 19:45;66,2592
07.07.2025 20:00;56,1382
07.07.2025 20:15;55,3088
07.07.2025 20:30;55,2972
07.07.2025 20:45;53,4586
07.07.2025 21:00;53,9226
07.07.2025 21:15;54,723
07.07.2025 21:30;54,7056
07.07.2025 21:45;52,3102
07.07.2025 22:00;58,0116
07.07.2025 22:15;59,4732
07.07.2025 22:30;59,74
07.07.2025 22:45;61,48
07.07.2025 23:00;55,97
07.07.2025 23:15;53,36
07.07.2025 23:30;54,52
07.07.2025 23:45;55,68
08.07.2025 00:00;57,13
08.07.2025 00:15;54,81
08.07.2025 00:30;53,07
08.07.2025 00:45;54,81
08.07.2025 01:00;54,52
08.07.2025 01:15;55,1
08.07.2025 01:30;54,81
08.07.2025 01:45;53,07
08.07.2025 02:00;54,23
08.07.2025 02:15;55,68
08.07.2025 02:30;55,97
08.07.2025 02:45;56,2832
08.07.2025 03:00;56,8748
08.07.2025 03:15;54,8332
08.07.2025 03:30;55,4248
08.07.2025 03:45;55,9932
08.07.2025 04:00;56,5848
08.07.2025 04:15;55,9932
08.07.2025 04:30;58,3248
08.07.2025 04:45;75,7132
08.07.2025 05:00;98,3448
08.07.2025 05:15;102,6832
08.07.2025 05:30;118,7724
08.07.2025 05:45;126,15
08.07.2025 06:00;117,5138
08.07.2025 06:15;145,7134
08.07.2025 06:30;185,0142
08.07.2025 06:45;202,5882
08.07.2025 07:00;183,6686
08.07.2025 07:15;166,7268
08.07.2025 07:30;176,2388
08.07.2025 07:45;185,8262
08.07.2025 08:00;206,2422
08.07.2025 08:15;222,9752
08.07.2025 08:30;212,1176
08.07.2025 08:45;157,2844
08.07.2025 09:00;213,411
08.07.2025 09:15;230,9966
08.07.2025 09:30;206,9846
08.07.2025 09:45;216,1544
08.07.2025 10:00;204,1948
08.07.2025 10:15;219,9882
08.07.2025 10:30;193,5576
08.07.2025 10:45;182,8102
08.07.2025 11:00;193,488
08.07.2025 11:15;191,1564
08.07.2025 11:30;210,6908
08.07.2025 11:45;212,3148
08.07.2025 12:00;175,4384
08.07.2025 12:15;142,4016
08.07.2025 12:30;163,9022
08.07.2025 12:45;181,0702
08.07.2025 13:00;199,8738
08.07.2025 13:15;204,1716
08.07.2025 13:30;174,4408
08.07.2025 13:45;176,0184
08.07.2025 14:00;185,5536
08.07.2025 14:15;157,2496
08.07.2025 14:30;122,8904
08.07.2025 14:45;113,3958
08.07.2025 15:00;114,811
08.07.2025 15:15;105,2526
08.07.2025 15:30;79,9182
08.07.2025 15:45;79,0772
08.07.2025 16:00;75,9452
08.07.2025 16:15;76,763
08.07.2025 16:30;73,834
08.07.2025 16:45;66,8972
08.07.2025 17:00;61,915
08.07.2025 17:15;63,3882
08.07.2025 17:30;64,3336
08.07.2025 17:45;64,7106
08.07.2025 18:00;64,3916
08.07.2025 18:15;63,5158
08.07.2025 18:30;62,9474
08.07.2025 18:45;64,2234
08.07.2025 19:00;57,3736
08.07.2025 19:15;55,506
08.07.2025 19:30;54,4968
08.07.2025 19:45;54,7752
08.07.2025 20:00;56,9908
08.07.2025 20:15;59,7632
08.07.2025 20:30;58,2552
08.07.2025 20:45;56,9502
08.07.2025 21:00;54,839
08.07.2025 21:15;54,8448
08.07.2025 21:30;54,5954
08.07.2025 21:45;54,6244
08.07.2025 22:00;58,9628
08.07.2025 22:15;60,0648
08.07.2025 22:30;59,45
08.07.2025 22:45;61,77
08.07.2025 23:00;58,87
08.07.2025 23:15;53,65
08.07.2025 23:30;54,23
08.07.2025 23:45;55,1
09.07.2025 00:00;55,39
09.07.2025 00:15;55,1
09.07.2025 00:30;55,68
09.07.2025 00:45;55,68
09.07.2025 01:00;55,1
09.07.2025 01:15;56,55
09.07.2025 01:30;54,81
09.07.2025 01:45;55,39
09.07.2025 02:00;54,81
09.07.2025 02:15;55,1
09.07.2025 02:30;56,26
09.07.2025 02:45;56,8748
09.07.2025 03:00;57,1532
09.07.2025 03:15;56,5848
09.07.2025 03:30;57,1648
09.07.2025 03:45;56,8748
09.07.2025 04:00;56,8748
09.07.2025 04:15;57,1648
09.07.2025 04:30;57,4548
09.07.2025 04:45;71,3748
09.07.2025 05:00;86,7448
09.07.2025 05:15;105,5832
09.07.2025 05:30;114,2948
09.07.2025 05:45;122,7976
09.07.2025 06:00;141,7578
09.07.2025 06:15;177,2886
09.07.2025 06:30;177,4452
09.07.2025 06:45;203,2784
09.07.2025 07:00;201,6254
09.07.2025 07:15;179,104
09.07.2025 07:30;190,0254
09.07.2025 07:45;209,2002
09.07.2025 08:00;213,3356
09.07.2025 08:15;207,2282
09.07.2025 08:30;187,282
09.07.2025 08:45;147,8942
09.07.2025 09:00;174,841
09.07.2025 09:15;193,1458
09.07.2025 09:30;187,0848
09.07.2025 09:45;189,3062
09.07.2025 10:00;193,633
09.07.2025 10:15;208,423
09.07.2025 10:30;208,1272
09.07.2025 10:45;159,1984
09.07.2025 11:00;175,392
09.07.2025 11:15;192,7514
09.07.2025 11:30;170,1256
09.07.2025 11:45;187,5894
09.07.2025 12:00;181,453
09.07.2025 12:15;137,1932
09.07.2025 12:30;175,7574
09.07.2025 12:45;191,6958
09.07.2025 13:00;204,247
09.07.2025 13:15;186,7716
09.07.2025 13:30;210,134
09.07.2025 13:45;194,8568
09.07.2025 14:00;187,5024
09.07.2025 14:15;147,5636
09.07.2025 14:30;117,9662
09.07.2025 14:45;115,7854
09.07.2025 15:00;110,5538
09.07.2025 15:15;107,097
09.07.2025 15:30;95,613
09.07.2025 15:45;92,858
09.07.2025 16:00;89,6622
09.07.2025 16:15;88,4268
09.07.2025 16:30;88,2934
09.07.2025 16:45;86,8608
09.07.2025 17:00;89,204
09.07.2025 17:15;86,6984
09.07.2025 17:30;81,345
09.07.2025 17:45;84,68
09.07.2025 18:00;81,3334
09.07.2025 18:15;68,4168
09.07.2025 18:30;67,802
09.07.2025 18:45;66,0504
09.07.2025 19:00;69,6464
09.07.2025 19:15;67,889
09.07.2025 19:30;65,888
09.07.2025 19:45;71,05
09.07.2025 20:00;73,486
09.07.2025 20:15;65,366
09.07.2025 20:30;65,0992
09.07.2025 20:45;62,0252
09.07.2025 21:00;65,8358
09.07.2025 21:15;64,9832
09.07.2025 21:30;63,945
09.07.2025 21:45;64,2524
09.07.2025 22:00;66,1896
09.07.2025 22:15;68,7648
09.07.2025 22:30;68,73
09.07.2025 22:45;68,44
09.07.2025 23:00;68,73
09.07.2025 23:15;63,22
09.07.2025 23:30;63,51
09.07.2025 23:45;66,41
10.07.2025 00:00;63,22
10.07.2025 00:15;65,25
10.07.2025 00:30;65,83
10.07.2025 00:45;63,8
10.07.2025 01:00;66,41
10.07.2025 01:15;65,25
10.07.2025 01:30;65,54
10.07.2025 01:45;65,83
10.07.2025 02:00;64,09
10.07.2025 02:15;64,96
10.07.2025 02:30;67,57
10.07.2025 02:45;65,8648
10.07.2025 03:00;66,7348
10.07.2025 03:15;67,6048
10.07.2025 03:30;66,7348
10.07.2025 03:45;65,2848
10.07.2025 04:00;67,0132
10.07.2025 04:15;67,0248
10.07.2025 04:30;65,5748
10.07.2025 04:45;82,6848
10.07.2025 05:00;105,5948
10.07.2025 05:15;109,9448
10.07.2025 05:30;121,5448
10.07.2025 05:45;124,2708
10.07.2025 06:00;130,645
10.07.2025 06:15;142,8192
10.07.2025 06:30;172,0106
10.07.2025 06:45;188,993
10.07.2025 07:00;173,5766
10.07.2025 07:15;153,0736
10.07.2025 07:30;173,1532
10.07.2025 07:45;188,8132
10.07.2025 08:00;201,3064
10.07.2025 08:15;196,6838
10.07.2025 08:30;186,2612
10.07.2025 08:45;141,926
10.07.2025 09:00;188,6856
10.07.2025 09:15;187,456
10.07.2025 09:30;188,1172
10.07.2025 09:45;185,6928
10.07.2025 10:00;203,609
10.07.2025 10:15;180,177
10.07.2025 10:30;178,6052
10.07.2025 10:45;167,2604
10.07.2025 11:00;167,1038
10.07.2025 11:15;210,5922
10.07.2025 11:30;206,0566
10.07.2025 11:45;197,055
10.07.2025 12:00;171,3726
10.07.2025 12:15;148,8222
10.07.2025 12:30;163,4324
10.07.2025 12:45;183,3438
10.07.2025 13:00;192,8674
10.07.2025 13:15;169,6152
10.07.2025 13:30;155,208
10.07.2025 13:45;172,2136
10.07.2025 14:00;164,5692
10.07.2025 14:15;150,568
10.07.2025 14:30;129,7054
10.07.2025 14:45;113,2218
10.07.2025 15:00;112,114
10.07.2025 15:15;102,0452
10.07.2025 15:30;78,4276
10.07.2025 15:45;75,8176
10.07.2025 16:00;74,3734
10.07.2025 16:15;73,66
10.07.2025 16:30;75,6378
10.07.2025 16:45;73,9036
10.07.2025 17:00;71,9026
10.07.2025 17:15;69,8668
10.07.2025 17:30;70,4062
10.07.2025 17:45;58,4698
10.07.2025 18:00;54,433
10.07.2025 18:15;56,3412
10.07.2025 18:30;56,753
10.07.2025 18:45;70,76
10.07.2025 19:00;73,312
10.07.2025 19:15;68,6024
10.07.2025 19:30;54,7056
10.07.2025 19:45;61,6308
10.07.2025 20:00;58,319
10.07.2025 20:15;57,8376
10.07.2025 20:30;59,8908
10.07.2025 20:45;54,752
10.07.2025 21:00;54,8042
10.07.2025 21:15;54,3344
10.07.2025 21:30;54,0386
10.07.2025 21:45;53,447
10.07.2025 22:00;59,5138
10.07.2025 22:15;60,3548
10.07.2025 22:30;60,9
10.07.2025 22:45;61,48
10.07.2025 23:00;58
10.07.2025 23:15;53,36
10.07.2025 23:30;53,65
10.07.2025 23:45;56,26
11.07.2025 00:00;54,52
11.07.2025 00:15;54,52
11.07.2025 00:30;54,81
11.07.2025 00:45;54,81
11.07.2025 01:00;55,1
11.07.2025 01:15;54,81
11.07.2025 01:30;54,52
11.07.2025 01:45;54,52
11.07.2025 02:00;55,1
11.07.2025 02:15;55,1
11.07.2025 02:30;56,26
11.07.2025 02:45;56,5848
11.07.2025 03:00;56,8748
11.07.2025 03:15;56,8748
11.07.2025 03:30;56,8748
11.07.2025 03:45;56,8748
11.07.2025 04:00;58,0348
11.07.2025 04:15;56,8864
11.07.2025 04:30;57,1648
11.07.2025 04:45;70,2148
11.07.2025 05:00;94,8648
11.07.2025 05:15;106,1748
11.07.2025 05:30;105,0148
11.07.2025 05:45;112,2648
11.07.2025 06:00;126,5096
11.07.2025 06:15;161,1298
11.07.2025 06:30;182,5782
11.07.2025 06:45;185,02
11.07.2025 07:00;197,0086
11.07.2025 07:15;169,9632
11.07.2025 07:30;205,4186
11.07.2025 07:45;199,0154
11.07.2025 08:00;210,1282
11.07.2025 08:15;191,2434
11.07.2025 08:30;178,0426
11.07.2025 08:45;145,5394
11.07.2025 09:00;168,5132
11.07.2025 09:15;195,1758
11.07.2025 09:30;197,5828
11.07.2025 09:45;190,6054
11.07.2025 10:00;183,3322
11.07.2025 10:15;174,87
11.07.2025 10:30;179,1388
11.07.2025 10:45;169,3484
11.07.2025 11:00;168,5712
11.07.2025 11:15;169,4876
11.07.2025 11:30;172,8574
11.07.2025 11:45;165,4508
11.07.2025 12:00;147,2562
11.07.2025 12:15;131,5092
11.07.2025 12:30;94,0064
11.07.2025 12:45;79,3672
11.07.2025 13:00;79,0134
11.07.2025 13:15;76,2758
11.07.2025 13:30;79,7964
11.07.2025 13:45;69,2984
11.07.2025 14:00;69,7392
11.07.2025 14:15;68,3124
11.07.2025 14:30;72,0244
11.07.2025 14:45;74,5358
11.07.2025 15:00;67,1234
11.07.2025 15:15;65,018
11.07.2025 15:30;68,2196
11.07.2025 15:45;63,5738
11.07.2025 16:00;57,1068
11.07.2025 16:15;53,7138
11.07.2025 16:30;56,3006
11.07.2025 16:45;53,8762
11.07.2025 17:00;53,6558
11.07.2025 17:15;54,8158
11.07.2025 17:30;51,6432
11.07.2025 17:45;51,7708
11.07.2025 18:00;52,9714
11.07.2025 18:15;54,2184
11.07.2025 18:30;53,2208
11.07.2025 18:45;51,3184
11.07.2025 19:00;49,8278
11.07.2025 19:15;51,0284
11.07.2025 19:30;51,5852
11.07.2025 19:45;52,7626
11.07.2025 20:00;51,5214
11.07.2025 20:15;51,4054
11.07.2025 20:30;52,1246
11.07.2025 20:45;50,1526
11.07.2025 21:00;52,1942
11.07.2025 21:15;52,8322
11.07.2025 21:30;51,7766
11.07.2025 21:45;52,1246
11.07.2025 22:00;57,0024
11.07.2025 22:15;55,1348
11.07.2025 22:30;57,13
11.07.2025 22:45;58
11.07.2025 23:00;57,71
11.07.2025 23:15;53,65
11.07.2025 23:30;55,39
11.07.2025 23:45;54,23
12.07.2025 00:00;52,2
12.07.2025 00:15;54,52
12.07.2025 00:30;55,1
12.07.2025 00:45;54,81
12.07.2025 01:00;54,52
12.07.2025 01:15;55,39
12.07.2025 01:30;55,1
12.07.2025 01:45;54,81
12.07.2025 02:00;53,65
12.07.2025 02:15;54,81
12.07.2025 02:30;55,68
12.07.2025 02:45;56,0048
12.07.2025 03:00;56,2948
12.07.2025 03:15;56,2948
12.07.2025 03:30;56,2948
12.07.2025 03:45;56,2948
12.07.2025 04:00;54,5548
12.07.2025 04:15;56,5848
12.07.2025 04:30;56,2948
12.07.2025 04:45;56,8748
12.07.2025 05:00;56,0048
12.07.2025 05:15;59,4732
12.07.2025 05:30;56,2948
12.07.2025 05:45;82,0874
12.07.2025 06:00;92,7014
12.07.2025 06:15;100,8852
12.07.2025 06:30;107,5726
12.07.2025 06:45;109,0516
12.07.2025 07:00;106,6214
12.07.2025 07:15;100,1428
12.07.2025 07:30;102,1844
12.07.2025 07:45;106,778
12.07.2025 08:00;108,4078
12.07.2025 08:15;103,414
12.07.2025 08:30;96,4888
12.07.2025 08:45;93,5656
12.07.2025 09:00;98,0606
12.07.2025 09:15;101,9872
12.07.2025 09:30;109,417
12.07.2025 09:45;106,749
12.07.2025 10:00;103,1298
12.07.2025 10:15;98,1592
12.07.2025 10:30;104,7538
12.07.2025 10:45;108,1236
12.07.2025 11:00;100,6416
12.07.2025 11:15;65,5574
12.07.2025 11:30;54,2126
12.07.2025 11:45;52,2522
12.07.2025 12:00;52,3102
12.07.2025 12:15;49,5784
12.07.2025 12:30;50,9298
12.07.2025 12:45;51,8114
12.07.2025 13:00;50,9936
12.07.2025 13:15;48,894
12.07.2025 13:30;49,0506
12.07.2025 13:45;52,142
12.07.2025 14:00;50,9588
12.07.2025 14:15;51,4286
12.07.2025 14:30;48,0878
12.07.2025 14:45;50,2976
12.07.2025 15:00;50,0656
12.07.2025 15:15;50,7558
12.07.2025 15:30;51,1502
12.07.2025 15:45;49,6132
12.07.2025 16:00;49,0158
12.07.2025 16:15;51,301
12.07.2025 16:30;50,8602
12.07.2025 16:45;53,1512
12.07.2025 17:00;51,7592
12.07.2025 17:15;49,8162
12.07.2025 17:30;49,7814
12.07.2025 17:45;51,3764
12.07.2025 18:00;50,7906
12.07.2025 18:15;51,6838
12.07.2025 18:30;51,1618
12.07.2025 18:45;50,0772
12.07.2025 19:00;50,6108
12.07.2025 19:15;50,9066
12.07.2025 19:30;51,9216
12.07.2025 19:45;51,127
12.07.2025 20:00;51,3764
12.07.2025 20:15;50,0076
12.07.2025 20:30;50,3904
12.07.2025 20:45;51,0806
12.07.2025 21:00;51,8404
12.07.2025 21:15;50,9994
12.07.2025 21:30;50,4194
12.07.2025 21:45;51,0168
12.07.2025 22:00;56,9212
12.07.2025 22:15;57,7332
12.07.2025 22:30;57,71
12.07.2025 22:45;55,68
12.07.2025 23:00;57,42
12.07.2025 23:15;52,78
12.07.2025 23:30;54,23
12.07.2025 23:45;54,81
13.07.2025 00:00;52,78
13.07.2025 00:15;54,81
13.07.2025 00:30;54,81
13.07.2025 00:45;55,68
13.07.2025 01:00;54,52
13.07.2025 01:15;52,2
13.07.2025 01:30;54,81
13.07.2025 01:45;54,52
13.07.2025 02:00;54,52
13.07.2025 02:15;54,81
13.07.2025 02:30;53,65
13.07.2025 02:45;55,7148
13.07.2025 03:00;58,3132
13.07.2025 03:15;56,2948
13.07.2025 03:30;56,0048
13.07.2025 03:45;54,2648
13.07.2025 04:00;55,1348
13.07.2025 04:15;55,7032
13.07.2025 04:30;56,0048
13.07.2025 04:45;55,7148
13.07.2025 05:00;55,4248
13.07.2025 05:15;57,1648
13.07.2025 05:30;55,7032
13.07.2025 05:45;53,099
13.07.2025 06:00;53,3194
13.07.2025 06:15;52,983
13.07.2025 06:30;50,5644
13.07.2025 06:45;53,273
13.07.2025 07:00;52,5828
13.07.2025 07:15;52,7858
13.07.2025 07:30;52,0202
13.07.2025 07:45;49,8278
13.07.2025 08:00;52,6292
13.07.2025 08:15;53,1106
13.07.2025 08:30;51,2314
13.07.2025 08:45;50,8196
13.07.2025 09:00;48,0646
13.07.2025 09:15;51,3068
13.07.2025 09:30;51,0052
13.07.2025 09:45;50,6514
13.07.2025 10:00;50,7558
13.07.2025 10:15;48,9114
13.07.2025 10:30;51,2604
13.07.2025 10:45;50,6862
13.07.2025 11:00;50,6572
13.07.2025 11:15;47,908
13.07.2025 11:30;51,4518
13.07.2025 11:45;50,6456
13.07.2025 12:00;50,0308
13.07.2025 12:15;47,5368
13.07.2025 12:30;50,2164
13.07.2025 12:45;50,8486
13.07.2025 13:00;50,9646
13.07.2025 13:15;50,3962
13.07.2025 13:30;49,3348
13.07.2025 13:45;49,2478
13.07.2025 14:00;53,0062
13.07.2025 14:15;51,359
13.07.2025 14:30;51,3242
13.07.2025 14:45;51,5446
13.07.2025 15:00;47,6992
13.07.2025 15:15;51,2894
13.07.2025 15:30;50,7558
13.07.2025 15:45;50,953
13.07.2025 16:00;51,2546
13.07.2025 16:15;49,9612
13.07.2025 16:30;49,068
13.07.2025 16:45;50,663
13.07.2025 17:00;51,7998
13.07.2025 17:15;50,7906
13.07.2025 17:30;49,0042
13.07.2025 17:45;48,343
13.07.2025 18:00;50,5064
13.07.2025 18:15;50,576
13.07.2025 18:30;50,7732
13.07.2025 18:45;50,4078
13.07.2025 19:00;50,1526
13.07.2025 19:15;49,213
13.07.2025 19:30;49,8684
13.07.2025 19:45;50,3034
13.07.2025 20:00;51,4228
13.07.2025 20:15;51,1676
13.07.2025 20:30;49,8104
13.07.2025 20:45;50,402
13.07.2025 21:00;51,1618
13.07.2025 21:15;51,4808
13.07.2025 21:30;50,9936
13.07.2025 21:45;52,316
13.07.2025 22:00;54,3518
13.07.2025 22:15;57,1648
13.07.2025 22:30;57,42
13.07.2025 22:45;57,42
13.07.2025 23:00;56,26
13.07.2025 23:15;51,62
13.07.2025 23:30;53,65
13.07.2025 23:45;54,23
14.07.2025 00:00;54,23
14.07.2025 00:15;53,36
14.07.2025 00:30;52,49
14.07.2025 00:45;53,94
14.07.2025 01:00;53,94
14.07.2025 01:15;56,26
14.07.2025 01:30;52,49
14.07.2025 01:45;53,65
14.07.2025 02:00;53,94
14.07.2025 02:15;54,52
14.07.2025 02:30;54,81
14.07.2025 02:45;52,8148
14.07.2025 03:00;54,5548
14.07.2025 03:15;54,8332
14.07.2025 03:30;54,8448
14.07.2025 03:45;54,8448
14.07.2025 04:00;53,3948
14.07.2025 04:15;54,5432
14.07.2025 04:30;54,8448
14.07.2025 04:45;65,5748
14.07.2025 05:00;82,1048
14.07.2025 05:15;93,6932
14.07.2025 05:30;107,0506
14.07.2025 05:45;125,1814
14.07.2025 06:00;141,4852
14.07.2025 06:15;146,4964
14.07.2025 06:30;167,243
14.07.2025 06:45;164,2386
14.07.2025 07:00;168,4552
14.07.2025 07:15;160,1322
14.07.2025 07:30;186,4758
14.07.2025 07:45;198,3542
14.07.2025 08:00;193,343
14.07.2025 08:15;197,9656
14.07.2025 08:30;190,4198
14.07.2025 08:45;151,4322
14.07.2025 09:00;187,5778
14.07.2025 09:15;210,453
14.07.2025 09:30;201,2078
14.07.2025 09:45;219,8374
14.07.2025 10:00;199,5084
14.07.2025 10:15;163,4382
14.07.2025 10:30;154,3496
14.07.2025 10:45;148,5264
14.07.2025 11:00;162,139
14.07.2025 11:15;173,1358
14.07.2025 11:30;165,4856
14.07.2025 11:45;175,4616
14.07.2025 12:00;155,7068
14.07.2025 12:15;144,9304
14.07.2025 12:30;170,4214
14.07.2025 12:45;197,2406
14.07.2025 13:00;231,0836
14.07.2025 13:15;172,6544
14.07.2025 13:30;191,0578
14.07.2025 13:45;155,5908
14.07.2025 14:00;141,6766
14.07.2025 14:15;116,9454
14.07.2025 14:30;110,7742
14.07.2025 14:45;107,039
14.07.2025 15:00;112,085
14.07.2025 15:15;111,3658
14.07.2025 15:30;90,045
14.07.2025 15:45;85,1324
14.07.2025 16:00;86,652
14.07.2025 16:15;82,563
14.07.2025 16:30;86,9942
14.07.2025 16:45;88,1136
14.07.2025 17:00;82,2266
14.07.2025 17:15;63,3766
14.07.2025 17:30;59,3108
14.07.2025 17:45;58,8004
14.07.2025 18:00;62,089
14.07.2025 18:15;58,5336
14.07.2025 18:30;55,825
14.07.2025 18:45;56,3876
14.07.2025 19:00;56,4862
14.07.2025 19:15;56,0454
14.07.2025 19:30;53,9284
14.07.2025 19:45;54,607
14.07.2025 20:00;55,4422
14.07.2025 20:15;57,014
14.07.2025 20:30;69,9422
14.07.2025 20:45;61,1958
14.07.2025 21:00;56,1498
14.07.2025 21:15;58,1218
14.07.2025 21:30;53,1222
14.07.2025 21:45;54,8506
14.07.2025 22:00;58,9048
14.07.2025 22:15;58,6148
14.07.2025 22:30;58,58
14.07.2025 22:45;57,42
14.07.2025 23:00;56,84
14.07.2025 23:15;53,07
14.07.2025 23:30;55,97
14.07.2025 23:45;55,39
15.07.2025 00:00;52,49
15.07.2025 00:15;54,23
15.07.2025 00:30;54,52
15.07.2025 00:45;54,52
15.07.2025 01:00;54,23
15.07.2025 01:15;51,91
15.07.2025 01:30;53,94
15.07.2025 01:45;54,23
15.07.2025 02:00;55,1
15.07.2025 02:15;53,07
15.07.2025 02:30;54,52
15.07.2025 02:45;55,4248
15.07.2025 03:00;55,4132
15.07.2025 03:15;55,7148
15.07.2025 03:30;52,8148
15.07.2025 03:45;55,4248
15.07.2025 04:00;55,4248
15.07.2025 04:15;65,8532
15.07.2025 04:30;73,1148
15.07.2025 04:45;78,3348
15.07.2025 05:00;98,0548
15.07.2025 05:15;109,3648
15.07.2025 05:30;112,8332
15.07.2025 05:45;120,9648
15.07.2025 06:00;127,0722
15.07.2025 06:15;152,1282
15.07.2025 06:30;165,9438
15.07.2025 06:45;150,8174
15.07.2025 07:00;161,8606
15.07.2025 07:15;138,3126
15.07.2025 07:30;166,0018
15.07.2025 07:45;185,6232
15.07.2025 08:00;183,831
15.07.2025 08:15;202,2344
15.07.2025 08:30;189,9848
15.07.2025 08:45;162,7132
15.07.2025 09:00;178,6632
15.07.2025 09:15;201,405
15.07.2025 09:30;173,5128
15.07.2025 09:45;161,675
15.07.2025 10:00;172,6718
15.07.2025 10:15;189,3352
15.07.2025 10:30;190,0196
15.07.2025 10:45;184,5792
15.07.2025 11:00;188,0418
15.07.2025 11:15;178,06
15.07.2025 11:30;192,4846
15.07.2025 11:45;187,3632
15.07.2025 12:00;160,8514
15.07.2025 12:15;145,5336
15.07.2025 12:30;157,963
15.07.2025 12:45;180,8788
15.07.2025 13:00;192,6064
15.07.2025 13:15;182,6942
15.07.2025 13:30;192,5484
15.07.2025 13:45;176,668
15.07.2025 14:00;170,9782
15.07.2025 14:15;152,482
15.07.2025 14:30;113,1986
15.07.2025 14:45;111,6848
15.07.2025 15:00;107,1028
15.07.2025 15:15;103,3154
15.07.2025 15:30;87,1218
15.07.2025 15:45;88,7864
15.07.2025 16:00;78,6596
15.07.2025 16:15;83,5548
15.07.2025 16:30;81,809
15.07.2025 16:45;84,3842
15.07.2025 17:00;83,5142
15.07.2025 17:15;76,0206
15.07.2025 17:30;75,226
15.07.2025 17:45;70,3482
15.07.2025 18:00;57,6694
15.07.2025 18:15;71,4096
15.07.2025 18:30;67,947
15.07.2025 18:45;53,5224
15.07.2025 19:00;55,7554
15.07.2025 19:15;58,029
15.07.2025 19:30;53,7022
15.07.2025 19:45;57,0546
15.07.2025 20:00;56,2658
15.07.2025 20:15;59,015
15.07.2025 20:30;56,9444
15.07.2025 20:45;68,9736
15.07.2025 21:00;73,4048
15.07.2025 21:15;59,595
15.07.2025 21:30;57,826
15.07.2025 21:45;56,8632
15.07.2025 22:00;60,0648
15.07.2025 22:15;58,6032
15.07.2025 22:30;58
15.07.2025 22:45;57,42
15.07.2025 23:00;58,58
15.07.2025 23:15;52,49
15.07.2025 23:30;53,36
15.07.2025 23:45;55,1
16.07.2025 00:00;54,81
16.07.2025 00:15;55,39
16.07.2025 00:30;51,33
16.07.2025 00:45;54,52
16.07.2025 01:00;54,52
16.07.2025 01:15;54,52
16.07.2025 01:30;53,94
16.07.2025 01:45;52,78
16.07.2025 02:00;54,81
16.07.2025 02:15;54,81
16.07.2025 02:30;55,39
16.07.2025 02:45;53,6848
16.07.2025 03:00;57,4548
16.07.2025 03:15;55,4132
16.07.2025 03:30;56,2948
16.07.2025 03:45;56,2948
16.07.2025 04:00;54,2532
16.07.2025 04:15;56,5848
16.07.2025 04:30;63,8348
16.07.2025 04:45;93,4032
16.07.2025 05:00;105,8848
16.07.2025 05:15;120,6748
16.07.2025 05:30;126,1732
16.07.2025 05:45;151,1248
16.07.2025 06:00;129,804
16.07.2025 06:15;151,7802
16.07.2025 06:30;196,3648
16.07.2025 06:45;173,2054
16.07.2025 07:00;170,4736
16.07.2025 07:15;148,7062
16.07.2025 07:30;160,4338
16.07.2025 07:45;171,8656
16.07.2025 08:00;206,19
16.07.2025 08:15;185,2578
16.07.2025 08:30;159,6276
16.07.2025 08:45;142,6684
16.07.2025 09:00;158,6184
16.07.2025 09:15;203,2262
16.07.2025 09:30;185,6348
16.07.2025 09:45;195,9704
16.07.2025 10:00;173,9478
16.07.2025 10:15;178,1702
16.07.2025 10:30;181,018
16.07.2025 10:45;179,4868
16.07.2025 11:00;185,455
16.07.2025 11:15;213,3936
16.07.2025 11:30;231,768
16.07.2025 11:45;197,9888
16.07.2025 12:00;178,292
16.07.2025 12:15;144,7506
16.07.2025 12:30;186,1568
16.07.2025 12:45;201,4398
16.07.2025 13:00;193,3836
16.07.2025 13:15;168,5306
16.07.2025 13:30;173,5302
16.07.2025 13:45;165,1724
16.07.2025 14:00;172,6834
16.07.2025 14:15;151,0668
16.07.2025 14:30;127,7334
16.07.2025 14:45;120,321
16.07.2025 15:00;130,9234
16.07.2025 15:15;119,8222
16.07.2025 15:30;87,667
16.07.2025 15:45;81,8264
16.07.2025 16:00;82,8472
16.07.2025 16:15;81,432
16.07.2025 16:30;82,8588
16.07.2025 16:45;88,2122
16.07.2025 17:00;80,5562
16.07.2025 17:15;76,5774
16.07.2025 17:30;65,685
16.07.2025 17:45;69,3158
16.07.2025 18:00;54,0444
16.07.2025 18:15;54,4852
16.07.2025 18:30;57,7506
16.07.2025 18:45;57,3446
16.07.2025 19:00;62,5646
16.07.2025 19:15;62,8546
16.07.2025 19:30;55,5466
16.07.2025 19:45;55,4944
16.07.2025 20:00;53,8298
16.07.2025 20:15;57,7506
16.07.2025 20:30;60,1518
16.07.2025 20:45;64,2002
16.07.2025 21:00;55,5408
16.07.2025 21:15;53,5862
16.07.2025 21:30;53,7022
16.07.2025 21:45;55,6162
16.07.2025 22:00;58,9048
16.07.2025 22:15;59,4732
16.07.2025 22:30;58,87
16.07.2025 22:45;58,87
16.07.2025 23:00;58,58
16.07.2025 23:15;53,94
16.07.2025 23:30;54,52
16.07.2025 23:45;55,68
17.07.2025 00:00;54,23
17.07.2025 00:15;54,81
17.07.2025 00:30;55,39
17.07.2025 00:45;55,39
17.07.2025 01:00;54,81
17.07.2025 01:15;55,1
17.07.2025 01:30;55,68
17.07.2025 01:45;55,1
17.07.2025 02:00;55,68
17.07.2025 02:15;55,1
17.07.2025 02:30;55,68
17.07.2025 02:45;56,8748
17.07.2025 03:00;56,5732
17.07.2025 03:15;56,8748
17.07.2025 03:30;56,2832
17.07.2025 03:45;56,5848
17.07.2025 04:00;58,6148
17.07.2025 04:15;64,1132
17.07.2025 04:30;73,6948
17.07.2025 04:45;83,2648
17.07.2025 05:00;93,9832
17.07.2025 05:15;114,2948
17.07.2025 05:30;121,5448
17.07.2025 05:45;129,2472
17.07.2025 06:00;141,3286
17.07.2025 06:15;171,3842
17.07.2025 06:30;180,1886
17.07.2025 06:45;203,551
17.07.2025 07:00;184,3704
17.07.2025 07:15;154,918
17.07.2025 07:30;171,941
17.07.2025 07:45;191,69
17.07.2025 08:00;194,851
17.07.2025 08:15;188,9698
17.07.2025 08:30;173,768
17.07.2025 08:45;152,9344
17.07.2025 09:00;173,9884
17.07.2025 09:15;191,9046
17.07.2025 09:30;200,506
17.07.2025 09:45;189,776
17.07.2025 10:00;198,5166
17.07.2025 10:15;182,9842
17.07.2025 10:30;190,327
17.07.2025 10:45;185,3042
17.07.2025 11:00;188,065
17.07.2025 11:15;198,1222
17.07.2025 11:30;189,0626
17.07.2025 11:45;194,1318
17.07.2025 12:00;172,7936
17.07.2025 12:15;155,9794
17.07.2025 12:30;172,0918
17.07.2025 12:45;191,9568
17.07.2025 13:00;193,807
17.07.2025 13:15;193,9694
17.07.2025 13:30;182,5782
17.07.2025 13:45;180,4496
17.07.2025 14:00;174,6264
17.07.2025 14:15;140,099
17.07.2025 14:30;124,729
17.07.2025 14:45;119,5844
17.07.2025 15:00;123,4704
17.07.2025 15:15;113,2102
17.07.2025 15:30;95,3578
17.07.2025 15:45;94,4472
17.07.2025 16:00;88,5196
17.07.2025 16:15;74,1878
17.07.2025 16:30;66,4332
17.07.2025 16:45;60,5752
17.07.2025 17:00;59,9024
17.07.2025 17:15;62,5008
17.07.2025 17:30;61,6598
17.07.2025 17:45;67,222
17.07.2025 18:00;62,93
17.07.2025 18:15;61,1436
17.07.2025 18:30;58,8352
17.07.2025 18:45;56,2832
17.07.2025 19:00;55,2798
17.07.2025 19:15;57,9826
17.07.2025 19:30;53,447
17.07.2025 19:45;52,838
17.07.2025 20:00;51,3416
17.07.2025 20:15;52,7626
17.07.2025 20:30;52,4378
17.07.2025 20:45;64,7686
17.07.2025 21:00;60,784
17.07.2025 21:15;56,898
17.07.2025 21:30;59,2064
17.07.2025 21:45;58,116
17.07.2025 22:00;60,0532
17.07.2025 22:15;60,0648
17.07.2025 22:30;59,16
17.07.2025 22:45;58,87
17.07.2025 23:00;58,58
17.07.2025 23:15;53,65
17.07.2025 23:30;53,94
17.07.2025 23:45;53,65
18.07.2025 00:00;55,39
18.07.2025 00:15;55,39
18.07.2025 00:30;55,1
18.07.2025 00:45;55,1
18.07.2025 01:00;54,52
18.07.2025 01:15;54,81
18.07.2025 01:30;54,52
18.07.2025 01:45;56,84
18.07.2025 02:00;54,23
18.07.2025 02:15;55,1
18.07.2025 02:30;55,1
18.07.2025 02:45;56,2832
18.07.2025 03:00;56,5848
18.07.2025 03:15;56,0048
18.07.2025 03:30;55,7148
18.07.2025 03:45;55,4132
18.07.2025 04:00;55,4248
18.07.2025 04:15;64,7048
18.07.2025 04:30;73,4048
18.07.2025 04:45;83,5432
18.07.2025 05:00;98,9248
18.07.2025 05:15;112,8448
18.07.2025 05:30;117,4848
18.07.2025 05:45;121,8232
18.07.2025 06:00;133,2492
18.07.2025 06:15;149,089
18.07.2025 06:30;180,2002
18.07.2025 06:45;188,3028
18.07.2025 07:00;177,5728
18.07.2025 07:15;162,6552
18.07.2025 07:30;165,561
18.07.2025 07:45;193,7838
18.07.2025 08:00;193,6272
18.07.2025 08:15;194,8858
18.07.2025 08:30;178,5994
18.07.2025 08:45;151,3104
18.07.2025 09:00;164,9056
18.07.2025 09:15;177,3756
18.07.2025 09:30;174,2784
18.07.2025 09:45;169,244
18.07.2025 10:00;185,3448
18.07.2025 10:15;178,0484
18.07.2025 10:30;161,2922
18.07.2025 10:45;162,052
18.07.2025 11:00;168,7104
18.07.2025 11:15;167,9332
18.07.2025 11:30;158,0152
18.07.2025 11:45;143,2078
18.07.2025 12:00;140,1338
18.07.2025 12:15;126,2428
18.07.2025 12:30;73,6194
18.07.2025 12:45;69,7972
18.07.2025 13:00;68,0108
18.07.2025 13:15;75,1796
18.07.2025 13:30;70,1974
18.07.2025 13:45;76,5542
18.07.2025 14:00;69,7392
18.07.2025 14:15;68,2776
18.07.2025 14:30;66,2592
18.07.2025 14:45;66,3636
18.07.2025 15:00;64,4728
18.07.2025 15:15;65,3486
18.07.2025 15:30;70,9108
18.07.2025 15:45;68,4052
18.07.2025 16:00;62,785
18.07.2025 16:15;67,2858
18.07.2025 16:30;67,947
18.07.2025 16:45;62,8082
18.07.2025 17:00;62,7328
18.07.2025 17:15;59,8386
18.07.2025 17:30;64,0552
18.07.2025 17:45;56,3064
18.07.2025 18:00;55,506
18.07.2025 18:15;54,2184
18.07.2025 18:30;50,7094
18.07.2025 18:45;51,2488
18.07.2025 19:00;51,8984
18.07.2025 19:15;51,8288
18.07.2025 19:30;51,9448
18.07.2025 19:45;51,8172
18.07.2025 20:00;51,9274
18.07.2025 20:15;51,8636
18.07.2025 20:30;50,5296
18.07.2025 20:45;51,562
18.07.2025 21:00;52,577
18.07.2025 21:15;52,6582
18.07.2025 21:30;51,9274
18.07.2025 21:45;54,8042
18.07.2025 22:00;57,1126
18.07.2025 22:15;58,3248
18.07.2025 22:30;60,03
18.07.2025 22:45;56,55
18.07.2025 23:00;58,29
18.07.2025 23:15;53,36
18.07.2025 23:30;53,94
18.07.2025 23:45;54,81
19.07.2025 00:00;55,1
19.07.2025 00:15;55,39
19.07.2025 00:30;54,52
19.07.2025 00:45;54,81
19.07.2025 01:00;54,23
19.07.2025 01:15;53,36
19.07.2025 01:30;54,52
19.07.2025 01:45;54,23
19.07.2025 02:00;55,39
19.07.2025 02:15;54,81
19.07.2025 02:30;55,39
19.07.2025 02:45;55,7148
19.07.2025 03:00;56,2832
19.07.2025 03:15;56,5848
19.07.2025 03:30;56,8748
19.07.2025 03:45;56,5848
19.07.2025 04:00;56,2948
19.07.2025 04:15;56,0048
19.07.2025 04:30;55,7148
19.07.2025 04:45;56,5848
19.07.2025 05:00;56,2948
19.07.2025 05:15;60,3548
19.07.2025 05:30;57,4548
19.07.2025 05:45;73,5382
19.07.2025 06:00;85,2948
19.07.2025 06:15;90,799
19.07.2025 06:30;91,7792
19.07.2025 06:45;102,2366
19.07.2025 07:00;93,67
19.07.2025 07:15;90,886
19.07.2025 07:30;89,378
19.07.2025 07:45;101,7088
19.07.2025 08:00;95,6072
19.07.2025 08:15;90,2538
19.07.2025 08:30;90,364
19.07.2025 08:45;84,4712
19.07.2025 09:00;88,4442
19.07.2025 09:15;88,4442
19.07.2025 09:30;90,5264
19.07.2025 09:45;86,5708
19.07.2025 10:00;83,8506
19.07.2025 10:15;82,4586
19.07.2025 10:30;77,256
19.07.2025 10:45;84,825
19.07.2025 11:00;76,9892
19.07.2025 11:15;63,1852
19.07.2025 11:30;55,4016
19.07.2025 11:45;51,2836
19.07.2025 12:00;49,6944
19.07.2025 12:15;51,3996
19.07.2025 12:30;51,8404
19.07.2025 12:45;51,0632
19.07.2025 13:00;52,6988
19.07.2025 13:15;51,9564
19.07.2025 13:30;52,7046
19.07.2025 13:45;53,1802
19.07.2025 14:00;50,6514
19.07.2025 14:15;54,3634
19.07.2025 14:30;53,1628
19.07.2025 14:45;51,7592
19.07.2025 15:00;53,4876
19.07.2025 15:15;52,3682
19.07.2025 15:30;52,7974
19.07.2025 15:45;51,8404
19.07.2025 16:00;53,5862
19.07.2025 16:15;52,8148
19.07.2025 16:30;52,7916
19.07.2025 16:45;52,3972
19.07.2025 17:00;52,7278
19.07.2025 17:15;51,8114
19.07.2025 17:30;51,3358
19.07.2025 17:45;52,1536
19.07.2025 18:00;53,9226
19.07.2025 18:15;53,882
19.07.2025 18:30;53,1396
19.07.2025 18:45;53,2498
19.07.2025 19:00;52,9656
19.07.2025 19:15;53,0062
19.07.2025 19:30;53,4006
19.07.2025 19:45;52,6234
19.07.2025 20:00;52,838
19.07.2025 20:15;53,8008
19.07.2025 20:30;52,5364
19.07.2025 20:45;52,7162
19.07.2025 21:00;53,0062
19.07.2025 21:15;53,012
19.07.2025 21:30;54,6824
19.07.2025 21:45;56,0744
19.07.2025 22:00;58,3248
19.07.2025 22:15;59,1948
19.07.2025 22:30;58,87
19.07.2025 22:45;59,16
19.07.2025 23:00;58,87
19.07.2025 23:15;53,94
19.07.2025 23:30;55,39
19.07.2025 23:45;55,68
20.07.2025 00:00;54,23
20.07.2025 00:15;54,81
20.07.2025 00:30;54,81
20.07.2025 00:45;55,39
20.07.2025 01:00;55,97
20.07.2025 01:15;55,68
20.07.2025 01:30;55,39
20.07.2025 01:45;54,81
20.07.2025 02:00;54,81
20.07.2025 02:15;55,39
20.07.2025 02:30;54,52
20.07.2025 02:45;53,9748
20.07.2025 03:00;54,5548
20.07.2025 03:15;54,8448
20.07.2025 03:30;55,7148
20.07.2025 03:45;55,7148
20.07.2025 04:00;55,4248
20.07.2025 04:15;55,1348
20.07.2025 04:30;54,8448
20.07.2025 04:45;54,5548
20.07.2025 05:00;53,9748
20.07.2025 05:15;59,7748
20.07.2025 05:30;59,4848
20.07.2025 05:45;53,3948
20.07.2025 06:00;52,5364
20.07.2025 06:15;51,8172
20.07.2025 06:30;52,3276
20.07.2025 06:45;51,8868
20.07.2025 07:00;50,5876
20.07.2025 07:15;53,1164
20.07.2025 07:30;52,3508
20.07.2025 07:45;51,6142
20.07.2025 08:00;52,2174
20.07.2025 08:15;52,3218
20.07.2025 08:30;52,3044
20.07.2025 08:45;51,765
20.07.2025 09:00;51,446
20.07.2025 09:15;49,271
20.07.2025 09:30;50,5818
20.07.2025 09:45;50,9704
20.07.2025 10:00;51,3242
20.07.2025 10:15;51,0168
20.07.2025 10:30;52,3392
20.07.2025 10:45;51,6722
20.07.2025 11:00;51,1328
20.07.2025 11:15;50,4078
20.07.2025 11:30;50,0482
20.07.2025 11:45;51,069
20.07.2025 12:00;52,1594
20.07.2025 12:15;52,5596
20.07.2025 12:30;51,591
20.07.2025 12:45;50,9762
20.07.2025 13:00;50,895
20.07.2025 13:15;51,8346
20.07.2025 13:30;51,6606
20.07.2025 13:45;51,1328
20.07.2025 14:00;50,7036
20.07.2025 14:15;52,0376
20.07.2025 14:30;53,0816
20.07.2025 14:45;53,6558
20.07.2025 15:00;52,461
20.07.2025 15:15;54,1256
20.07.2025 15:30;51,5446
20.07.2025 15:45;53,186
20.07.2025 16:00;53,2498
20.07.2025 16:15;53,6036
20.07.2025 16:30;51,9738
20.07.2025 16:45;51,8172
20.07.2025 17:00;52,7626
20.07.2025 17:15;50,9704
20.07.2025 17:30;51,1096
20.07.2025 17:45;53,0294
20.07.2025 18:00;52,751
20.07.2025 18:15;52,9946
20.07.2025 18:30;53,4006
20.07.2025 18:45;53,592
20.07.2025 19:00;52,9192
20.07.2025 19:15;53,708
20.07.2025 19:30;53,1512
20.07.2025 19:45;52,3624
20.07.2025 20:00;52,0782
20.07.2025 20:15;51,3822
20.07.2025 20:30;53,244
20.07.2025 20:45;51,1966
20.07.2025 21:00;52,6988
20.07.2025 21:15;52,1652
20.07.2025 21:30;52,5248
20.07.2025 21:45;56,2948
20.07.2025 22:00;58,9048
20.07.2025 22:15;57,7332
20.07.2025 22:30;58,29
20.07.2025 22:45;57,71
20.07.2025 23:00;58
20.07.2025 23:15;53,65
20.07.2025 23:30;53,65
20.07.2025 23:45;53,36
21.07.2025 00:00;55,1
21.07.2025 00:15;54,81
21.07.2025 00:30;54,52
21.07.2025 00:45;54,81
21.07.2025 01:00;55,1
21.07.2025 01:15;55,1
21.07.2025 01:30;55,1
21.07.2025 01:45;54,52
21.07.2025 02:00;53,07
21.07.2025 02:15;54,52
21.07.2025 02:30;54,52
21.07.2025 02:45;55,1348
21.07.2025 03:00;54,5548
21.07.2025 03:15;55,9932
21.07.2025 03:30;55,1348
21.07.2025 03:45;55,4248
21.07.2025 04:00;55,4248
21.07.2025 04:15;53,9748
21.07.2025 04:30;54,8448
21.07.2025 04:45;61,8048
21.07.2025 05:00;82,6906
21.07.2025 05:15;95,7348
21.07.2025 05:30;96,5932
21.07.2025 05:45;104,7248
21.07.2025 06:00;113,3842
21.07.2025 06:15;127,6406
21.07.2025 06:30;150,2026
21.07.2025 06:45;151,6352
21.07.2025 07:00;148,8338
21.07.2025 07:15;139,78
21.07.2025 07:30;144,9072
21.07.2025 07:45;149,814
21.07.2025 08:00;163,2236
21.07.2025 08:15;155,3008
21.07.2025 08:30;147,0706
21.07.2025 08:45;131,3294
21.07.2025 09:00;149,8778
21.07.2025 09:15;175,0904
21.07.2025 09:30;175,3456
21.07.2025 09:45;160,6658
21.07.2025 10:00;156,6348
21.07.2025 10:15;166,4716
21.07.2025 10:30;167,881
21.07.2025 10:45;164,9346
21.07.2025 11:00;167,0226
21.07.2025 11:15;175,2586
21.07.2025 11:30;162,5102
21.07.2025 11:45;161,2632
21.07.2025 12:00;155,9504
21.07.2025 12:15;133,4406
21.07.2025 12:30;151,3916
21.07.2025 12:45;163,8964
21.07.2025 13:00;150,7188
21.07.2025 13:15;147,639
21.07.2025 13:30;159,5406
21.07.2025 13:45;172,2252
21.07.2025 14:00;156,9654
21.07.2025 14:15;137,4136
21.07.2025 14:30;119,4974
21.07.2025 14:45;128,0988
21.07.2025 15:00;119,596
21.07.2025 15:15;113,1348
21.07.2025 15:30;90,7816
21.07.2025 15:45;89,3838
21.07.2025 16:00;90,1088
21.07.2025 16:15;91,4196
21.07.2025 16:30;81,1014
21.07.2025 16:45;81,0782
21.07.2025 17:00;80,8694
21.07.2025 17:15;74,8142
21.07.2025 17:30;56,7588
21.07.2025 17:45;59,0498
21.07.2025 18:00;56,2368
21.07.2025 18:15;53,1454
21.07.2025 18:30;57,7796
21.07.2025 18:45;55,7844
21.07.2025 19:00;54,2996
21.07.2025 19:15;61,596
21.07.2025 19:30;72,239
21.07.2025 19:45;61,9788
21.07.2025 20:00;56,4282
21.07.2025 20:15;56,7008
21.07.2025 20:30;57,565
21.07.2025 20:45;57,913
21.07.2025 21:00;53,9632
21.07.2025 21:15;52,171
21.07.2025 21:30;52,6466
21.07.2025 21:45;57,4084
21.07.2025 22:00;58,9048
21.07.2025 22:15;58,3132
21.07.2025 22:30;58,87
21.07.2025 22:45;62,64
21.07.2025 23:00;58,58
21.07.2025 23:15;52,78
21.07.2025 23:30;52,49
21.07.2025 23:45;56,55
22.07.2025 00:00;54,81
22.07.2025 00:15;53,36
22.07.2025 00:30;52,49
22.07.2025 00:45;54,81
22.07.2025 01:00;54,52
22.07.2025 01:15;54,23
22.07.2025 01:30;53,36
22.07.2025 01:45;54,52
22.07.2025 02:00;55,39
22.07.2025 02:15;54,81
22.07.2025 02:30;53,65
22.07.2025 02:45;56,0048
22.07.2025 03:00;56,2832
22.07.2025 03:15;56,5848
22.07.2025 03:30;53,9748
22.07.2025 03:45;56,2948
22.07.2025 04:00;58,0348
22.07.2025 04:15;56,2832
22.07.2025 04:30;64,9948
22.07.2025 04:45;73,1148
22.07.2025 05:00;81,2348
22.07.2025 05:15;101,2332
22.07.2025 05:30;108,2048
22.07.2025 05:45;106,7548
22.07.2025 06:00;123,018
22.07.2025 06:15;143,0686
22.07.2025 06:30;160,9558
22.07.2025 06:45;161,7794
22.07.2025 07:00;153,0156
22.07.2025 07:15;146,3282
22.07.2025 07:30;156,1882
22.07.2025 07:45;166,0714
22.07.2025 08:00;158,6416
22.07.2025 08:15;167,475
22.07.2025 08:30;157,8876
22.07.2025 08:45;128,7078
22.07.2025 09:00;154,0016
22.07.2025 09:15;166,9878
22.07.2025 09:30;160,3062
22.07.2025 09:45;174,6902
22.07.2025 10:00;167,301
22.07.2025 10:15;158,4154
22.07.2025 10:30;155,4458
22.07.2025 10:45;145,9106
22.07.2025 11:00;162,1738
22.07.2025 11:15;157,3424
22.07.2025 11:30;168,8148
22.07.2025 11:45;165,3232
22.07.2025 12:00;141,984
22.07.2025 12:15;129,833
22.07.2025 12:30;153,7348
22.07.2025 12:45;165,4566
22.07.2025 13:00;178,031
22.07.2025 13:15;163,6006
22.07.2025 13:30;170,7694
22.07.2025 13:45;167,5098
22.07.2025 14:00;144,7332
22.07.2025 14:15;126,3936
22.07.2025 14:30;121,539
22.07.2025 14:45;129,1254
22.07.2025 15:00;129,05
22.07.2025 15:15;121,1156
22.07.2025 15:30;87,5394
22.07.2025 15:45;88,3514
22.07.2025 16:00;81,7104
22.07.2025 16:15;82,389
22.07.2025 16:30;81,6524
22.07.2025 16:45;85,434
22.07.2025 17:00;76,9196
22.07.2025 17:15;79,3092
22.07.2025 17:30;79,634
22.07.2025 17:45;63,9856
22.07.2025 18:00;56,9618
22.07.2025 18:15;53,1686
22.07.2025 18:30;57,304
22.07.2025 18:45;57,1532
22.07.2025 19:00;56,0802
22.07.2025 19:15;53,1048
22.07.2025 19:30;56,0686
22.07.2025 19:45;63,7594
22.07.2025 20:00;57,3446
22.07.2025 20:15;57,797
22.07.2025 20:30;58,5394
22.07.2025 20:45;56,7936
22.07.2025 21:00;53,8646
22.07.2025 21:15;51,7766
22.07.2025 21:30;54,0096
22.07.2025 21:45;58,406
22.07.2025 22:00;59,4848
22.07.2025 22:15;58,0232
22.07.2025 22:30;60,03
22.07.2025 22:45;61,48
22.07.2025 23:00;58,58
22.07.2025 23:15;51,33
22.07.2025 23:30;54,52
22.07.2025 23:45;56,55
23.07.2025 00:00;55,1
23.07.2025 00:15;52,78
23.07.2025 00:30;54,52
23.07.2025 00:45;55,1
23.07.2025 01:00;54,81
23.07.2025 01:15;53,07
23.07.2025 01:30;54,52
23.07.2025 01:45;55,68
23.07.2025 02:00;55,1
23.07.2025 02:15;54,52
23.07.2025 02:30;53,94
23.07.2025 02:45;56,8748
23.07.2025 03:00;56,2832
23.07.2025 03:15;56,0048
23.07.2025 03:30;53,9632
23.07.2025 03:45;57,7448
23.07.2025 04:00;56,2832
23.07.2025 04:15;56,2948
23.07.2025 04:30;67,3032
23.07.2025 04:45;73,1148
23.07.2025 05:00;81,2232
23.07.2025 05:15;102,9848
23.07.2025 05:30;110,2232
23.07.2025 05:45;114,2948
23.07.2025 06:00;122,119
23.07.2025 06:15;144,159
23.07.2025 06:30;157,4062
23.07.2025 06:45;149,1702
23.07.2025 07:00;149,1412
23.07.2025 07:15;139,954
23.07.2025 07:30;140,389
23.07.2025 07:45;148,0508
23.07.2025 08:00;156,8784
23.07.2025 08:15;173,739
23.07.2025 08:30;159,906
23.07.2025 08:45;132,4546
23.07.2025 09:00;148,3814
23.07.2025 09:15;164,5286
23.07.2025 09:30;160,9558
23.07.2025 09:45;172,8458
23.07.2025 10:00;152,0702
23.07.2025 10:15;150,8986
23.07.2025 10:30;157,2148
23.07.2025 10:45;143,0918
23.07.2025 11:00;146,5254
23.07.2025 11:15;160,4802
23.07.2025 11:30;164,227
23.07.2025 11:45;151,9078
23.07.2025 12:00;150,2142
23.07.2025 12:15;131,544
23.07.2025 12:30;144,5418
23.07.2025 12:45;163,9486
23.07.2025 13:00;169,8588
23.07.2025 13:15;161,4952
23.07.2025 13:30;161,2632
23.07.2025 13:45;159,9872
23.07.2025 14:00;159,9118
23.07.2025 14:15;141,9086
23.07.2025 14:30;118,2156
23.07.2025 14:45;125,6396
23.07.2025 15:00;121,3244
23.07.2025 15:15;119,6018
23.07.2025 15:30;102,3642
23.07.2025 15:45;95,1722
23.07.2025 16:00;90,8222
23.07.2025 16:15;89,813
23.07.2025 16:30;90,4858
23.07.2025 16:45;89,0416
23.07.2025 17:00;98,2926
23.07.2025 17:15;86,7622
23.07.2025 17:30;86,565
23.07.2025 17:45;86,7912
23.07.2025 18:00;76,1888
23.07.2025 18:15;64,9948
23.07.2025 18:30;61,8686
23.07.2025 18:45;61,7004
23.07.2025 19:00;61,9034
23.07.2025 19:15;61,7758
23.07.2025 19:30;60,291
23.07.2025 19:45;71,0558
23.07.2025 20:00;67,6106
23.07.2025 20:15;67,744
23.07.2025 20:30;62,7676
23.07.2025 20:45;64,96
23.07.2025 21:00;61,8106
23.07.2025 21:15;62,0542
23.07.2025 21:30;62,6168
23.07.2025 21:45;66,9842
23.07.2025 22:00;67,6048
23.07.2025 22:15;69,6348
23.07.2025 22:30;67,57
23.07.2025 22:45;69,02
23.07.2025 23:00;65,54
23.07.2025 23:15;60,61
23.07.2025 23:30;61,77
23.07.2025 23:45;62,64
24.07.2025 00:00;62,93
24.07.2025 00:15;64,96
24.07.2025 00:30;62,93
24.07.2025 00:45;63,51
24.07.2025 01:00;63,22
24.07.2025 01:15;63,22
24.07.2025 01:30;63,22
24.07.2025 01:45;63,22
24.07.2025 02:00;62,93
24.07.2025 02:15;62,93
24.07.2025 02:30;63,8
24.07.2025 02:45;64,4148
24.07.2025 03:00;64,1248
24.07.2025 03:15;64,4032
24.07.2025 03:30;64,7048
24.07.2025 03:45;64,7048
24.07.2025 04:00;64,9948
24.07.2025 04:15;64,7048
24.07.2025 04:30;78,6132
24.07.2025 04:45;81,2348
24.07.2025 05:00;101,8248
24.07.2025 05:15;109,9448
24.07.2025 05:30;118,3432
24.07.2025 05:45;118,9406
24.07.2025 06:00;135,3894
24.07.2025 06:15;151,1364
24.07.2025 06:30;160,9152
24.07.2025 06:45;171,6568
24.07.2025 07:00;173,826
24.07.2025 07:15;155,5386
24.07.2025 07:30;167,5098
24.07.2025 07:45;179,7594
24.07.2025 08:00;183,8368
24.07.2025 08:15;191,5972
24.07.2025 08:30;168,3624
24.07.2025 08:45;144,9072
24.07.2025 09:00;165,6654
24.07.2025 09:15;188,9756
24.07.2025 09:30;177,0624
24.07.2025 09:45;181,482
24.07.2025 10:00;175,5834
24.07.2025 10:15;174,522
24.07.2025 10:30;181,772
24.07.2025 10:45;166,228
24.07.2025 11:00;164,7722
24.07.2025 11:15;166,5238
24.07.2025 11:30;184,2196
24.07.2025 11:45;184,469
24.07.2025 12:00;155,7764
24.07.2025 12:15;138,1966
24.07.2025 12:30;146,218
24.07.2025 12:45;166,6166
24.07.2025 13:00;183,6918
24.07.2025 13:15;170,7114
24.07.2025 13:30;156,4724
24.07.2025 13:45;162,9684
24.07.2025 14:00;151,786
24.07.2025 14:15;133,2086
24.07.2025 14:30;115,0546
24.07.2025 14:45;109,214
24.07.2025 15:00;104,9916
24.07.2025 15:15;103,2864
24.07.2025 15:30;90,2016
24.07.2025 15:45;88,4848
24.07.2025 16:00;88,9662
24.07.2025 16:15;78,7234
24.07.2025 16:30;80,4808
24.07.2025 16:45;72,1346
24.07.2025 17:00;64,6294
24.07.2025 17:15;64,2524
24.07.2025 17:30;63,8174
24.07.2025 17:45;65,0006
24.07.2025 18:00;57,3968
24.07.2025 18:15;61,0392
24.07.2025 18:30;54,3112
24.07.2025 18:45;53,128
24.07.2025 19:00;55,3262
24.07.2025 19:15;55,158
24.07.2025 19:30;54,984
24.07.2025 19:45;55,4886
24.07.2025 20:00;55,7206
24.07.2025 20:15;60,8536
24.07.2025 20:30;63,5564
24.07.2025 20:45;61,393
24.07.2025 21:00;59,1368
24.07.2025 21:15;57,8898
24.07.2025 21:30;59,363
24.07.2025 21:45;60,9638
24.07.2025 22:00;58,9048
24.07.2025 22:15;61,2248
24.07.2025 22:30;60,9
24.07.2025 22:45;62,35
24.07.2025 23:00;60,32
24.07.2025 23:15;53,65
24.07.2025 23:30;53,65
24.07.2025 23:45;56,55
25.07.2025 00:00;55,68
25.07.2025 00:15;56,26
25.07.2025 00:30;55,1
25.07.2025 00:45;53,94
25.07.2025 01:00;53,65
25.07.2025 01:15;54,81
25.07.2025 01:30;54,23
25.07.2025 01:45;55,1
25.07.2025 02:00;53,65
25.07.2025 02:15;53,36
25.07.2025 02:30;55,39
25.07.2025 02:45;56,5848
25.07.2025 03:00;56,5848
25.07.2025 03:15;56,0048
25.07.2025 03:30;55,1232
25.07.2025 03:45;55,4248
25.07.2025 04:00;57,1648
25.07.2025 04:15;56,2948
25.07.2025 04:30;67,3148
25.07.2025 04:45;72,5348
25.07.2025 05:00;87,0348
25.07.2025 05:15;98,0548
25.07.2025 05:30;108,7848
25.07.2025 05:45;109,6548
25.07.2025 06:00;126,4632
25.07.2025 06:15;144,7738
25.07.2025 06:30;147,6042
25.07.2025 06:45;149,5066
25.07.2025 07:00;146,16
25.07.2025 07:15;143,9908
25.07.2025 07:30;153,468
25.07.2025 07:45;146,8328
25.07.2025 08:00;154,1002
25.07.2025 08:15;161,5358
25.07.2025 08:30;145,9396
25.07.2025 08:45;129,1138
25.07.2025 09:00;143,6544
25.07.2025 09:15;161,994
25.07.2025 09:30;162,748
25.07.2025 09:45;156,0084
25.07.2025 10:00;143,9618
25.07.2025 10:15;136,6364
25.07.2025 10:30;149,0948
25.07.2025 10:45;150,0344
25.07.2025 11:00;162,2028
25.07.2025 11:15;174,783
25.07.2025 11:30;180,0726
25.07.2025 11:45;152,337
25.07.2025 12:00;142,39
25.07.2025 12:15;118,465
25.07.2025 12:30;81,4726
25.07.2025 12:45;69,9828
25.07.2025 13:00;67,5178
25.07.2025 13:15;62,3906
25.07.2025 13:30;71,4212
25.07.2025 13:45;76,2816
25.07.2025 14:00;71,7808
25.07.2025 14:15;64,5076
25.07.2025 14:30;63,3302
25.07.2025 14:45;62,4602
25.07.2025 15:00;61,306
25.07.2025 15:15;59,7226
25.07.2025 15:30;61,5032
25.07.2025 15:45;55,9178
25.07.2025 16:00;55,0188
25.07.2025 16:15;55,1638
25.07.2025 16:30;55,3842
25.07.2025 16:45;54,5084
25.07.2025 17:00;53,0642
25.07.2025 17:15;55,854
25.07.2025 17:30;50,2802
25.07.2025 17:45;52,8844
25.07.2025 18:00;52,9946
25.07.2025 18:15;54,7984
25.07.2025 18:30;53,0874
25.07.2025 18:45;49,9264
25.07.2025 19:00;51,5968
25.07.2025 19:15;51,9216
25.07.2025 19:30;51,9158
25.07.2025 19:45;49,2768
25.07.2025 20:00;51,6258
25.07.2025 20:15;52,084
25.07.2025 20:30;53,215
25.07.2025 20:45;51,4054
25.07.2025 21:00;48,6214
25.07.2025 21:15;51,7186
25.07.2025 21:30;52,4146
25.07.2025 21:45;56,0686
25.07.2025 22:00;56,5732
25.07.2025 22:15;54,8448
25.07.2025 22:30;56,84
25.07.2025 22:45;57,13
25.07.2025 23:00;56,55
25.07.2025 23:15;51,62
25.07.2025 23:30;52,2
25.07.2025 23:45;55,1
26.07.2025 00:00;54,81
26.07.2025 00:15;54,81
26.07.2025 00:30;53,65
26.07.2025 00:45;52,49
26.07.2025 01:00;53,94
26.07.2025 01:15;55,97
26.07.2025 01:30;54,52
26.07.2025 01:45;53,94
26.07.2025 02:00;51,91
26.07.2025 02:15;53,94
26.07.2025 02:30;55,1
26.07.2025 02:45;56,0048
26.07.2025 03:00;56,2832
26.07.2025 03:15;54,2648
26.07.2025 03:30;55,7148
26.07.2025 03:45;55,7148
26.07.2025 04:00;56,5848
26.07.2025 04:15;55,4132
26.07.2025 04:30;55,7148
26.07.2025 04:45;54,5548
26.07.2025 05:00;55,1348
26.07.2025 05:15;61,2248
26.07.2025 05:30;58,6032
26.07.2025 05:45;59,7806
26.07.2025 06:00;80,6142
26.07.2025 06:15;78,3754
26.07.2025 06:30;83,3228
26.07.2025 06:45;82,6616
26.07.2025 07:00;81,2174
26.07.2025 07:15;84,3668
26.07.2025 07:30;82,1744
26.07.2025 07:45;86,0256
26.07.2025 08:00;82,5746
26.07.2025 08:15;83,4736
26.07.2025 08:30;81,5596
26.07.2025 08:45;76,2816
26.07.2025 09:00;81,0318
26.07.2025 09:15;80,5214
26.07.2025 09:30;78,8916
26.07.2025 09:45;82,1454
26.07.2025 10:00;76,2932
26.07.2025 10:15;81,2058
26.07.2025 10:30;82,3774
26.07.2025 10:45;79,7094
26.07.2025 11:00;83,4852
26.07.2025 11:15;72,7494
26.07.2025 11:30;54,2358
26.07.2025 11:45;48,0994
26.07.2025 12:00;50,083
26.07.2025 12:15;50,9472
26.07.2025 12:30;49,4044
26.07.2025 12:45;48,6794
26.07.2025 13:00;50,3788
26.07.2025 13:15;50,3788
26.07.2025 13:30;49,8626
26.07.2025 13:45;49,9612
26.07.2025 14:00;48,2908
26.07.2025 14:15;50,3556
26.07.2025 14:30;51,6142
26.07.2025 14:45;51,1212
26.07.2025 15:00;48,6156
26.07.2025 15:15;50,8138
26.07.2025 15:30;51,2894
26.07.2025 15:45;50,1816
26.07.2025 16:00;49,7234
26.07.2025 16:15;47,7688
26.07.2025 16:30;50,779
26.07.2025 16:45;51,5678
26.07.2025 17:00;51,6026
26.07.2025 17:15;48,952
26.07.2025 17:30;52,0202
26.07.2025 17:45;51,0864
26.07.2025 18:00;51,1676
26.07.2025 18:15;51,2662
26.07.2025 18:30;48,1342
26.07.2025 18:45;50,9182
26.07.2025 19:00;51,1908
26.07.2025 19:15;51,243
26.07.2025 19:30;49,6306
26.07.2025 19:45;49,4334
26.07.2025 20:00;51,1212
26.07.2025 20:15;51,4286
26.07.2025 20:30;51,3358
26.07.2025 20:45;49,7176
26.07.2025 21:00;50,0076
26.07.2025 21:15;51,6548
26.07.2025 21:30;53,1048
26.07.2025 21:45;57,1648
26.07.2025 22:00;54,8448
26.07.2025 22:15;57,7448
26.07.2025 22:30;59,16
26.07.2025 22:45;57,13
26.07.2025 23:00;57,13
26.07.2025 23:15;49,88
26.07.2025 23:30;52,78
26.07.2025 23:45;54,23
27.07.2025 00:00;53,94
27.07.2025 00:15;53,65
27.07.2025 00:30;51,62
27.07.2025 00:45;54,23
27.07.2025 01:00;54,81
27.07.2025 01:15;54,52
27.07.2025 01:30;54,52
27.07.2025 01:45;51,91
27.07.2025 02:00;54,23
27.07.2025 02:15;53,94
27.07.2025 02:30;55,39
27.07.2025 02:45;55,4364
27.07.2025 03:00;53,6848
27.07.2025 03:15;55,1348
27.07.2025 03:30;56,0048
27.07.2025 03:45;55,7148
27.07.2025 04:00;56,0048
27.07.2025 04:15;53,6964
27.07.2025 04:30;55,1348
27.07.2025 04:45;55,7148
27.07.2025 05:00;56,0048
27.07.2025 05:15;60,6448
27.07.2025 05:30;59,4848
27.07.2025 05:45;56,2948
27.07.2025 06:00;53,9864
27.07.2025 06:15;52,2348
27.07.2025 06:30;52,2464
27.07.2025 06:45;52,9888
27.07.2025 07:00;49,7814
27.07.2025 07:15;52,3566
27.07.2025 07:30;52,519
27.07.2025 07:45;52,867
27.07.2025 08:00;52,9366
27.07.2025 08:15;50,7964
27.07.2025 08:30;51,4054
27.07.2025 08:45;53,2904
27.07.2025 09:00;50,7964
27.07.2025 09:15;51,4982
27.07.2025 09:30;49,474
27.07.2025 09:45;48,5692
27.07.2025 10:00;50,9066
27.07.2025 10:15;50,3614
27.07.2025 10:30;50,5528
27.07.2025 10:45;50,5006
27.07.2025 11:00;47,4034
27.07.2025 11:15;49,2826
27.07.2025 11:30;50,2106
27.07.2025 11:45;50,5876
27.07.2025 12:00;49,6886
27.07.2025 12:15;48,2792
27.07.2025 12:30;50,2918
27.07.2025 12:45;50,4542
27.07.2025 13:00;49,3348
27.07.2025 13:15;49,416
27.07.2025 13:30;49,0796
27.07.2025 13:45;50,5238
27.07.2025 14:00;51,388
27.07.2025 14:15;48,8882
27.07.2025 14:30;46,7944
27.07.2025 14:45;50,7152
27.07.2025 15:00;50,9124
27.07.2025 15:15;50,8718
27.07.2025 15:30;50,75
27.07.2025 15:45;46,951
27.07.2025 16:00;49,6712
27.07.2025 16:15;50,0308
27.07.2025 16:30;51,5852
27.07.2025 16:45;49,242
27.07.2025 17:00;47,618
27.07.2025 17:15;48,9636
27.07.2025 17:30;49,5552
27.07.2025 17:45;50,083
27.07.2025 18:00;49,2652
27.07.2025 18:15;50,1758
27.07.2025 18:30;52,0782
27.07.2025 18:45;50,8022
27.07.2025 19:00;50,9762
27.07.2025 19:15;49,6306
27.07.2025 19:30;50,0424
27.07.2025 19:45;50,9066
27.07.2025 20:00;51,156
27.07.2025 20:15;51,4634
27.07.2025 20:30;49,0332
27.07.2025 20:45;52,7742
27.07.2025 21:00;50,5238
27.07.2025 21:15;50,895
27.07.2025 21:30;52,0318
27.07.2025 21:45;53,3948
27.07.2025 22:00;56,2948
27.07.2025 22:15;56,5732
27.07.2025 22:30;56,55
27.07.2025 22:45;57,13
27.07.2025 23:00;55,68
27.07.2025 23:15;51,91
27.07.2025 23:30;53,65
27.07.2025 23:45;54,23
28.07.2025 00:00;53,94
28.07.2025 00:15;53,36
28.07.2025 00:30;52,78
28.07.2025 00:45;53,94
28.07.2025 01:00;54,52
28.07.2025 01:15;54,23
28.07.2025 01:30;53,94
28.07.2025 01:45;51,91
28.07.2025 02:00;54,23
28.07.2025 02:15;54,23
28.07.2025 02:30;54,52
28.07.2025 02:45;54,5432
28.07.2025 03:00;53,1048
28.07.2025 03:15;52,8148
28.07.2025 03:30;54,2648
28.07.2025 03:45;54,8332
28.07.2025 04:00;54,2648
28.07.2025 04:15;54,5548
28.07.2025 04:30;60,0648
28.07.2025 04:45;67,8832
28.07.2025 05:00;80,3648
28.07.2025 05:15;95,7348
28.07.2025 05:30;98,0548
28.07.2025 05:45;109,9332
28.07.2025 06:00;114,9618
28.07.2025 06:15;121,2084
28.07.2025 06:30;141,607
28.07.2025 06:45;178,6284
28.07.2025 07:00;153,0968
28.07.2025 07:15;137,9588
28.07.2025 07:30;154,0944
28.07.2025 07:45;167,33
28.07.2025 08:00;188,9292
28.07.2025 08:15;155,817
28.07.2025 08:30;144,3156
28.07.2025 08:45;130,2854
28.07.2025 09:00;157,441
28.07.2025 09:15;175,3746
28.07.2025 09:30;157,7948
28.07.2025 09:45;154,3554
28.07.2025 10:00;163,7804
28.07.2025 10:15;178,785
28.07.2025 10:30;171,6336
28.07.2025 10:45;150,5158
28.07.2025 11:00;151,8962
28.07.2025 11:15;157,7658
28.07.2025 11:30;184,0978
28.07.2025 11:45;158,601
28.07.2025 12:00;157,847
28.07.2025 12:15;141,9202
28.07.2025 12:30;167,823
28.07.2025 12:45;193,7954
28.07.2025 13:00;170,6708
28.07.2025 13:15;170,5084
28.07.2025 13:30;161,7562
28.07.2025 13:45;155,5212
28.07.2025 14:00;147,8594
28.07.2025 14:15;132,9882
28.07.2025 14:30;114,5558
28.07.2025 14:45;118,6564
28.07.2025 15:00;121,394
28.07.2025 15:15;100,3342
28.07.2025 15:30;85,3702
28.07.2025 15:45;92,655
28.07.2025 16:00;87,7714
28.07.2025 16:15;81,3566
28.07.2025 16:30;84,3668
28.07.2025 16:45;78,3638
28.07.2025 17:00;77,1574
28.07.2025 17:15;73,515
28.07.2025 17:30;83,0502
28.07.2025 17:45;78,648
28.07.2025 18:00;76,8674
28.07.2025 18:15;64,2292
28.07.2025 18:30;52,2986
28.07.2025 18:45;50,779
28.07.2025 19:00;55,1116
28.07.2025 19:15;52,6756
28.07.2025 19:30;52,6292
28.07.2025 19:45;52,7568
28.07.2025 20:00;51,9274
28.07.2025 20:15;51,0342
28.07.2025 20:30;63,3534
28.07.2025 20:45;63,2722
28.07.2025 21:00;53,8646
28.07.2025 21:15;53,3948
28.07.2025 21:30;56,8458
28.07.2025 21:45;57,478
28.07.2025 22:00;55,9932
28.07.2025 22:15;59,7748
28.07.2025 22:30;56,84
28.07.2025 22:45;57,13
28.07.2025 23:00;56,55
28.07.2025 23:15;50,46
28.07.2025 23:30;52,2
28.07.2025 23:45;53,94
29.07.2025 00:00;53,65
29.07.2025 00:15;53,94
29.07.2025 00:30;53,65
29.07.2025 00:45;52,49
29.07.2025 01:00;52,2
29.07.2025 01:15;53,65
29.07.2025 01:30;53,65
29.07.2025 01:45;53,07
29.07.2025 02:00;53,65
29.07.2025 02:15;53,36
29.07.2025 02:30;53,36
29.07.2025 02:45;53,6848
29.07.2025 03:00;54,5548
29.07.2025 03:15;54,8448
29.07.2025 03:30;54,8448
29.07.2025 03:45;54,8448
29.07.2025 04:00;55,1348
29.07.2025 04:15;54,8448
29.07.2025 04:30;67,6048
29.07.2025 04:45;68,7648
29.07.2025 05:00;88,7748
29.07.2025 05:15;98,3448
29.07.2025 05:30;109,3648
29.07.2025 05:45;120,0948
29.07.2025 06:00;119,8918
29.07.2025 06:15;134,2932
29.07.2025 06:30;155,7242
29.07.2025 06:45;155,8808
29.07.2025 07:00;164,2444
29.07.2025 07:15;142,4422
29.07.2025 07:30;148,5844
29.07.2025 07:45;148,1494
29.07.2025 08:00;160,544
29.07.2025 08:15;161,7968
29.07.2025 08:30;147,7782
29.07.2025 08:45;129,8272
29.07.2025 09:00;143,0628
29.07.2025 09:15;163,6354
29.07.2025 09:30;170,926
29.07.2025 09:45;167,7766
29.07.2025 10:00;177,886
29.07.2025 10:15;154,6164
29.07.2025 10:30;148,683
29.07.2025 10:45;147,9174
29.07.2025 11:00;157,0582
29.07.2025 11:15;153,816
29.07.2025 11:30;155,8402
29.07.2025 11:45;153,3172
29.07.2025 12:00;147,3606
29.07.2025 12:15;129,311
29.07.2025 12:30;150,394
29.07.2025 12:45;167,446
29.07.2025 13:00;158,8214
29.07.2025 13:15;150,0866
29.07.2025 13:30;165,764
29.07.2025 13:45;153,7174
29.07.2025 14:00;146,0846
29.07.2025 14:15;138,2662
29.07.2025 14:30;130,1636
29.07.2025 14:45;127,629
29.07.2025 15:00;118,7318
29.07.2025 15:15;110,9134
29.07.2025 15:30;94,7836
29.07.2025 15:45;95,3462
29.07.2025 16:00;97,0978
29.07.2025 16:15;93,5772
29.07.2025 16:30;90,219
29.07.2025 16:45;94,7314
29.07.2025 17:00;82,8414
29.07.2025 17:15;83,9666
29.07.2025 17:30;81,5654
29.07.2025 17:45;89,1344
29.07.2025 18:00;80,4402
29.07.2025 18:15;64,0668
29.07.2025 18:30;62,06
29.07.2025 18:45;64,0958
29.07.2025 19:00;60,8072
29.07.2025 19:15;62,727
29.07.2025 19:30;60,2794
29.07.2025 19:45;62,872
29.07.2025 20:00;61,1552
29.07.2025 20:15;74,5764
29.07.2025 20:30;66,8044
29.07.2025 20:45;62,872
29.07.2025 21:00;62,0078
29.07.2025 21:15;59,798
29.07.2025 21:30;62,7328
29.07.2025 21:45;67,3148
29.07.2025 22:00;66,7348
29.07.2025 22:15;67,5932
29.07.2025 22:30;63,22
29.07.2025 22:45;64,96
29.07.2025 23:00;62,06
29.07.2025 23:15;58,87
29.07.2025 23:30;59,45
29.07.2025 23:45;58,87
30.07.2025 00:00;61,19
30.07.2025 00:15;57,71
30.07.2025 00:30;60,9
30.07.2025 00:45;59,45
30.07.2025 01:00;60,32
30.07.2025 01:15;60,03
30.07.2025 01:30;58,29
30.07.2025 01:45;60,9
30.07.2025 02:00;58
30.07.2025 02:15;60,9
30.07.2025 02:30;59,45
30.07.2025 02:45;61,5148
30.07.2025 03:00;61,2248
30.07.2025 03:15;60,3548
30.07.2025 03:30;62,3732
30.07.2025 03:45;59,4848
30.07.2025 04:00;62,3848
30.07.2025 04:15;59,7748
30.07.2025 04:30;62,6748
30.07.2025 04:45;66,7348
30.07.2025 05:00;95,7348
30.07.2025 05:15;106,4532
30.07.2025 05:30;108,4948
30.07.2025 05:45;111,6848
30.07.2025 06:00;120,7502
30.07.2025 06:15;139,9656
30.07.2025 06:30;176,2968
30.07.2025 06:45;168,055
30.07.2025 07:00;173,42
30.07.2025 07:15;150,191
30.07.2025 07:30;155,3066
30.07.2025 07:45;160,0626
30.07.2025 08:00;170,433
30.07.2025 08:15;178,4312
30.07.2025 08:30;151,206
30.07.2025 08:45;134,7862
30.07.2025 09:00;146,9314
30.07.2025 09:15;170,7636
30.07.2025 09:30;169,2324
30.07.2025 09:45;163,2642
30.07.2025 10:00;159,3724
30.07.2025 10:15;155,2254
30.07.2025 10:30;169,708
30.07.2025 10:45;175,8792
30.07.2025 11:00;156,6348
30.07.2025 11:15;161,1182
30.07.2025 11:30;161,6054
30.07.2025 11:45;161,3038
30.07.2025 12:00;152,6502
30.07.2025 12:15;129,7634
30.07.2025 12:30;143,0976
30.07.2025 12:45;155,2022
30.07.2025 13:00;163,299
30.07.2025 13:15;154,7962
30.07.2025 13:30;161,3618
30.07.2025 13:45;162,5972
30.07.2025 14:00;158,1834
30.07.2025 14:15;143,3064
30.07.2025 14:30;122,0842
30.07.2025 14:45;109,9912
30.07.2025 15:00;104,4348
30.07.2025 15:15;111,2498
30.07.2025 15:30;87,261
30.07.2025 15:45;86,3968
30.07.2025 16:00;82,1164
30.07.2025 16:15;82,6036
30.07.2025 16:30;84,6626
30.07.2025 16:45;84,5292
30.07.2025 17:00;80,4924
30.07.2025 17:15;65,105
30.07.2025 17:30;58,1972
30.07.2025 17:45;56,057
30.07.2025 18:00;55,1638
30.07.2025 18:15;62,9068
30.07.2025 18:30;60,9696
30.07.2025 18:45;61,4394
30.07.2025 19:00;54,9086
30.07.2025 19:15;54,0444
30.07.2025 19:30;54,0386
30.07.2025 19:45;53,4412
30.07.2025 20:00;52,9714
30.07.2025 20:15;54,781
30.07.2025 20:30;66,3926
30.07.2025 20:45;57,8144
30.07.2025 21:00;54,549
30.07.2025 21:15;61,4394
30.07.2025 21:30;57,5244
30.07.2025 21:45;57,4548
30.07.2025 22:00;60,0532
30.07.2025 22:15;59,4848
30.07.2025 22:30;57,71
30.07.2025 22:45;57,42
30.07.2025 23:00;56,84
30.07.2025 23:15;52,2
30.07.2025 23:30;51,91
30.07.2025 23:45;52,2
31.07.2025 00:00;53,36
31.07.2025 00:15;53,94
31.07.2025 00:30;53,65
31.07.2025 00:45;53,65
31.07.2025 01:00;53,65
31.07.2025 01:15;53,65
31.07.2025 01:30;53,36
31.07.2025 01:45;54,23
31.07.2025 02:00;53,65
31.07.2025 02:15;53,07
31.07.2025 02:30;53,36
31.07.2025 02:45;54,5548
31.07.2025 03:00;55,4248
31.07.2025 03:15;54,8448
31.07.2025 03:30;55,4248
31.07.2025 03:45;56,8748
31.07.2025 04:00;54,8448
31.07.2025 04:15;55,7148
31.07.2025 04:30;68,7648
31.07.2025 04:45;70,7948
31.07.2025 05:00;77,1748
31.07.2025 05:15;99,5048
31.07.2025 05:30;102,3932
31.07.2025 05:45;109,6548
31.07.2025 06:00;116,4176
31.07.2025 06:15;143,3586
31.07.2025 06:30;179,1678
31.07.2025 06:45;177,6366
31.07.2025 07:00;161,3502
31.07.2025 07:15;137,5064
31.07.2025 07:30;163,8036
31.07.2025 07:45;203,4466
31.07.2025 08:00;187,5604
31.07.2025 08:15;184,3588
31.07.2025 08:30;161,4314
31.07.2025 08:45;131,1438
31.07.2025 09:00;156,5014
31.07.2025 09:15;180,1132
31.07.2025 09:30;177,48
31.07.2025 09:45;146,7516
31.07.2025 10:00;157,4352
31.07.2025 10:15;156,7334
31.07.2025 10:30;168,78
31.07.2025 10:45;154,5874
31.07.2025 11:00;165,5842
31.07.2025 11:15;177,567
31.07.2025 11:30;169,7196
31.07.2025 11:45;147,5346
31.07.2025 12:00;149,9474
31.07.2025 12:15;131,4338
31.07.2025 12:30;150,7768
31.07.2025 12:45;181,2964
31.07.2025 13:00;180,496
31.07.2025 13:15;154,2916
31.07.2025 13:30;168,0086
31.07.2025 13:45;166,9356
31.07.2025 14:00;160,5614
31.07.2025 14:15;139,7858
31.07.2025 14:30;118,5056
31.07.2025 14:45;106,7838
31.07.2025 15:00;111,418
31.07.2025 15:15;109,2604
31.07.2025 15:30;94,9692
31.07.2025 15:45;95,149
31.07.2025 16:00;93,9948
31.07.2025 16:15;99,6556
31.07.2025 16:30;93,3858
31.07.2025 16:45;86,478
31.07.2025 17:00;86,5302
31.07.2025 17:15;81,896
31.07.2025 17:30;88,247
31.07.2025 17:45;91,959
31.07.2025 18:00;86,8782
31.07.2025 18:15;66,41
31.07.2025 18:30;63,2374
31.07.2025 18:45;62,7328
31.07.2025 19:00;61,6308
31.07.2025 19:15;59,5138
31.07.2025 19:30;60,9
31.07.2025 19:45;62,0716
31.07.2025 20:00;59,2064
31.07.2025 20:15;65,0644
31.07.2025 20:30;73,7702
31.07.2025 20:45;58,7656
31.07.2025 21:00;62,611
31.07.2025 21:15;65,7256
31.07.2025 21:30;64,4148
31.07.2025 21:45;66,1432
31.07.2025 22:00;64,9948
31.07.2025 22:15;64,4148
31.07.2025 22:30;64,96
31.07.2025 22:45;62,35
31.07.2025 23:00;63,8
31.07.2025 23:15;59,45
31.07.2025 23:30;57,71
31.07.2025 23:45;61,48
01.08.2025 00:00;60,03
01.08.2025 00:15;59,16
01.08.2025 00:30;61,19
01.08.2025 00:45;58,29
01.08.2025 01:00;60,32
01.08.2025 01:15;60,9
01.08.2025 01:30;58
01.08.2025 01:45;61,48
01.08.2025 02:00;59,16
01.08.2025 02:15;60,32
01.08.2025 02:30;62,35
01.08.2025 02:45;58,9048
01.08.2025 03:00;62,0948
01.08.2025 03:15;61,5148
01.08.2025 03:30;60,9232
01.08.2025 03:45;62,3848
01.08.2025 04:00;59,7748
01.08.2025 04:15;62,0948
01.08.2025 04:30;74,2748
01.08.2025 04:45;76,0148
01.08.2025 05:00;94,2732
01.08.2025 05:15;104,4348
01.08.2025 05:30;111,1048
01.08.2025 05:45;117,1948
01.08.2025 06:00;113,7496
01.08.2025 06:15;137,1584
01.08.2025 06:30;149,1354
01.08.2025 06:45;142,5408
01.08.2025 07:00;149,8256
01.08.2025 07:15;129,6184
01.08.2025 07:30;147,0996
01.08.2025 07:45;167,3416
01.08.2025 08:00;162,226
01.08.2025 08:15;158,369
01.08.2025 08:30;146,7052
01.08.2025 08:45;127,8784
01.08.2025 09:00;133,9104
01.08.2025 09:15;161,617
01.08.2025 09:30;155,3994
01.08.2025 09:45;148,683
01.08.2025 10:00;139,519
01.08.2025 10:15;148,567
01.08.2025 10:30;140,7428
01.08.2025 10:45;142,4712
01.08.2025 11:00;155,7474
01.08.2025 11:15;138,0574
01.08.2025 11:30;133,922
01.08.2025 11:45;145,0348
01.08.2025 12:00;135,0762
01.08.2025 12:15;121,5854
01.08.2025 12:30;79,1584
01.08.2025 12:45;74,1182
01.08.2025 13:00;70,6904
01.08.2025 13:15;71,3806
01.08.2025 13:30;70,5744
01.08.2025 13:45;70,8934
01.08.2025 14:00;73,6252
01.08.2025 14:15;71,514
01.08.2025 14:30;71,8446
01.08.2025 14:45;73,1728
01.08.2025 15:00;66,7696
01.08.2025 15:15;67,425
01.08.2025 15:30;59,6588
01.08.2025 15:45;61,3408
01.08.2025 16:00;59,566
01.08.2025 16:15;63,5274
01.08.2025 16:30;66,2824
01.08.2025 16:45;65,3718
01.08.2025 17:00;59,885
01.08.2025 17:15;59,4094
01.08.2025 17:30;57,6636
01.08.2025 17:45;59,363
01.08.2025 18:00;57,2982
01.08.2025 18:15;55,3146
01.08.2025 18:30;57,217
01.08.2025 18:45;56,2194
01.08.2025 19:00;55,4248
01.08.2025 19:15;56,898
01.08.2025 19:30;54,3982
01.08.2025 19:45;56,2078
01.08.2025 20:00;57,565
01.08.2025 20:15;53,8704
01.08.2025 20:30;56,9154
01.08.2025 20:45;57,3794
01.08.2025 21:00;54,9724
01.08.2025 21:15;58,087
01.08.2025 21:30;60,6332
01.08.2025 21:45;63,5448
01.08.2025 22:00;64,1132
01.08.2025 22:15;62,3848
01.08.2025 22:30;62,64
01.08.2025 22:45;63,8
01.08.2025 23:00;62,06
01.08.2025 23:15;58
01.08.2025 23:30;59,45
01.08.2025 23:45;57,71
02.08.2025 00:00;60,61
02.08.2025 00:15;60,03
02.08.2025 00:30;58
02.08.2025 00:45;61,19
02.08.2025 01:00;60,32
02.08.2025 01:15;59,16
02.08.2025 01:30;60,61
02.08.2025 01:45;58,87
02.08.2025 02:00;59,45
02.08.2025 02:15;60,32
02.08.2025 02:30;59,74
02.08.2025 02:45;61,5148
02.08.2025 03:00;59,7632
02.08.2025 03:15;61,2248
02.08.2025 03:30;62,3848
02.08.2025 03:45;58,9048
02.08.2025 04:00;61,7932
02.08.2025 04:15;61,2248
02.08.2025 04:30;60,3548
02.08.2025 04:45;62,9648
02.08.2025 05:00;59,1832
02.08.2025 05:15;67,3148
02.08.2025 05:30;65,8648
02.08.2025 05:45;65,2732
02.08.2025 06:00;70,8006
02.08.2025 06:15;72,9234
02.08.2025 06:30;90,2828
02.08.2025 06:45;84,6104
02.08.2025 07:00;89,2098
02.08.2025 07:15;82,2382
02.08.2025 07:30;80,997
02.08.2025 07:45;93,1016
02.08.2025 08:00;89,059
02.08.2025 08:15;86,7796
02.08.2025 08:30;80,6606
02.08.2025 08:45;76,9892
02.08.2025 09:00;82,4354
02.08.2025 09:15;83,6418
02.08.2025 09:30;82,708
02.08.2025 09:45;83,6882
02.08.2025 10:00;84,9816
02.08.2025 10:15;82,1976
02.08.2025 10:30;78,4392
02.08.2025 10:45;76,6528
02.08.2025 11:00;78,5204
02.08.2025 11:15;56,4862
02.08.2025 11:30;55,9758
02.08.2025 11:45;57,6404
02.08.2025 12:00;55,2972
02.08.2025 12:15;57,3504
02.08.2025 12:30;55,6162
02.08.2025 12:45;55,4074
02.08.2025 13:00;56,7124
02.08.2025 13:15;54,3808
02.08.2025 13:30;55,0652
02.08.2025 13:45;55,6104
02.08.2025 14:00;53,4528
02.08.2025 14:15;56,1498
02.08.2025 14:30;54,9318
02.08.2025 14:45;54,4388
02.08.2025 15:00;54,5432
02.08.2025 15:15;55,4016
02.08.2025 15:30;53,8762
02.08.2025 15:45;55,4074
02.08.2025 16:00;52,5306
02.08.2025 16:15;56,8226
02.08.2025 16:30;54,8854
02.08.2025 16:45;53,7892
02.08.2025 17:00;56,4224
02.08.2025 17:15;53,5398
02.08.2025 17:30;56,492
02.08.2025 17:45;55,303
02.08.2025 18:00;56,3702
02.08.2025 18:15;56,7472
02.08.2025 18:30;55,1
02.08.2025 18:45;55,5234
02.08.2025 19:00;56,5268
02.08.2025 19:15;53,9168
02.08.2025 19:30;56,3818
02.08.2025 19:45;55,506
02.08.2025 20:00;54,7404
02.08.2025 20:15;56,8748
02.08.2025 20:30;54,3634
02.08.2025 20:45;56,4282
02.08.2025 21:00;57,4432
02.08.2025 21:15;55,5292
02.08.2025 21:30;62,9532
02.08.2025 21:45;61,5148
02.08.2025 22:00;63,2548
02.08.2025 22:15;63,8348
02.08.2025 22:30;60,61
02.08.2025 22:45;64,09
02.08.2025 23:00;63,22
02.08.2025 23:15;57,42
02.08.2025 23:30;59,74
02.08.2025 23:45;58,29
03.08.2025 00:00;59,74
03.08.2025 00:15;59,74
03.08.2025 00:30;57,13
03.08.2025 00:45;60,03
03.08.2025 01:00;59,45
03.08.2025 01:15;58,29
03.08.2025 01:30;60,03
03.08.2025 01:45;58,29
03.08.2025 02:00;60,03
03.08.2025 02:15;60,32
03.08.2025 02:30;58,29
03.08.2025 02:45;61,5032
03.08.2025 03:00;58,9048
03.08.2025 03:15;61,8048
03.08.2025 03:30;61,2248
03.08.2025 03:45;59,7748
03.08.2025 04:00;62,0948
03.08.2025 04:15;59,1948
03.08.2025 04:30;62,0832
03.08.2025 04:45;59,7748
03.08.2025 05:00;60,3548
03.08.2025 05:15;68,7648
03.08.2025 05:30;63,8348
03.08.2025 05:45;66,4448
03.08.2025 06:00;59,4848
03.08.2025 06:15;59,0324
03.08.2025 06:30;58,58
03.08.2025 06:45;57,2924
03.08.2025 07:00;59,0614
03.08.2025 07:15;55,7496
03.08.2025 07:30;59,131
03.08.2025 07:45;57,5302
03.08.2025 08:00;58,0928
03.08.2025 08:15;59,1368
03.08.2025 08:30;55,535
03.08.2025 08:45;57,9594
03.08.2025 09:00;55,5118
03.08.2025 09:15;57,0256
03.08.2025 09:30;55,5988
03.08.2025 09:45;55,4016
03.08.2025 10:00;56,7878
03.08.2025 10:15;53,6732
03.08.2025 10:30;56,7298
03.08.2025 10:45;53,3774
03.08.2025 11:00;56,5674
03.08.2025 11:15;53,6442
03.08.2025 11:30;53,795
03.08.2025 11:45;55,5814
03.08.2025 12:00;52,7394
03.08.2025 12:15;57,5882
03.08.2025 12:30;55,0188
03.08.2025 12:45;54,375
03.08.2025 13:00;56,0686
03.08.2025 13:15;52,8728
03.08.2025 13:30;55,477
03.08.2025 13:45;54,346
03.08.2025 14:00;53,65
03.08.2025 14:15;55,4654
03.08.2025 14:30;53,4992
03.08.2025 14:45;55,8018
03.08.2025 15:00;52,374
03.08.2025 15:15;56,0048
03.08.2025 15:30;51,8404
03.08.2025 15:45;56,3122
03.08.2025 16:00;52,8902
03.08.2025 16:15;54,984
03.08.2025 16:30;56,1208
03.08.2025 16:45;55,8366
03.08.2025 17:00;52,4668
03.08.2025 17:15;55,5118
03.08.2025 17:30;52,9946
03.08.2025 17:45;55,2044
03.08.2025 18:00;53,2962
03.08.2025 18:15;55,448
03.08.2025 18:30;54,6418
03.08.2025 18:45;54,781
03.08.2025 19:00;55,0594
03.08.2025 19:15;54,8332
03.08.2025 19:30;55,3436
03.08.2025 19:45;54,839
03.08.2025 20:00;55,8714
03.08.2025 20:15;55,3146
03.08.2025 20:30;55,6568
03.08.2025 20:45;54,375
03.08.2025 21:00;56,956
03.08.2025 21:15;55,4248
03.08.2025 21:30;62,6748
03.08.2025 21:45;61,2132
03.08.2025 22:00;63,2548
03.08.2025 22:15;60,0648
03.08.2025 22:30;62,35
03.08.2025 22:45;60,32
03.08.2025 23:00;62,64
03.08.2025 23:15;57,13
03.08.2025 23:30;58,29
03.08.2025 23:45;59,74
04.08.2025 00:00;58
04.08.2025 00:15;60,03
04.08.2025 00:30;58,29
04.08.2025 00:45;58,58
04.08.2025 01:00;59,45
04.08.2025 01:15;56,55
04.08.2025 01:30;59,45
04.08.2025 01:45;58,29
04.08.2025 02:00;57,71
04.08.2025 02:15;60,03
04.08.2025 02:30;57,42
04.08.2025 02:45;59,1948
04.08.2025 03:00;59,4848
04.08.2025 03:15;56,5732
04.08.2025 03:30;59,7748
04.08.2025 03:45;58,9048
04.08.2025 04:00;58,0348
04.08.2025 04:15;59,4848
04.08.2025 04:30;63,2548
04.08.2025 04:45;73,6948
04.08.2025 05:00;90,2248
04.08.2025 05:15;94,8532
04.08.2025 05:30;100,9548
04.08.2025 05:45;112,5548
04.08.2025 06:00;106,4648
04.08.2025 06:15;120,7328
04.08.2025 06:30;143,869
04.08.2025 06:45;148,0798
04.08.2025 07:00;144,3736
04.08.2025 07:15;132,5242
04.08.2025 07:30;146,2818
04.08.2025 07:45;157,4236
04.08.2025 08:00;152,2036
04.08.2025 08:15;152,8938
04.08.2025 08:30;144,5476
04.08.2025 08:45;130,065
04.08.2025 09:00;143,0976
04.08.2025 09:15;166,4774
04.08.2025 09:30;162,2144
04.08.2025 09:45;164,6562
04.08.2025 10:00;160,66
04.08.2025 10:15;155,9098
04.08.2025 10:30;154,309
04.08.2025 10:45;149,0716
04.08.2025 11:00;164,3662
04.08.2025 11:15;161,0196
04.08.2025 11:30;159,8596
04.08.2025 11:45;155,1384
04.08.2025 12:00;145,145
04.08.2025 12:15;128,2554
04.08.2025 12:30;139,838
04.08.2025 12:45;168,7742
04.08.2025 13:00;161,9128
04.08.2025 13:15;163,8036
04.08.2025 13:30;167,2778
04.08.2025 13:45;158,0616
04.08.2025 14:00;144,043
04.08.2025 14:15;128,9456
04.08.2025 14:30;107,445
04.08.2025 14:45;97,7648
04.08.2025 15:00;94,2616
04.08.2025 15:15;93,5714
04.08.2025 15:30;85,1266
04.08.2025 15:45;83,7578
04.08.2025 16:00;62,5124
04.08.2025 16:15;60,8942
04.08.2025 16:30;60,784
04.08.2025 16:45;76,0554
04.08.2025 17:00;71,5662
04.08.2025 17:15;60,5404
04.08.2025 17:30;57,768
04.08.2025 17:45;62,8082
04.08.2025 18:00;63,1678
04.08.2025 18:15;59,943
04.08.2025 18:30;62,3326
04.08.2025 18:45;58,7308
04.08.2025 19:00;62,6342
04.08.2025 19:15;59,7806
04.08.2025 19:30;64,2524
04.08.2025 19:45;67,7614
04.08.2025 20:00;68,6546
04.08.2025 20:15;58,9918
04.08.2025 20:30;57,8782
04.08.2025 20:45;65,9112
04.08.2025 21:00;65,9054
04.08.2025 21:15;63,8348
04.08.2025 21:30;63,5332
04.08.2025 21:45;66,4448
04.08.2025 22:00;64,9948
04.08.2025 22:15;65,2732
04.08.2025 22:30;63,8
04.08.2025 22:45;66,12
04.08.2025 23:00;63,22
04.08.2025 23:15;58
04.08.2025 23:30;61,19
04.08.2025 23:45;59,45
05.08.2025 00:00;60,61
05.08.2025 00:15;60,03
05.08.2025 00:30;61,19
05.08.2025 00:45;59,74
05.08.2025 01:00;60,61
05.08.2025 01:15;60,32
05.08.2025 01:30;60,32
05.08.2025 01:45;60,03
05.08.2025 02:00;60,32
05.08.2025 02:15;60,32
05.08.2025 02:30;61,19
05.08.2025 02:45;61,8048
05.08.2025 03:00;61,5032
05.08.2025 03:15;65,2848
05.08.2025 03:30;60,6448
05.08.2025 03:45;62,9648
05.08.2025 04:00;60,9232
05.08.2025 04:15;62,3848
05.08.2025 04:30;62,3848
05.08.2025 04:45;63,2548
05.08.2025 05:00;68,1848
05.08.2025 05:15;69,6232
05.08.2025 05:30;88,4848
05.08.2025 05:45;111,3948
05.08.2025 06:00;113,7148
05.08.2025 06:15;140,6732
05.08.2025 06:30;171,999
05.08.2025 06:45;164,3082
05.08.2025 07:00;149,814
05.08.2025 07:15;141,1836
05.08.2025 07:30;158,9606
05.08.2025 07:45;170,7114
05.08.2025 08:00;172,9444
05.08.2025 08:15;171,4248
05.08.2025 08:30;163,386
05.08.2025 08:45;128,6788
05.08.2025 09:00;153,5028
05.08.2025 09:15;167,4866
05.08.2025 09:30;165,6712
05.08.2025 09:45;161,9708
05.08.2025 10:00;171,767
05.08.2025 10:15;168,0898
05.08.2025 10:30;148,886
05.08.2025 10:45;148,306
05.08.2025 11:00;164,3836
05.08.2025 11:15;176,61
05.08.2025 11:30;178,234
05.08.2025 11:45;167,9738
05.08.2025 12:00;148,1784
05.08.2025 12:15;129,5604
05.08.2025 12:30;147,2562
05.08.2025 12:45;188,1868
05.08.2025 13:00;174,638
05.08.2025 13:15;165,4972
05.08.2025 13:30;154,802
05.08.2025 13:45;159,877
05.08.2025 14:00;159,8306
05.08.2025 14:15;138,2488
05.08.2025 14:30;117,6994
05.08.2025 14:45;118,5462
05.08.2025 15:00;103,4372
05.08.2025 15:15;99,4236
05.08.2025 15:30;95,9436
05.08.2025 15:45;87,4582
05.08.2025 16:00;82,041
05.08.2025 16:15;73,0974
05.08.2025 16:30;70,5338
05.08.2025 16:45;70,6556
05.08.2025 17:00;70,7716
05.08.2025 17:15;67,3032
05.08.2025 17:30;68,3008
05.08.2025 17:45;69,3158
05.08.2025 18:00;66,3636
05.08.2025 18:15;69,0316
05.08.2025 18:30;66,1316
05.08.2025 18:45;66,0098
05.08.2025 19:00;66,3752
05.08.2025 19:15;74,9592
05.08.2025 19:30;79,547
05.08.2025 19:45;77,0878
05.08.2025 20:00;71,3574
05.08.2025 20:15;69,2114
05.08.2025 20:30;70,4642
05.08.2025 20:45;62,8256
05.08.2025 21:00;62,1992
05.08.2025 21:15;63,2896
05.08.2025 21:30;68,1848
05.08.2025 21:45;68,7648
05.08.2025 22:00;69,9132
05.08.2025 22:15;69,3448
05.08.2025 22:30;67,57
05.08.2025 22:45;67,57
05.08.2025 23:00;63,51
05.08.2025 23:15;60,61
05.08.2025 23:30;61,48
05.08.2025 23:45;61,77
06.08.2025 00:00;62,93
06.08.2025 00:15;61,19
06.08.2025 00:30;61,48
06.08.2025 00:45;60,03
06.08.2025 01:00;60,32
06.08.2025 01:15;61,48
06.08.2025 01:30;61,19
06.08.2025 01:45;61,19
06.08.2025 02:00;61,19
06.08.2025 02:15;60,9
06.08.2025 02:30;61,77
06.08.2025 02:45;62,6748
06.08.2025 03:00;62,3732
06.08.2025 03:15;62,9648
06.08.2025 03:30;62,3848
06.08.2025 03:45;61,5148
06.08.2025 04:00;62,9532
06.08.2025 04:15;62,6748
06.08.2025 04:30;64,9948
06.08.2025 04:45;62,9532
06.08.2025 05:00;63,5448
06.08.2025 05:15;68,4748
06.08.2025 05:30;82,6848
06.08.2025 05:45;107,6132
06.08.2025 06:00;105,8848
06.08.2025 06:15;132,0196
06.08.2025 06:30;155,3704
06.08.2025 06:45;165,5204
06.08.2025 07:00;159,297
06.08.2025 07:15;146,4036
06.08.2025 07:30;160,3874
06.08.2025 07:45;166,9182
06.08.2025 08:00;164,6098
06.08.2025 08:15;186,5338
06.08.2025 08:30;161,5242
06.08.2025 08:45;130,7668
06.08.2025 09:00;159,1578
06.08.2025 09:15;179,1098
06.08.2025 09:30;187,0036
06.08.2025 09:45;187,0964
06.08.2025 10:00;180,4148
06.08.2025 10:15;178,3964
06.08.2025 10:30;160,3352
06.08.2025 10:45;149,5414
06.08.2025 11:00;168,258
06.08.2025 11:15;153,2186
06.08.2025 11:30;173,1242
06.08.2025 11:45;170,7926
06.08.2025 12:00;151,5366
06.08.2025 12:15;132,0196
06.08.2025 12:30;154,0944
06.08.2025 12:45;167,272
06.08.2025 13:00;182,4332
06.08.2025 13:15;177,0044
06.08.2025 13:30;176,175
06.08.2025 13:45;153,3926
06.08.2025 14:00;149,5704
06.08.2025 14:15;130,6798
06.08.2025 14:30;108,6746
06.08.2025 14:45;100,4212
06.08.2025 15:00;98,136
06.08.2025 15:15;95,294
06.08.2025 15:30;88,4848
06.08.2025 15:45;77,1168
06.08.2025 16:00;75,6842
06.08.2025 16:15;72,7146
06.08.2025 16:30;61,132
06.08.2025 16:45;63,3998
06.08.2025 17:00;62,5994
06.08.2025 17:15;60,3664
06.08.2025 17:30;57,7332
06.08.2025 17:45;57,507
06.08.2025 18:00;56,869
06.08.2025 18:15;57,971
06.08.2025 18:30;56,811
06.08.2025 18:45;56,3818
06.08.2025 19:00;57,0314
06.08.2025 19:15;56,9676
06.08.2025 19:30;59,537
06.08.2025 19:45;74,066
06.08.2025 20:00;71,6068
06.08.2025 20:15;57,4722
06.08.2025 20:30;59,508
06.08.2025 20:45;57,275
06.08.2025 21:00;56,3238
06.08.2025 21:15;57,3446
06.08.2025 21:30;60,6448
06.08.2025 21:45;61,2248
06.08.2025 22:00;61,8048
06.08.2025 22:15;60,3548
06.08.2025 22:30;60,03
06.08.2025 22:45;61,48
06.08.2025 23:00;58,87
06.08.2025 23:15;53,65
06.08.2025 23:30;53,94
06.08.2025 23:45;55,1
07.08.2025 00:00;56,55
07.08.2025 00:15;55,1
07.08.2025 00:30;55,1
07.08.2025 00:45;54,52
07.08.2025 01:00;55,68
07.08.2025 01:15;54,52
07.08.2025 01:30;55,39
07.08.2025 01:45;54,81
07.08.2025 02:00;54,52
07.08.2025 02:15;54,81
07.08.2025 02:30;55,39
07.08.2025 02:45;55,4248
07.08.2025 03:00;55,4248
07.08.2025 03:15;55,9932
07.08.2025 03:30;56,2948
07.08.2025 03:45;57,7448
07.08.2025 04:00;56,0048
07.08.2025 04:15;55,7148
07.08.2025 04:30;56,0048
07.08.2025 04:45;56,0048
07.08.2025 05:00;56,2948
07.08.2025 05:15;61,2248
07.08.2025 05:30;80,9448
07.08.2025 05:45;107,3348
07.08.2025 06:00;108,1932
07.08.2025 06:15;141,9724
07.08.2025 06:30;173,8434
07.08.2025 06:45;180,177
07.08.2025 07:00;163,1888
07.08.2025 07:15;154,483
07.08.2025 07:30;183,338
07.08.2025 07:45;181,8126
07.08.2025 08:00;189,921
07.08.2025 08:15;173,2112
07.08.2025 08:30;170,0618
07.08.2025 08:45;135,8824
07.08.2025 09:00;164,3314
07.08.2025 09:15;177,7816
07.08.2025 09:30;165,8858
07.08.2025 09:45;178,872
07.08.2025 10:00;198,2092
07.08.2025 10:15;174,3828
07.08.2025 10:30;161,1646
07.08.2025 10:45;164,372
07.08.2025 11:00;183,9412
07.08.2025 11:15;198,0294
07.08.2025 11:30;212,889
07.08.2025 11:45;183,918
07.08.2025 12:00;185,9828
07.08.2025 12:15;140,6384
07.08.2025 12:30;168,258
07.08.2025 12:45;189,3468
07.08.2025 13:00;180,8556
07.08.2025 13:15;187,1138
07.08.2025 13:30;181,54
07.08.2025 13:45;172,3586
07.08.2025 14:00;174,6264
07.08.2025 14:15;146,4732
07.08.2025 14:30;113,5408
07.08.2025 14:45;106,227
07.08.2025 15:00;100,8156
07.08.2025 15:15;93,1538
07.08.2025 15:30;79,924
07.08.2025 15:45;76,821
07.08.2025 16:00;77,0414
07.08.2025 16:15;76,5136
07.08.2025 16:30;73,573
07.08.2025 16:45;71,7924
07.08.2025 17:00;72,616
07.08.2025 17:15;65,3602
07.08.2025 17:30;58,9686
07.08.2025 17:45;58,4698
07.08.2025 18:00;57,014
07.08.2025 18:15;58,1392
07.08.2025 18:30;58,203
07.08.2025 18:45;67,6048
07.08.2025 19:00;76,1308
07.08.2025 19:15;70,209
07.08.2025 19:30;62,3268
07.08.2025 19:45;58,4002
07.08.2025 20:00;60,9406
07.08.2025 20:15;59,3224
07.08.2025 20:30;56,2774
07.08.2025 20:45;54,7868
07.08.2025 21:00;54,694
07.08.2025 21:15;56,898
07.08.2025 21:30;63,5448
07.08.2025 21:45;62,0948
07.08.2025 22:00;61,8048
07.08.2025 22:15;61,5148
07.08.2025 22:30;60,03
07.08.2025 22:45;62,64
07.08.2025 23:00;60,32
07.08.2025 23:15;55,39
07.08.2025 23:30;55,97
07.08.2025 23:45;58
08.08.2025 00:00;55,68
08.08.2025 00:15;55,68
08.08.2025 00:30;55,1
08.08.2025 00:45;55,97
08.08.2025 01:00;56,55
08.08.2025 01:15;56,26
08.08.2025 01:30;56,55
08.08.2025 01:45;55,97
08.08.2025 02:00;55,68
08.08.2025 02:15;55,68
08.08.2025 02:30;56,55
08.08.2025 02:45;57,1648
08.08.2025 03:00;58,0348
08.08.2025 03:15;60,0648
08.08.2025 03:30;58,3248
08.08.2025 03:45;58,6264
08.08.2025 04:00;58,0348
08.08.2025 04:15;58,0348
08.08.2025 04:30;58,3248
08.08.2025 04:45;57,7448
08.08.2025 05:00;57,7448
08.08.2025 05:15;63,2548
08.08.2025 05:30;83,2648
08.08.2025 05:45;110,2348
08.08.2025 06:00;114,8748
08.08.2025 06:15;145,0406
08.08.2025 06:30;180,8324
08.08.2025 06:45;180,8266
08.08.2025 07:00;165,2884
08.08.2025 07:15;156,8204
08.08.2025 07:30;164,3198
08.08.2025 07:45;173,101
08.08.2025 08:00;179,8116
08.08.2025 08:15;188,5058
08.08.2025 08:30;185,89
08.08.2025 08:45;151,6816
08.08.2025 09:00;162,5624
08.08.2025 09:15;179,3476
08.08.2025 09:30;191,7422
08.08.2025 09:45;175,2064
08.08.2025 10:00;195,3846
08.08.2025 10:15;163,9254
08.08.2025 10:30;161,0022
08.08.2025 10:45;151,96
08.08.2025 11:00;179,5506
08.08.2025 11:15;173,1416
08.08.2025 11:30;167,1966
08.08.2025 11:45;158,3574
08.08.2025 12:00;140,186
08.08.2025 12:15;118,0706
08.08.2025 12:30;96,7846
08.08.2025 12:45;91,5182
08.08.2025 13:00;89,7782
08.08.2025 13:15;90,8512
08.08.2025 13:30;86,2286
08.08.2025 13:45;73,9442
08.08.2025 14:00;71,92
08.08.2025 14:15;74,4024
08.08.2025 14:30;68,8576
08.08.2025 14:45;66,2128
08.08.2025 15:00;66,352
08.08.2025 15:15;59,1078
08.08.2025 15:30;58,812
08.08.2025 15:45;59,7922
08.08.2025 16:00;59,5138
08.08.2025 16:15;61,8164
08.08.2025 16:30;67,0828
08.08.2025 16:45;56,7704
08.08.2025 17:00;56,8806
08.08.2025 17:15;57,5418
08.08.2025 17:30;59,5312
08.08.2025 17:45;55,9584
08.08.2025 18:00;55,5118
08.08.2025 18:15;58,0696
08.08.2025 18:30;56,7414
08.08.2025 18:45;53,1802
08.08.2025 19:00;53,5804
08.08.2025 19:15;53,7022
08.08.2025 19:30;54,9028
08.08.2025 19:45;53,6442
08.08.2025 20:00;52,5596
08.08.2025 20:15;54,0734
08.08.2025 20:30;54,23
08.08.2025 20:45;53,5224
08.08.2025 21:00;54,6418
08.08.2025 21:15;57,942
08.08.2025 21:30;60,0648
08.08.2025 21:45;61,2132
08.08.2025 22:00;61,2248
08.08.2025 22:15;60,6448
08.08.2025 22:30;60,61
08.08.2025 22:45;60,61
08.08.2025 23:00;62,35
08.08.2025 23:15;55,68
08.08.2025 23:30;57,13
08.08.2025 23:45;57,13
09.08.2025 00:00;56,84
09.08.2025 00:15;57,13
09.08.2025 00:30;56,84
09.08.2025 00:45;56,84
09.08.2025 01:00;56,84
09.08.2025 01:15;57,42
09.08.2025 01:30;57,13
09.08.2025 01:45;58,29
09.08.2025 02:00;57,42
09.08.2025 02:15;58,29
09.08.2025 02:30;58,87
09.08.2025 02:45;59,1948
09.08.2025 03:00;59,4848
09.08.2025 03:15;59,4848
09.08.2025 03:30;59,1948
09.08.2025 03:45;58,6148
09.08.2025 04:00;58,9048
09.08.2025 04:15;58,9048
09.08.2025 04:30;59,1832
09.08.2025 04:45;59,4848
09.08.2025 05:00;59,1948
09.08.2025 05:15;64,1248
09.08.2025 05:30;65,5748
09.08.2025 05:45;62,9648
09.08.2025 06:00;61,5148
09.08.2025 06:15;56,5964
09.08.2025 06:30;56,3064
09.08.2025 06:45;55,7902
09.08.2025 07:00;56,2716
09.08.2025 07:15;55,6626
09.08.2025 07:30;56,0222
09.08.2025 07:45;55,796
09.08.2025 08:00;55,535
09.08.2025 08:15;55,1464
09.08.2025 08:30;55,0362
09.08.2025 08:45;54,1198
09.08.2025 09:00;54,0154
09.08.2025 09:15;54,4156
09.08.2025 09:30;53,2498
09.08.2025 09:45;53,4586
09.08.2025 10:00;54,3866
09.08.2025 10:15;53,9168
09.08.2025 10:30;53,4122
09.08.2025 10:45;53,9574
09.08.2025 11:00;52,7046
09.08.2025 11:15;52,8148
09.08.2025 11:30;53,2266
09.08.2025 11:45;53,4064
09.08.2025 12:00;53,2266
09.08.2025 12:15;52,9076
09.08.2025 12:30;53,0758
09.08.2025 12:45;53,5282
09.08.2025 13:00;53,5804
09.08.2025 13:15;53,0004
09.08.2025 13:30;53,3774
09.08.2025 13:45;52,983
09.08.2025 14:00;53,0352
09.08.2025 14:15;51,9158
09.08.2025 14:30;53,5804
09.08.2025 14:45;54,1082
09.08.2025 15:00;54,9666
09.08.2025 15:15;52,8032
09.08.2025 15:30;52,9192
09.08.2025 15:45;52,519
09.08.2025 16:00;52,7452
09.08.2025 16:15;52,9656
09.08.2025 16:30;53,0584
09.08.2025 16:45;53,9864
09.08.2025 17:00;53,0642
09.08.2025 17:15;54,346
09.08.2025 17:30;52,5828
09.08.2025 17:45;53,5746
09.08.2025 18:00;54,1198
09.08.2025 18:15;53,6384
09.08.2025 18:30;53,9168
09.08.2025 18:45;53,8936
09.08.2025 19:00;54,4562
09.08.2025 19:15;53,621
09.08.2025 19:30;53,7602
09.08.2025 19:45;53,6326
09.08.2025 20:00;54,143
09.08.2025 20:15;54,201
09.08.2025 20:30;54,3054
09.08.2025 20:45;54,3634
09.08.2025 21:00;54,1662
09.08.2025 21:15;58,5916
09.08.2025 21:30;59,7748
09.08.2025 21:45;60,9348
09.08.2025 22:00;61,2364
09.08.2025 22:15;60,6448
09.08.2025 22:30;60,03
09.08.2025 22:45;60,03
09.08.2025 23:00;60,61
09.08.2025 23:15;56,26
09.08.2025 23:30;56,26
09.08.2025 23:45;57,42
10.08.2025 00:00;57,71
10.08.2025 00:15;57,13
10.08.2025 00:30;57,42
10.08.2025 00:45;57,71
10.08.2025 01:00;58,58
10.08.2025 01:15;58
10.08.2025 01:30;57,71
10.08.2025 01:45;57,42
10.08.2025 02:00;57,42
10.08.2025 02:15;57,42
10.08.2025 02:30;58,29
10.08.2025 02:45;58,9048
10.08.2025 03:00;59,1948
10.08.2025 03:15;60,9348
10.08.2025 03:30;59,4848
10.08.2025 03:45;59,7748
10.08.2025 04:00;59,1948
10.08.2025 04:15;59,2064
10.08.2025 04:30;59,1948
10.08.2025 04:45;59,1948
10.08.2025 05:00;59,1948
10.08.2025 05:15;64,1248
10.08.2025 05:30;63,8348
10.08.2025 05:45;63,8464
10.08.2025 06:00;61,5148
10.08.2025 06:15;58,0522
10.08.2025 06:30;56,0048
10.08.2025 06:45;56,3354
10.08.2025 07:00;56,9038
10.08.2025 07:15;56,0686
10.08.2025 07:30;56,7704
10.08.2025 07:45;56,55
10.08.2025 08:00;56,0512
10.08.2025 08:15;55,9816
10.08.2025 08:30;54,404
10.08.2025 08:45;54,3924
10.08.2025 09:00;53,6848
10.08.2025 09:15;53,4586
10.08.2025 09:30;53,7544
10.08.2025 09:45;54,2706
10.08.2025 10:00;53,8588
10.08.2025 10:15;54,1546
10.08.2025 10:30;52,8032
10.08.2025 10:45;53,3948
10.08.2025 11:00;53,4006
10.08.2025 11:15;52,4726
10.08.2025 11:30;52,8612
10.08.2025 11:45;52,9192
10.08.2025 12:00;52,896
10.08.2025 12:15;52,1072
10.08.2025 12:30;51,939
10.08.2025 12:45;52,026
10.08.2025 13:00;53,2092
10.08.2025 13:15;53,128
10.08.2025 13:30;52,4494
10.08.2025 13:45;53,0004
10.08.2025 14:00;52,7046
10.08.2025 14:15;53,041
10.08.2025 14:30;52,7452
10.08.2025 14:45;52,4842
10.08.2025 15:00;52,4146
10.08.2025 15:15;52,548
10.08.2025 15:30;54,3924
10.08.2025 15:45;52,9076
10.08.2025 16:00;55,303
10.08.2025 16:15;53,1976
10.08.2025 16:30;52,519
10.08.2025 16:45;52,9018
10.08.2025 17:00;53,0062
10.08.2025 17:15;53,1338
10.08.2025 17:30;52,4494
10.08.2025 17:45;53,0642
10.08.2025 18:00;52,9598
10.08.2025 18:15;52,8554
10.08.2025 18:30;52,9598
10.08.2025 18:45;53,0178
10.08.2025 19:00;52,9888
10.08.2025 19:15;53,1222
10.08.2025 19:30;53,7834
10.08.2025 19:45;53,7544
10.08.2025 20:00;54,056
10.08.2025 20:15;54,6012
10.08.2025 20:30;54,1604
10.08.2025 20:45;54,0734
10.08.2025 21:00;54,4794
10.08.2025 21:15;59,3166
10.08.2025 21:30;60,0648
10.08.2025 21:45;61,5148
10.08.2025 22:00;60,9348
10.08.2025 22:15;60,6448
10.08.2025 22:30;60,61
10.08.2025 22:45;60,9
10.08.2025 23:00;60,03
10.08.2025 23:15;56,26
10.08.2025 23:30;56,84
10.08.2025 23:45;57,13
11.08.2025 00:00;57,42
11.08.2025 00:15;56,84
11.08.2025 00:30;56,84
11.08.2025 00:45;56,55
11.08.2025 01:00;56,55
11.08.2025 01:15;56,55
11.08.2025 01:30;57,71
11.08.2025 01:45;56,84
11.08.2025 02:00;57,71
11.08.2025 02:15;58
11.08.2025 02:30;57,42
11.08.2025 02:45;58,0348
11.08.2025 03:00;58,3248
11.08.2025 03:15;57,4548
11.08.2025 03:30;58,0464
11.08.2025 03:45;58,0348
11.08.2025 04:00;58,9048
11.08.2025 04:15;58,0348
11.08.2025 04:30;58,6264
11.08.2025 04:45;58,0348
11.08.2025 05:00;58,3248
11.08.2025 05:15;77,1748
11.08.2025 05:30;90,5148
11.08.2025 05:45;119,8164
11.08.2025 06:00;129,6648
11.08.2025 06:15;147,958
11.08.2025 06:30;172,9618
11.08.2025 06:45;175,9546
11.08.2025 07:00;157,3714
11.08.2025 07:15;166,2802
11.08.2025 07:30;170,2996
11.08.2025 07:45;177,538
11.08.2025 08:00;179,0344
11.08.2025 08:15;187,1602
11.08.2025 08:30;167,6664
11.08.2025 08:45;148,4336
11.08.2025 09:00;160,8804
11.08.2025 09:15;176,4824
11.08.2025 09:30;187,2646
11.08.2025 09:45;170,9666
11.08.2025 10:00;169,6848
11.08.2025 10:15;149,4196
11.08.2025 10:30;158,1718
11.08.2025 10:45;149,0716
11.08.2025 11:00;159,3434
11.08.2025 11:15;177,0276
11.08.2025 11:30;170,9724
11.08.2025 11:45;176,2794
11.08.2025 12:00;163,6876
11.08.2025 12:15;137,1526
11.08.2025 12:30;169,4702
11.08.2025 12:45;187,6822
11.08.2025 13:00;174,1682
11.08.2025 13:15;168,49
11.08.2025 13:30;158,1138
11.08.2025 13:45;163,3744
11.08.2025 14:00;162,5972
11.08.2025 14:15;139,635
11.08.2025 14:30;99,3308
11.08.2025 14:45;96,7962
11.08.2025 15:00;92,9508
11.08.2025 15:15;93,6352
11.08.2025 15:30;80,1966
11.08.2025 15:45;80,9564
11.08.2025 16:00;80,7302
11.08.2025 16:15;81,8206
11.08.2025 16:30;81,0028
11.08.2025 16:45;73,5904
11.08.2025 17:00;79,7036
11.08.2025 17:15;77,14
11.08.2025 17:30;68,3182
11.08.2025 17:45;67,3612
11.08.2025 18:00;67,2452
11.08.2025 18:15;67,715
11.08.2025 18:30;76,2062
11.08.2025 18:45;70,8644
11.08.2025 19:00;67,6048
11.08.2025 19:15;74,5764
11.08.2025 19:30;66,2592
11.08.2025 19:45;64,0088
11.08.2025 20:00;63,7014
11.08.2025 20:15;69,2056
11.08.2025 20:30;66,8566
11.08.2025 20:45;72,5406
11.08.2025 21:00;66,6884
11.08.2025 21:15;67,628
11.08.2025 21:30;68,1732
11.08.2025 21:45;69,3332
11.08.2025 22:00;69,0432
11.08.2025 22:15;67,3148
11.08.2025 22:30;65,54
11.08.2025 22:45;65,25
11.08.2025 23:00;64,67
11.08.2025 23:15;60,61
11.08.2025 23:30;62,06
11.08.2025 23:45;62,35
12.08.2025 00:00;62,64
12.08.2025 00:15;62,93
12.08.2025 00:30;62,35
12.08.2025 00:45;62,35
12.08.2025 01:00;62,35
12.08.2025 01:15;62,64
12.08.2025 01:30;62,35
12.08.2025 01:45;62,35
12.08.2025 02:00;75,4
12.08.2025 02:15;78,59
12.08.2025 02:30;78,59
12.08.2025 02:45;79,7848
12.08.2025 03:00;76,5948
12.08.2025 03:15;76,2932
12.08.2025 03:30;74,5706
12.08.2025 03:45;76,009
12.08.2025 04:00;74,8548
12.08.2025 04:15;75,4522
12.08.2025 04:30;75,4406
12.08.2025 04:45;74,2748
12.08.2025 05:00;84,1232
12.08.2025 05:15;99,1916
12.08.2025 05:30;106,7548
12.08.2025 05:45;128,5048
12.08.2025 06:00;138,9332
12.08.2025 06:15;161,2748
12.08.2025 06:30;177,451
12.08.2025 06:45;187,8446
12.08.2025 07:00;193,8012
12.08.2025 07:15;171,3088
12.08.2025 07:30;183,7092
12.08.2025 07:45;190,9592
12.08.2025 08:00;188,4768
12.08.2025 08:15;178,756
12.08.2025 08:30;177,6482
12.08.2025 08:45;157,8644
12.08.2025 09:00;169,8066
12.08.2025 09:15;203,2784
12.08.2025 09:30;198,3484
12.08.2025 09:45;189,8398
12.08.2025 10:00;201,6718
12.08.2025 10:15;195,8602
12.08.2025 10:30;184,7068
12.08.2025 10:45;174,2088
12.08.2025 11:00;178,2804
12.08.2025 11:15;185,0316
12.08.2025 11:30;186,2322
12.08.2025 11:45;185,1476
12.08.2025 12:00;179,046
12.08.2025 12:15;158,5894
12.08.2025 12:30;167,3068
12.08.2025 12:45;187,2994
12.08.2025 13:00;185,0548
12.08.2025 13:15;167,3068
12.08.2025 13:30;171,5698
12.08.2025 13:45;175,0208
12.08.2025 14:00;169,0758
12.08.2025 14:15;135,4358
12.08.2025 14:30;108,4252
12.08.2025 14:45;90,0624
12.08.2025 15:00;87,522
12.08.2025 15:15;87,7018
12.08.2025 15:30;82,7718
12.08.2025 15:45;76,0612
12.08.2025 16:00;74,7156
12.08.2025 16:15;73,283
12.08.2025 16:30;71,2472
12.08.2025 16:45;66,5782
12.08.2025 17:00;65,2384
12.08.2025 17:15;62,5356
12.08.2025 17:30;59,5022
12.08.2025 17:45;59,1194
12.08.2025 18:00;63,5506
12.08.2025 18:15;65,8416
12.08.2025 18:30;62,9358
12.08.2025 18:45;63,7304
12.08.2025 19:00;59,5486
12.08.2025 19:15;58,0986
12.08.2025 19:30;59,8096
12.08.2025 19:45;62,64
12.08.2025 20:00;64,2408
12.08.2025 20:15;64,5888
12.08.2025 20:30;61,7062
12.08.2025 20:45;64,264
12.08.2025 21:00;72,5696
12.08.2025 21:15;69,3564
12.08.2025 21:30;64,9948
12.08.2025 21:45;66,1548
12.08.2025 22:00;64,9948
12.08.2025 22:15;63,8348
12.08.2025 22:30;62,64
12.08.2025 22:45;61,77
12.08.2025 23:00;61,19
12.08.2025 23:15;56,26
12.08.2025 23:30;58,29
12.08.2025 23:45;58,87
13.08.2025 00:00;58,87
13.08.2025 00:15;59,45
13.08.2025 00:30;58,58
13.08.2025 00:45;58
13.08.2025 01:00;58,58
13.08.2025 01:15;58,58
13.08.2025 01:30;58,29
13.08.2025 01:45;58,58
13.08.2025 02:00;58,87
13.08.2025 02:15;58,58
13.08.2025 02:30;58,87
13.08.2025 02:45;59,1948
13.08.2025 03:00;60,0648
13.08.2025 03:15;60,0764
13.08.2025 03:30;61,8048
13.08.2025 03:45;60,0648
13.08.2025 04:00;60,0648
13.08.2025 04:15;77,1748
13.08.2025 04:30;76,3048
13.08.2025 04:45;76,5948
13.08.2025 05:00;91,0948
13.08.2025 05:15;101,2564
13.08.2025 05:30;108,4948
13.08.2025 05:45;127,9248
13.08.2025 06:00;129,9548
13.08.2025 06:15;149,669
13.08.2025 06:30;180,8846
13.08.2025 06:45;184,556
13.08.2025 07:00;173,7738
13.08.2025 07:15;162,3652
13.08.2025 07:30;162,1912
13.08.2025 07:45;177,6946
13.08.2025 08:00;173,9478
13.08.2025 08:15;173,623
13.08.2025 08:30;172,347
13.08.2025 08:45;146,4094
13.08.2025 09:00;165,7408
13.08.2025 09:15;202,826
13.08.2025 09:30;171,2566
13.08.2025 09:45;186,3134
13.08.2025 10:00;203,9628
13.08.2025 10:15;172,8458
13.08.2025 10:30;159,9814
13.08.2025 10:45;149,4022
13.08.2025 11:00;170,0096
13.08.2025 11:15;172,1672
13.08.2025 11:30;189,4628
13.08.2025 11:45;174,3248
13.08.2025 12:00;157,151
13.08.2025 12:15;143,1614
13.08.2025 12:30;153,0794
13.08.2025 12:45;181,6386
13.08.2025 13:00;171,1
13.08.2025 13:15;169,6964
13.08.2025 13:30;179,452
13.08.2025 13:45;192,6644
13.08.2025 14:00;174,6554
13.08.2025 14:15;147,7666
13.08.2025 14:30;112,3576
13.08.2025 14:45;101,9408
13.08.2025 15:00;100,1544
13.08.2025 15:15;90,5206
13.08.2025 15:30;81,8786
13.08.2025 15:45;82,5572
13.08.2025 16:00;83,3808
13.08.2025 16:15;77,8592
13.08.2025 16:30;78,3406
13.08.2025 16:45;70,8412
13.08.2025 17:00;73,7006
13.08.2025 17:15;70,6092
13.08.2025 17:30;69,368
13.08.2025 17:45;63,6956
13.08.2025 18:00;62,9474
13.08.2025 18:15;66,1084
13.08.2025 18:30;63,4404
13.08.2025 18:45;65,8184
13.08.2025 19:00;66,0678
13.08.2025 19:15;71,9142
13.08.2025 19:30;61,2016
13.08.2025 19:45;60,7782
13.08.2025 20:00;61,1958
13.08.2025 20:15;59,5138
13.08.2025 20:30;59,7806
13.08.2025 20:45;59,5196
13.08.2025 21:00;61,0334
13.08.2025 21:15;64,4148
13.08.2025 21:30;65,8648
13.08.2025 21:45;67,0364
13.08.2025 22:00;65,8648
13.08.2025 22:15;65,2848
13.08.2025 22:30;64,96
13.08.2025 22:45;64,96
13.08.2025 23:00;64,67
13.08.2025 23:15;61,48
13.08.2025 23:30;60,61
13.08.2025 23:45;61,48
14.08.2025 00:00;62,06
14.08.2025 00:15;62,93
14.08.2025 00:30;78,01
14.08.2025 00:45;77,43
14.08.2025 01:00;76,56
14.08.2025 01:15;76,56
14.08.2025 01:30;75,69
14.08.2025 01:45;73,95
14.08.2025 02:00;73,37
14.08.2025 02:15;71,92
14.08.2025 02:30;73,37
14.08.2025 02:45;72,5464
14.08.2025 03:00;71,3748
14.08.2025 03:15;72,5348
14.08.2025 03:30;72,5348
14.08.2025 03:45;71,3748
14.08.2025 04:00;71,0964
14.08.2025 04:15;71,0848
14.08.2025 04:30;71,6648
14.08.2025 04:45;72,8248
14.08.2025 05:00;71,3748
14.08.2025 05:15;75,4348
14.08.2025 05:30;97,7764
14.08.2025 05:45;121,2548
14.08.2025 06:00;128,2148
14.08.2025 06:15;159,2448
14.08.2025 06:30;176,9406
14.08.2025 06:45;181,2674
14.08.2025 07:00;203,7366
14.08.2025 07:15;195,4484
14.08.2025 07:30;198,5108
14.08.2025 07:45;222,9288
14.08.2025 08:00;227,8762
14.08.2025 08:15;226,9946
14.08.2025 08:30;199,0966
14.08.2025 08:45;169,998
14.08.2025 09:00;193,7548
14.08.2025 09:15;227,3078
14.08.2025 09:30;226,7858
14.08.2025 09:45;221,7224
14.08.2025 10:00;197,8438
14.08.2025 10:15;189,544
14.08.2025 10:30;183,0306
14.08.2025 10:45;178,7444
14.08.2025 11:00;183,1814
14.08.2025 11:15;216,4154
14.08.2025 11:30;184,5328
14.08.2025 11:45;179,568
14.08.2025 12:00;178,7792
14.08.2025 12:15;160,196
14.08.2025 12:30;176,9812
14.08.2025 12:45;194,7292
14.08.2025 13:00;193,5808
14.08.2025 13:15;195,5992
14.08.2025 13:30;190,965
14.08.2025 13:45;185,2346
14.08.2025 14:00;165,4334
14.08.2025 14:15;151,96
14.08.2025 14:30;121,2026
14.08.2025 14:45;116,232
14.08.2025 15:00;116,551
14.08.2025 15:15;111,679
14.08.2025 15:30;103,3908
14.08.2025 15:45;100,8968
14.08.2025 16:00;105,1656
14.08.2025 16:15;102,5614
14.08.2025 16:30;96,7846
14.08.2025 16:45;92,6434
14.08.2025 17:00;77,8998
14.08.2025 17:15;67,5584
14.08.2025 17:30;64,4612
14.08.2025 17:45;66,7986
14.08.2025 18:00;65,5284
14.08.2025 18:15;72,3028
14.08.2025 18:30;63,307
14.08.2025 18:45;62,5008
14.08.2025 19:00;63,7768
14.08.2025 19:15;64,3336
14.08.2025 19:30;65,8648
14.08.2025 19:45;64,0552
14.08.2025 20:00;66,816
14.08.2025 20:15;67,0364
14.08.2025 20:30;61,9266
14.08.2025 20:45;62,8952
14.08.2025 21:00;63,3128
14.08.2025 21:15;65,2964
14.08.2025 21:30;66,4448
14.08.2025 21:45;68,7648
14.08.2025 22:00;65,8648
14.08.2025 22:15;65,5748
14.08.2025 22:30;64,67
14.08.2025 22:45;64,96
14.08.2025 23:00;64,09
14.08.2025 23:15;59,45
14.08.2025 23:30;60,03
14.08.2025 23:45;61,19
15.08.2025 00:00;60,32
15.08.2025 00:15;60,32
15.08.2025 00:30;59,74
15.08.2025 00:45;60,03
15.08.2025 01:00;61,77
15.08.2025 01:15;60,32
15.08.2025 01:30;59,74
15.08.2025 01:45;60,03
15.08.2025 02:00;59,74
15.08.2025 02:15;59,74
15.08.2025 02:30;60,32
15.08.2025 02:45;60,6448
15.08.2025 03:00;61,2248
15.08.2025 03:15;60,9348
15.08.2025 03:30;60,9348
15.08.2025 03:45;61,2248
15.08.2025 04:00;68,1848
15.08.2025 04:15;77,4648
15.08.2025 04:30;77,7548
15.08.2025 04:45;77,1748
15.08.2025 05:00;77,4648
15.08.2025 05:15;80,6548
15.08.2025 05:30;107,3348
15.08.2025 05:45;128,5048
15.08.2025 06:00;129,9548
15.08.2025 06:15;153,4332
15.08.2025 06:30;176,7608
15.08.2025 06:45;176,3954
15.08.2025 07:00;168,8786
15.08.2025 07:15;158,5952
15.08.2025 07:30;178,6806
15.08.2025 07:45;201,3818
15.08.2025 08:00;195,5064
15.08.2025 08:15;210,685
15.08.2025 08:30;185,9016
15.08.2025 08:45;149,0426
15.08.2025 09:00;159,1926
15.08.2025 09:15;172,9328
15.08.2025 09:30;153,6304
15.08.2025 09:45;159,558
15.08.2025 10:00;156,745
15.08.2025 10:15;153,5492
15.08.2025 10:30;182,8102
15.08.2025 10:45;210,9808
15.08.2025 11:00;172,202
15.08.2025 11:15;146,3978
15.08.2025 11:30;145,8236
15.08.2025 11:45;145,145
15.08.2025 12:00;142,477
15.08.2025 12:15;124,207
15.08.2025 12:30;94,8416
15.08.2025 12:45;80,5446
15.08.2025 13:00;78,6886
15.08.2025 13:15;78,8684
15.08.2025 13:30;85,0106
15.08.2025 13:45;83,8216
15.08.2025 14:00;77,3894
15.08.2025 14:15;77,9578
15.08.2025 14:30;72,181
15.08.2025 14:45;66,8914
15.08.2025 15:00;73,9442
15.08.2025 15:15;69,2694
15.08.2025 15:30;68,2718
15.08.2025 15:45;66,613
15.08.2025 16:00;64,1074
15.08.2025 16:15;65,3892
15.08.2025 16:30;65,5168
15.08.2025 16:45;70,441
15.08.2025 17:00;64,2756
15.08.2025 17:15;65,8938
15.08.2025 17:30;62,2746
15.08.2025 17:45;59,1658
15.08.2025 18:00;59,0208
15.08.2025 18:15;59,6878
15.08.2025 18:30;59,1368
15.08.2025 18:45;59,0846
15.08.2025 19:00;58,9396
15.08.2025 19:15;57,681
15.08.2025 19:30;57,1184
15.08.2025 19:45;58,5162
15.08.2025 20:00;58,899
15.08.2025 20:15;59,2006
15.08.2025 20:30;60,407
15.08.2025 20:45;59,1078
15.08.2025 21:00;61,7004
15.08.2025 21:15;63,5448
15.08.2025 21:30;64,6932
15.08.2025 21:45;66,1548
15.08.2025 22:00;63,8348
15.08.2025 22:15;62,9648
15.08.2025 22:30;63,8
15.08.2025 22:45;64,09
15.08.2025 23:00;63,51
15.08.2025 23:15;59,16
15.08.2025 23:30;58,58
15.08.2025 23:45;60,9
16.08.2025 00:00;59,74
16.08.2025 00:15;60,9
16.08.2025 00:30;59,45
16.08.2025 00:45;60,61
16.08.2025 01:00;59,16
16.08.2025 01:15;59,16
16.08.2025 01:30;58
16.08.2025 01:45;60,32
16.08.2025 02:00;59,45
16.08.2025 02:15;60,32
16.08.2025 02:30;60,32
16.08.2025 02:45;61,5148
16.08.2025 03:00;61,5148
16.08.2025 03:15;61,5032
16.08.2025 03:30;61,2248
16.08.2025 03:45;61,8048
16.08.2025 04:00;61,8048
16.08.2025 04:15;60,3548
16.08.2025 04:30;60,3548
16.08.2025 04:45;60,3548
16.08.2025 05:00;61,8048
16.08.2025 05:15;66,1548
16.08.2025 05:30;66,1548
16.08.2025 05:45;66,1548
16.08.2025 06:00;67,6048
16.08.2025 06:15;68,7648
16.08.2025 06:30;69,6348
16.08.2025 06:45;74,2748
16.08.2025 07:00;69,745
16.08.2025 07:15;68,8924
16.08.2025 07:30;66,5434
16.08.2025 07:45;69,9828
16.08.2025 08:00;68,0282
16.08.2025 08:15;68,0456
16.08.2025 08:30;68,7242
16.08.2025 08:45;65,6212
16.08.2025 09:00;66,7986
16.08.2025 09:15;66,9842
16.08.2025 09:30;68,7706
16.08.2025 09:45;67,6628
16.08.2025 10:00;71,0964
16.08.2025 10:15;71,7402
16.08.2025 10:30;68,295
16.08.2025 10:45;72,9118
16.08.2025 11:00;71,601
16.08.2025 11:15;69,455
16.08.2025 11:30;57,3852
16.08.2025 11:45;56,0338
16.08.2025 12:00;56,9966
16.08.2025 12:15;55,6394
16.08.2025 12:30;56,3818
16.08.2025 12:45;54,5896
16.08.2025 13:00;56,5848
16.08.2025 13:15;55,9352
16.08.2025 13:30;56,9734
16.08.2025 13:45;56,1556
16.08.2025 14:00;56,6834
16.08.2025 14:15;56,1034
16.08.2025 14:30;56,6428
16.08.2025 14:45;55,825
16.08.2025 15:00;56,7588
16.08.2025 15:15;56,3876
16.08.2025 15:30;54,6418
16.08.2025 15:45;55,2856
16.08.2025 16:00;56,173
16.08.2025 16:15;57,0604
16.08.2025 16:30;55,5582
16.08.2025 16:45;56,347
16.08.2025 17:00;57,9942
16.08.2025 17:15;55,7496
16.08.2025 17:30;58,3248
16.08.2025 17:45;55,158
16.08.2025 18:00;56,6544
16.08.2025 18:15;56,6196
16.08.2025 18:30;56,3934
16.08.2025 18:45;55,4596
16.08.2025 19:00;56,7704
16.08.2025 19:15;57,2692
16.08.2025 19:30;56,3876
16.08.2025 19:45;56,9734
16.08.2025 20:00;57,7216
16.08.2025 20:15;56,9792
16.08.2025 20:30;57,3156
16.08.2025 20:45;58,6554
16.08.2025 21:00;60,465
16.08.2025 21:15;61,8048
16.08.2025 21:30;62,6632
16.08.2025 21:45;64,4148
16.08.2025 22:00;63,2548
16.08.2025 22:15;60,9232
16.08.2025 22:30;62,06
16.08.2025 22:45;63,51
16.08.2025 23:00;62,35
16.08.2025 23:15;57,71
16.08.2025 23:30;59,45
16.08.2025 23:45;59,45
17.08.2025 00:00;59,74
17.08.2025 00:15;59,45
17.08.2025 00:30;60,03
17.08.2025 00:45;57,71
17.08.2025 01:00;58,29
17.08.2025 01:15;59,74
17.08.2025 01:30;59,74
17.08.2025 01:45;59,45
17.08.2025 02:00;59,74
17.08.2025 02:15;59,16
17.08.2025 02:30;59,74
17.08.2025 02:45;61,2248
17.08.2025 03:00;60,6448
17.08.2025 03:15;59,4848
17.08.2025 03:30;59,4732
17.08.2025 03:45;59,4848
17.08.2025 04:00;60,3548
17.08.2025 04:15;60,9232
17.08.2025 04:30;60,6448
17.08.2025 04:45;60,9348
17.08.2025 05:00;60,6448
17.08.2025 05:15;65,5632
17.08.2025 05:30;64,7048
17.08.2025 05:45;65,2848
17.08.2025 06:00;62,9532
17.08.2025 06:15;62,0948
17.08.2025 06:30;57,6868
17.08.2025 06:45;58,7656
17.08.2025 07:00;57,7622
17.08.2025 07:15;57,0024
17.08.2025 07:30;57,0256
17.08.2025 07:45;57,8202
17.08.2025 08:00;57,4142
17.08.2025 08:15;57,6346
17.08.2025 08:30;56,4166
17.08.2025 08:45;55,97
17.08.2025 09:00;55,1696
17.08.2025 09:15;55,1464
17.08.2025 09:30;55,4944
17.08.2025 09:45;55,8134
17.08.2025 10:00;56,0164
17.08.2025 10:15;56,4572
17.08.2025 10:30;55,0942
17.08.2025 10:45;54,6128
17.08.2025 11:00;56,9966
17.08.2025 11:15;55,5466
17.08.2025 11:30;54,6476
17.08.2025 11:45;54,5432
17.08.2025 12:00;55,622
17.08.2025 12:15;56,1614
17.08.2025 12:30;58,0986
17.08.2025 12:45;55,2044
17.08.2025 13:00;56,2194
17.08.2025 13:15;55,9004
17.08.2025 13:30;55,7206
17.08.2025 13:45;54,549
17.08.2025 14:00;54,3576
17.08.2025 14:15;55,9294
17.08.2025 14:30;55,2914
17.08.2025 14:45;56,4166
17.08.2025 15:00;56,5036
17.08.2025 15:15;56,3528
17.08.2025 15:30;55,8308
17.08.2025 15:45;55,0826
17.08.2025 16:00;54,6534
17.08.2025 16:15;54,4736
17.08.2025 16:30;56,2484
17.08.2025 16:45;54,8042
17.08.2025 17:00;56,289
17.08.2025 17:15;57,1764
17.08.2025 17:30;55,9642
17.08.2025 17:45;55,3552
17.08.2025 18:00;56,0222
17.08.2025 18:15;54,9202
17.08.2025 18:30;55,622
17.08.2025 18:45;55,6104
17.08.2025 19:00;57,1474
17.08.2025 19:15;56,0802
17.08.2025 19:30;55,9178
17.08.2025 19:45;63,0344
17.08.2025 20:00;73,6948
17.08.2025 20:15;72,7552
17.08.2025 20:30;72,4014
17.08.2025 20:45;71,2356
17.08.2025 21:00;77,7548
17.08.2025 21:15;79,4948
17.08.2025 21:30;81,5132
17.08.2025 21:45;79,4948
17.08.2025 22:00;76,8848
17.08.2025 22:15;77,4648
17.08.2025 22:30;75,98
17.08.2025 22:45;75,69
17.08.2025 23:00;74,24
17.08.2025 23:15;71,34
17.08.2025 23:30;72,21
17.08.2025 23:45;73,08
18.08.2025 00:00;72,5
18.08.2025 00:15;71,92
18.08.2025 00:30;71,34
18.08.2025 00:45;72,5
18.08.2025 01:00;71,92
18.08.2025 01:15;71,34
18.08.2025 01:30;71,34
18.08.2025 01:45;71,63
18.08.2025 02:00;72,21
18.08.2025 02:15;72,5
18.08.2025 02:30;72,21
18.08.2025 02:45;72,2448
18.08.2025 03:00;73,6832
18.08.2025 03:15;71,6648
18.08.2025 03:30;71,3748
18.08.2025 03:45;69,9248
18.08.2025 04:00;70,5048
18.08.2025 04:15;71,9548
18.08.2025 04:30;72,2448
18.08.2025 04:45;72,5232
18.08.2025 05:00;71,9548
18.08.2025 05:15;75,7248
18.08.2025 05:30;91,6748
18.08.2025 05:45;124,4448
18.08.2025 06:00;143,8748
18.08.2025 06:15;163,5832
18.08.2025 06:30;179,8522
18.08.2025 06:45;216,1138
18.08.2025 07:00;185,6928
18.08.2025 07:15;179,5216
18.08.2025 07:30;182,9842
18.08.2025 07:45;191,4232
18.08.2025 08:00;195,8486
18.08.2025 08:15;237,7826
18.08.2025 08:30;210,3022
18.08.2025 08:45;183,7382
18.08.2025 09:00;197,432
18.08.2025 09:15;219,7852
18.08.2025 09:30;236,1412
18.08.2025 09:45;238,2408
18.08.2025 10:00;235,6018
18.08.2025 10:15;240,6246
18.08.2025 10:30;220,9046
18.08.2025 10:45;200,9526
18.08.2025 11:00;193,5692
18.08.2025 11:15;208,2664
18.08.2025 11:30;230,3296
18.08.2025 11:45;198,8124
18.08.2025 12:00;195,0714
18.08.2025 12:15;146,2354
18.08.2025 12:30;163,7804
18.08.2025 12:45;215,209
18.08.2025 13:00;176,3664
18.08.2025 13:15;153,4564
18.08.2025 13:30;166,054
18.08.2025 13:45;169,36
18.08.2025 14:00;157,876
18.08.2025 14:15;134,2758
18.08.2025 14:30;112,114
18.08.2025 14:45;109,6954
18.08.2025 15:00;106,4938
18.08.2025 15:15;100,485
18.08.2025 15:30;95,3926
18.08.2025 15:45;100,9432
18.08.2025 16:00;92,9856
18.08.2025 16:15;94,6328
18.08.2025 16:30;94,1166
18.08.2025 16:45;90,7236
18.08.2025 17:00;75,7074
18.08.2025 17:15;72,0882
18.08.2025 17:30;68,6024
18.08.2025 17:45;67,0074
18.08.2025 18:00;66,8276
18.08.2025 18:15;66,7
18.08.2025 18:30;66,8682
18.08.2025 18:45;65,1978
18.08.2025 19:00;66,8798
18.08.2025 19:15;66,961
18.08.2025 19:30;77,5808
18.08.2025 19:45;72,0418
18.08.2025 20:00;68,0398
18.08.2025 20:15;69,513
18.08.2025 20:30;61,3234
18.08.2025 20:45;59,9836
18.08.2025 21:00;65,2442
18.08.2025 21:15;64,7048
18.08.2025 21:30;66,1548
18.08.2025 21:45;67,0248
18.08.2025 22:00;66,4448
18.08.2025 22:15;65,2848
18.08.2025 22:30;64,38
18.08.2025 22:45;65,83
18.08.2025 23:00;62,93
18.08.2025 23:15;57,71
18.08.2025 23:30;59,16
18.08.2025 23:45;60,61
19.08.2025 00:00;60,9
19.08.2025 00:15;57,71
19.08.2025 00:30;58
19.08.2025 00:45;58,58
19.08.2025 01:00;58,58
19.08.2025 01:15;58,87
19.08.2025 01:30;58,29
19.08.2025 01:45;58,87
19.08.2025 02:00;58,58
19.08.2025 02:15;58,29
19.08.2025 02:30;57,71
19.08.2025 02:45;60,6448
19.08.2025 03:00;60,3548
19.08.2025 03:15;61,5148
19.08.2025 03:30;60,6448
19.08.2025 03:45;60,9348
19.08.2025 04:00;60,6448
19.08.2025 04:15;60,0648
19.08.2025 04:30;58,9048
19.08.2025 04:45;62,9648
19.08.2025 05:00;75,4348
19.08.2025 05:15;86,7448
19.08.2025 05:30;92,8348
19.08.2025 05:45;121,2548
19.08.2025 06:00;132,8548
19.08.2025 06:15;154,9006
19.08.2025 06:30;190,008
19.08.2025 06:45;203,5278
19.08.2025 07:00;183,5816
19.08.2025 07:15;166,9182
19.08.2025 07:30;182,3462
19.08.2025 07:45;192,4034
19.08.2025 08:00;212,2568
19.08.2025 08:15;167,8404
19.08.2025 08:30;151,7802
19.08.2025 08:45;122,2814
19.08.2025 09:00;171,0072
19.08.2025 09:15;217,9002
19.08.2025 09:30;200,2392
19.08.2025 09:45;202,5766
19.08.2025 10:00;172,231
19.08.2025 10:15;186,5802
19.08.2025 10:30;166,692
19.08.2025 10:45;146,7168
19.08.2025 11:00;165,0564
19.08.2025 11:15;196,33
19.08.2025 11:30;193,5866
19.08.2025 11:45;165,474
19.08.2025 12:00;144,9826
19.08.2025 12:15;136,1956
19.08.2025 12:30;180,9542
19.08.2025 12:45;188,355
19.08.2025 13:00;191,6204
19.08.2025 13:15;186,8644
19.08.2025 13:30;169,0294
19.08.2025 13:45;141,2648
19.08.2025 14:00;134,705
19.08.2025 14:15;116,9222
19.08.2025 14:30;120,9184
19.08.2025 14:45;116,8352
19.08.2025 15:00;110,1942
19.08.2025 15:15;105,6528
19.08.2025 15:30;95,3636
19.08.2025 15:45;87,4002
19.08.2025 16:00;71,079
19.08.2025 16:15;70,3192
19.08.2025 16:30;68,1906
19.08.2025 16:45;72,181
19.08.2025 17:00;68,7358
19.08.2025 17:15;73,7238
19.08.2025 17:30;67,8716
19.08.2025 17:45;66,961
19.08.2025 18:00;71,0906
19.08.2025 18:15;66,0446
19.08.2025 18:30;65,1398
19.08.2025 18:45;61,683
19.08.2025 19:00;61,161
19.08.2025 19:15;62,0194
19.08.2025 19:30;60,8768
19.08.2025 19:45;66,787
19.08.2025 20:00;61,9324
19.08.2025 20:15;59,363
19.08.2025 20:30;63,7072
19.08.2025 20:45;58,7308
19.08.2025 21:00;64,9948
19.08.2025 21:15;65,8648
19.08.2025 21:30;67,0248
19.08.2025 21:45;74,2748
19.08.2025 22:00;65,2848
19.08.2025 22:15;64,1248
19.08.2025 22:30;63,22
19.08.2025 22:45;64,38
19.08.2025 23:00;60,9
19.08.2025 23:15;56,55
19.08.2025 23:30;58,58
19.08.2025 23:45;58,58
20.08.2025 00:00;58
20.08.2025 00:15;56,84
20.08.2025 00:30;58
20.08.2025 00:45;58,58
20.08.2025 01:00;58,87
20.08.2025 01:15;58,29
20.08.2025 01:30;58,87
20.08.2025 01:45;58,58
20.08.2025 02:00;58,58
20.08.2025 02:15;58,87
20.08.2025 02:30;58,29
20.08.2025 02:45;59,4848
20.08.2025 03:00;60,3548
20.08.2025 03:15;60,0648
20.08.2025 03:30;60,3548
20.08.2025 03:45;60,6448
20.08.2025 04:00;59,7748
20.08.2025 04:15;61,8048
20.08.2025 04:30;59,7748
20.08.2025 04:45;59,4848
20.08.2025 05:00;79,2164
20.08.2025 05:15;85,5848
20.08.2025 05:30;89,3548
20.08.2025 05:45;114,0048
20.08.2025 06:00;132,5532
20.08.2025 06:15;154,6048
20.08.2025 06:30;195,2048
20.08.2025 06:45;206,9092
20.08.2025 07:00;199,1256
20.08.2025 07:15;175,5718
20.08.2025 07:30;183,483
20.08.2025 07:45;183,0886
20.08.2025 08:00;193,0704
20.08.2025 08:15;217,8364
20.08.2025 08:30;167,6374
20.08.2025 08:45;145,0754
20.08.2025 09:00;172,5442
20.08.2025 09:15;220,7248
20.08.2025 09:30;224,8312
20.08.2025 09:45;187,1892
20.08.2025 10:00;188,819
20.08.2025 10:15;193,6968
20.08.2025 10:30;184,7474
20.08.2025 10:45;176,8942
20.08.2025 11:00;177,103
20.08.2025 11:15;178,5994
20.08.2025 11:30;189,7992
20.08.2025 11:45;183,0654
20.08.2025 12:00;167,6374
20.08.2025 12:15;146,0498
20.08.2025 12:30;161,1356
20.08.2025 12:45;173,3388
20.08.2025 13:00;193,5634
20.08.2025 13:15;178,5646
20.08.2025 13:30;172,8922
20.08.2025 13:45;164,8128
20.08.2025 14:00;160,3352
20.08.2025 14:15;149,2514
20.08.2025 14:30;122,9542
20.08.2025 14:45;127,4318
20.08.2025 15:00;124,3578
20.08.2025 15:15;115,2286
20.08.2025 15:30;104,4638
20.08.2025 15:45;89,0764
20.08.2025 16:00;87,319
20.08.2025 16:15;83,8042
20.08.2025 16:30;84,129
20.08.2025 16:45;78,6074
20.08.2025 17:00;83,6302
20.08.2025 17:15;83,201
20.08.2025 17:30;82,9864
20.08.2025 17:45;85,8516
20.08.2025 18:00;78,4276
20.08.2025 18:15;76,5136
20.08.2025 18:30;78,4682
20.08.2025 18:45;77,2908
20.08.2025 19:00;76,6992
20.08.2025 19:15;77,633
20.08.2025 19:30;78,9148
20.08.2025 19:45;78,4624
20.08.2025 20:00;86,8492
20.08.2025 20:15;79,1816
20.08.2025 20:30;79,9008
20.08.2025 20:45;84,0478
20.08.2025 21:00;80,4924
20.08.2025 21:15;81,8148
20.08.2025 21:30;84,1348
20.08.2025 21:45;85,5732
20.08.2025 22:00;81,5248
20.08.2025 22:15;80,9448
20.08.2025 22:30;80,91
20.08.2025 22:45;81,78
20.08.2025 23:00;79,17
20.08.2025 23:15;73,66
20.08.2025 23:30;75,69
20.08.2025 23:45;76,56
21.08.2025 00:00;74,82
21.08.2025 00:15;75,69
21.08.2025 00:30;76,56
21.08.2025 00:45;76,27
21.08.2025 01:00;76,27
21.08.2025 01:15;76,85
21.08.2025 01:30;77,43
21.08.2025 01:45;77,14
21.08.2025 02:00;76,27
21.08.2025 02:15;75,69
21.08.2025 02:30;76,85
21.08.2025 02:45;77,4648
21.08.2025 03:00;77,4648
21.08.2025 03:15;78,0448
21.08.2025 03:30;78,6132
21.08.2025 03:45;77,4648
21.08.2025 04:00;78,0448
21.08.2025 04:15;78,9148
21.08.2025 04:30;78,3348
21.08.2025 04:45;80,0748
21.08.2025 05:00;92,5448
21.08.2025 05:15;96,3148
21.08.2025 05:30;105,8848
21.08.2025 05:45;121,2548
21.08.2025 06:00;128,5048
21.08.2025 06:15;146,1832
21.08.2025 06:30;171,1232
21.08.2025 06:45;173,2344
21.08.2025 07:00;176,61
21.08.2025 07:15;168,5596
21.08.2025 07:30;170,4562
21.08.2025 07:45;182,9668
21.08.2025 08:00;207,8082
21.08.2025 08:15;180,1248
21.08.2025 08:30;167,5272
21.08.2025 08:45;144,4316
21.08.2025 09:00;163,5368
21.08.2025 09:15;175,2586
21.08.2025 09:30;177,0044
21.08.2025 09:45;165,213
21.08.2025 10:00;160,3584
21.08.2025 10:15;177,335
21.08.2025 10:30;172,4398
21.08.2025 10:45;173,1532
21.08.2025 11:00;159,9466
21.08.2025 11:15;167,6664
21.08.2025 11:30;178,6748
21.08.2025 11:45;161,9128
21.08.2025 12:00;151,4264
21.08.2025 12:15;117,0324
21.08.2025 12:30;139,1478
21.08.2025 12:45;154,7266
21.08.2025 13:00;166,7094
21.08.2025 13:15;173,13
21.08.2025 13:30;167,0342
21.08.2025 13:45;160,2888
21.08.2025 14:00;166,6398
21.08.2025 14:15;141,8738
21.08.2025 14:30;97,0224
21.08.2025 14:45;101,4478
21.08.2025 15:00;101,3434
21.08.2025 15:15;83,3982
21.08.2025 15:30;72,4072
21.08.2025 15:45;75,197
21.08.2025 16:00;70,3018
21.08.2025 16:15;65,6792
21.08.2025 16:30;67,3438
21.08.2025 16:45;65,2152
21.08.2025 17:00;63,5216
21.08.2025 17:15;67,4424
21.08.2025 17:30;69,8378
21.08.2025 17:45;68,5096
21.08.2025 18:00;72,1056
21.08.2025 18:15;69,8958
21.08.2025 18:30;74,878
21.08.2025 18:45;60,8188
21.08.2025 19:00;62,2398
21.08.2025 19:15;62,437
21.08.2025 19:30;60,9638
21.08.2025 19:45;59,1948
21.08.2025 20:00;59,0788
21.08.2025 20:15;59,769
21.08.2025 20:30;59,1716
21.08.2025 20:45;61,8918
21.08.2025 21:00;64,4264
21.08.2025 21:15;66,1432
21.08.2025 21:30;67,6048
21.08.2025 21:45;68,1848
21.08.2025 22:00;66,7348
21.08.2025 22:15;66,1548
21.08.2025 22:30;65,83
21.08.2025 22:45;67,28
21.08.2025 23:00;64,09
21.08.2025 23:15;60,9
21.08.2025 23:30;59,74
21.08.2025 23:45;60,9
22.08.2025 00:00;60,03
22.08.2025 00:15;59,74
22.08.2025 00:30;59,74
22.08.2025 00:45;60,61
22.08.2025 01:00;60,32
22.08.2025 01:15;60,32
22.08.2025 01:30;60,9
22.08.2025 01:45;60,9
22.08.2025 02:00;62,06
22.08.2025 02:15;62,06
22.08.2025 02:30;61,48
22.08.2025 02:45;62,3848
22.08.2025 03:00;62,0948
22.08.2025 03:15;62,3848
22.08.2025 03:30;61,7932
22.08.2025 03:45;62,3848
22.08.2025 04:00;62,0948
22.08.2025 04:15;61,8048
22.08.2025 04:30;61,2248
22.08.2025 04:45;66,4448
22.08.2025 05:00;78,6248
22.08.2025 05:15;83,5548
22.08.2025 05:30;96,8948
22.08.2025 05:45;122,1248
22.08.2025 06:00;144,1648
22.08.2025 06:15;180,6932
22.08.2025 06:30;206,2132
22.08.2025 06:45;204,5428
22.08.2025 07:00;201,1788
22.08.2025 07:15;203,667
22.08.2025 07:30;213,1442
22.08.2025 07:45;217,3028
22.08.2025 08:00;208,8348
22.08.2025 08:15;203,7888
22.08.2025 08:30;194,996
22.08.2025 08:45;177,5264
22.08.2025 09:00;186,6962
22.08.2025 09:15;201,0628
22.08.2025 09:30;205,2968
22.08.2025 09:45;202,2982
22.08.2025 10:00;204,7864
22.08.2025 10:15;199,6244
22.08.2025 10:30;178,1238
22.08.2025 10:45;173,2576
22.08.2025 11:00;172,3064
22.08.2025 11:15;172,9734
22.08.2025 11:30;168,4958
22.08.2025 11:45;164,0414
22.08.2025 12:00;152,4008
22.08.2025 12:15;116,1508
22.08.2025 12:30;95,1896
22.08.2025 12:45;90,2132
22.08.2025 13:00;87,928
22.08.2025 13:15;90,3466
22.08.2025 13:30;79,315
22.08.2025 13:45;70,2496
22.08.2025 14:00;70,7542
22.08.2025 14:15;69,7102
22.08.2025 14:30;67,0074
22.08.2025 14:45;67,3496
22.08.2025 15:00;63,3128
22.08.2025 15:15;65,6676
22.08.2025 15:30;61,857
22.08.2025 15:45;58,87
22.08.2025 16:00;56,6428
22.08.2025 16:15;60,4998
22.08.2025 16:30;70,354
22.08.2025 16:45;73,834
22.08.2025 17:00;55,2972
22.08.2025 17:15;54,984
22.08.2025 17:30;53,3832
22.08.2025 17:45;50,5876
22.08.2025 18:00;27,9328
22.08.2025 18:15;25,3692
22.08.2025 18:30;27,5732
22.08.2025 18:45;28,1938
22.08.2025 19:00;26,39
22.08.2025 19:15;25,2242
22.08.2025 19:30;25,7694
22.08.2025 19:45;24,6094
22.08.2025 20:00;25,2822
22.08.2025 20:15;28,2634
22.08.2025 20:30;26,0014
22.08.2025 20:45;28,5592
22.08.2025 21:00;30,7748
22.08.2025 21:15;31,9348
22.08.2025 21:30;33,0832
22.08.2025 21:45;35,1248
22.08.2025 22:00;32,2248
22.08.2025 22:15;30,7632
22.08.2025 22:30;31,32
22.08.2025 22:45;31,03
22.08.2025 23:00;32,19
22.08.2025 23:15;27,55
22.08.2025 23:30;27,84
22.08.2025 23:45;28,42
23.08.2025 00:00;28,71
23.08.2025 00:15;28,71
23.08.2025 00:30;29,87
23.08.2025 00:45;29,87
23.08.2025 01:00;27,84
23.08.2025 01:15;28,13
23.08.2025 01:30;27,84
23.08.2025 01:45;29,29
23.08.2025 02:00;29,58
23.08.2025 02:15;29
23.08.2025 02:30;28,71
23.08.2025 02:45;29,3248
23.08.2025 03:00;29,3248
23.08.2025 03:15;31,0648
23.08.2025 03:30;29,6032
23.08.2025 03:45;29,6148
23.08.2025 04:00;29,6148
23.08.2025 04:15;29,6148
23.08.2025 04:30;31,9232
23.08.2025 04:45;30,1948
23.08.2025 05:00;29,0348
23.08.2025 05:15;34,5448
23.08.2025 05:30;33,6632
23.08.2025 05:45;34,8348
23.08.2025 06:00;36,2848
23.08.2025 06:15;33,6748
23.08.2025 06:30;30,4732
23.08.2025 06:45;26,8714
23.08.2025 07:00;26,7612
23.08.2025 07:15;27,8052
23.08.2025 07:30;26,0478
23.08.2025 07:45;25,3286
23.08.2025 08:00;25,1372
23.08.2025 08:15;26,0652
23.08.2025 08:30;26,8424
23.08.2025 08:45;24,8762
23.08.2025 09:00;25,1894
23.08.2025 09:15;24,563
23.08.2025 09:30;28,5244
23.08.2025 09:45;25,0444
23.08.2025 10:00;23,8844
23.08.2025 10:15;25,1198
23.08.2025 10:30;25,0444
23.08.2025 10:45;26,2972
23.08.2025 11:00;23,9598
23.08.2025 11:15;23,693
23.08.2025 11:30;24,1454
23.08.2025 11:45;23,4726
23.08.2025 12:00;23,9076
23.08.2025 12:15;25,5722
23.08.2025 12:30;24,041
23.08.2025 12:45;25,085
23.08.2025 13:00;24,128
23.08.2025 13:15;24,418
23.08.2025 13:30;25,8622
23.08.2025 13:45;21,9646
23.08.2025 14:00;22,7244
23.08.2025 14:15;22,968
23.08.2025 14:30;23,3044
23.08.2025 14:45;23,9772
23.08.2025 15:00;25,1314
23.08.2025 15:15;22,9506
23.08.2025 15:30;22,0052
23.08.2025 15:45;23,5306
23.08.2025 16:00;23,055
23.08.2025 16:15;23,8322
23.08.2025 16:30;24,9806
23.08.2025 16:45;22,4228
23.08.2025 17:00;23,3914
23.08.2025 17:15;23,3566
23.08.2025 17:30;22,794
23.08.2025 17:45;25,7404
23.08.2025 18:00;23,693
23.08.2025 18:15;23,4784
23.08.2025 18:30;23,2638
23.08.2025 18:45;23,113
23.08.2025 19:00;24,592
23.08.2025 19:15;25,1198
23.08.2025 19:30;23,7278
23.08.2025 19:45;24,0874
23.08.2025 20:00;24,0062
23.08.2025 20:15;24,0642
23.08.2025 20:30;27,028
23.08.2025 20:45;29,0696
23.08.2025 21:00;32,2248
23.08.2025 21:15;31,6448
23.08.2025 21:30;32,8048
23.08.2025 21:45;33,3848
23.08.2025 22:00;33,6748
23.08.2025 22:15;30,4848
23.08.2025 22:30;31,32
23.08.2025 22:45;31,03
23.08.2025 23:00;31,32
23.08.2025 23:15;28,42
23.08.2025 23:30;27,26
23.08.2025 23:45;28,13
24.08.2025 00:00;27,26
24.08.2025 00:15;27,84
24.08.2025 00:30;29,29
24.08.2025 00:45;28,42
24.08.2025 01:00;27,55
24.08.2025 01:15;27,55
24.08.2025 01:30;27,55
24.08.2025 01:45;29,58
24.08.2025 02:00;28,42
24.08.2025 02:15;27,84
24.08.2025 02:30;27,55
24.08.2025 02:45;27,2948
24.08.2025 03:00;29,6148
24.08.2025 03:15;28,1648
24.08.2025 03:30;28,1648
24.08.2025 03:45;27,8748
24.08.2025 04:00;27,8748
24.08.2025 04:15;29,9048
24.08.2025 04:30;28,4548
24.08.2025 04:45;28,1648
24.08.2025 05:00;27,8748
24.08.2025 05:15;34,2548
24.08.2025 05:30;34,8348
24.08.2025 05:45;32,2248
24.08.2025 06:00;32,2248
24.08.2025 06:15;32,2248
24.08.2025 06:30;31,3548
24.08.2025 06:45;25,0734
24.08.2025 07:00;24,3542
24.08.2025 07:15;24,3774
24.08.2025 07:30;26,1232
24.08.2025 07:45;25,0154
24.08.2025 08:00;24,1512
24.08.2025 08:15;24,389
24.08.2025 08:30;25,2532
24.08.2025 08:45;25,0038
24.08.2025 09:00;24,0178
24.08.2025 09:15;23,9308
24.08.2025 09:30;25,4272
24.08.2025 09:45;25,4736
24.08.2025 10:00;23,809
24.08.2025 10:15;23,7626
24.08.2025 10:30;23,026
24.08.2025 10:45;22,9912
24.08.2025 11:00;25,8216
24.08.2025 11:15;24,2904
24.08.2025 11:30;23,49
24.08.2025 11:45;23,3392
24.08.2025 12:00;22,852
24.08.2025 12:15;24,7486
24.08.2025 12:30;24,012
24.08.2025 12:45;22,8752
24.08.2025 13:00;23,4146
24.08.2025 13:15;23,3682
24.08.2025 13:30;24,3716
24.08.2025 13:45;24,4354
24.08.2025 14:00;23,1768
24.08.2025 14:15;22,881
24.08.2025 14:30;23,1188
24.08.2025 14:45;23,0318
24.08.2025 15:00;25,3808
24.08.2025 15:15;22,2314
24.08.2025 15:30;23,5306
24.08.2025 15:45;23,4146
24.08.2025 16:00;23,9366
24.08.2025 16:15;23,954
24.08.2025 16:30;25,6882
24.08.2025 16:45;22,9448
24.08.2025 17:00;23,5596
24.08.2025 17:15;22,1966
24.08.2025 17:30;22,9506
24.08.2025 17:45;23,954
24.08.2025 18:00;24,1744
24.08.2025 18:15;23,1594
24.08.2025 18:30;23,635
24.08.2025 18:45;27,492
24.08.2025 19:00;40,2578
24.08.2025 19:15;40,7682
24.08.2025 19:30;41,1568
24.08.2025 19:45;39,4922
24.08.2025 20:00;36,5516
24.08.2025 20:15;36,4124
24.08.2025 20:30;36,4298
24.08.2025 20:45;42,6184
24.08.2025 21:00;43,2448
24.08.2025 21:15;43,8248
24.08.2025 21:30;44,6948
24.08.2025 21:45;43,8248
24.08.2025 22:00;42,6648
24.08.2025 22:15;47,3048
24.08.2025 22:30;42,92
24.08.2025 22:45;42,92
24.08.2025 23:00;42,05
24.08.2025 23:15;37,41
24.08.2025 23:30;41,76
24.08.2025 23:45;40,31
25.08.2025 00:00;39,73
25.08.2025 00:15;39,15
25.08.2025 00:30;38,57
25.08.2025 00:45;40,6
25.08.2025 01:00;40,6
25.08.2025 01:15;39,73
25.08.2025 01:30;38,86
25.08.2025 01:45;38,86
25.08.2025 02:00;40,89
25.08.2025 02:15;40,89
25.08.2025 02:30;39,44
25.08.2025 02:45;38,6048
25.08.2025 03:00;39,4748
25.08.2025 03:15;40,9248
25.08.2025 03:30;41,5048
25.08.2025 03:45;39,4748
25.08.2025 04:00;38,8948
25.08.2025 04:15;40,3448
25.08.2025 04:30;41,2148
25.08.2025 04:45;41,5048
25.08.2025 05:00;56,0048
25.08.2025 05:15;61,5148
25.08.2025 05:30;69,9248
25.08.2025 05:45;96,0248
25.08.2025 06:00;110,8148
25.08.2025 06:15;145,6148
25.08.2025 06:30;165,3348
25.08.2025 06:45;161,066
25.08.2025 07:00;153,3578
25.08.2025 07:15;170,9376
25.08.2025 07:30;180,3104
25.08.2025 07:45;176,262
25.08.2025 08:00;167,9274
25.08.2025 08:15;208,336
25.08.2025 08:30;196,0168
25.08.2025 08:45;166,576
25.08.2025 09:00;176,2446
25.08.2025 09:15;186,2496
25.08.2025 09:30;161,3444
25.08.2025 09:45;155,875
25.08.2025 10:00;152,627
25.08.2025 10:15;160,6948
25.08.2025 10:30;152,3138
25.08.2025 10:45;144,971
25.08.2025 11:00;154,483
25.08.2025 11:15;158,282
25.08.2025 11:30;162,0694
25.08.2025 11:45;165,6364
25.08.2025 12:00;158,1602
25.08.2025 12:15;137,257
25.08.2025 12:30;150,1968
25.08.2025 12:45;159,5174
25.08.2025 13:00;175,8386
25.08.2025 13:15;159,5812
25.08.2025 13:30;169,2382
25.08.2025 13:45;164,778
25.08.2025 14:00;147,2736
25.08.2025 14:15;130,4652
25.08.2025 14:30;90,1784
25.08.2025 14:45;88,7342
25.08.2025 15:00;85,4398
25.08.2025 15:15;83,6302
25.08.2025 15:30;82,2614
25.08.2025 15:45;84,0304
25.08.2025 16:00;83,549
25.08.2025 16:15;81,9598
25.08.2025 16:30;79,8196
25.08.2025 16:45;78,358
25.08.2025 17:00;78,2942
25.08.2025 17:15;77,7838
25.08.2025 17:30;59,6472
25.08.2025 17:45;46,1506
25.08.2025 18:00;49,0042
25.08.2025 18:15;47,4266
25.08.2025 18:30;48,285
25.08.2025 18:45;49,1144
25.08.2025 19:00;47,589
25.08.2025 19:15;47,7978
25.08.2025 19:30;47,6702
25.08.2025 19:45;47,9834
25.08.2025 20:00;48,546
25.08.2025 20:15;48,3546
25.08.2025 20:30;49,0448
25.08.2025 20:45;51,8636
25.08.2025 21:00;53,9748
25.08.2025 21:15;55,7148
25.08.2025 21:30;55,7148
25.08.2025 21:45;55,7148
25.08.2025 22:00;54,5548
25.08.2025 22:15;53,9748
25.08.2025 22:30;53,65
25.08.2025 22:45;52,78
25.08.2025 23:00;52,78
25.08.2025 23:15;49,59
25.08.2025 23:30;49,88
25.08.2025 23:45;50,75
26.08.2025 00:00;51,33
26.08.2025 00:15;51,04
26.08.2025 00:30;51,04
26.08.2025 00:45;51,33
26.08.2025 01:00;51,04
26.08.2025 01:15;50,17
26.08.2025 01:30;51,33
26.08.2025 01:45;53,07
26.08.2025 02:00;51,33
26.08.2025 02:15;51,33
26.08.2025 02:30;52,2
26.08.2025 02:45;52,8264
26.08.2025 03:00;52,8148
26.08.2025 03:15;53,1048
26.08.2025 03:30;53,1048
26.08.2025 03:45;52,5248
26.08.2025 04:00;52,8264
26.08.2025 04:15;51,9448
26.08.2025 04:30;56,5906
26.08.2025 04:45;65,2848
26.08.2025 05:00;89,9348
26.08.2025 05:15;99,5164
26.08.2025 05:30;104,4348
26.08.2025 05:45;129,3748
26.08.2025 06:00;151,7048
26.08.2025 06:15;163,8732
26.08.2025 06:30;177,8048
26.08.2025 06:45;167,1676
26.08.2025 07:00;190,617
26.08.2025 07:15;181,5516
26.08.2025 07:30;175,6936
26.08.2025 07:45;182,5434
26.08.2025 08:00;180,0726
26.08.2025 08:15;197,5712
26.08.2025 08:30;179,423
26.08.2025 08:45;158,3574
26.08.2025 09:00;177,0102
26.08.2025 09:15;184,4458
26.08.2025 09:30;192,444
26.08.2025 09:45;184,585
26.08.2025 10:00;182,8682
26.08.2025 10:15;189,6774
26.08.2025 10:30;190,0428
26.08.2025 10:45;182,5086
26.08.2025 11:00;178,6458
26.08.2025 11:15;196,301
26.08.2025 11:30;186,267
26.08.2025 11:45;180,003
26.08.2025 12:00;173,0604
26.08.2025 12:15;148,4394
26.08.2025 12:30;159,297
26.08.2025 12:45;179,6492
26.08.2025 13:00;190,9998
26.08.2025 13:15;179,2026
26.08.2025 13:30;184,8808
26.08.2025 13:45;180,67
26.08.2025 14:00;165,0332
26.08.2025 14:15;126,6314
26.08.2025 14:30;95,5028
26.08.2025 14:45;93,8904
26.08.2025 15:00;89,3896
26.08.2025 15:15;89,5056
26.08.2025 15:30;94,4704
26.08.2025 15:45;93,1654
26.08.2025 16:00;92,2722
26.08.2025 16:15;89,6796
26.08.2025 16:30;93,3394
26.08.2025 16:45;87,5394
26.08.2025 17:00;86,0024
26.08.2025 17:15;80,9332
26.08.2025 17:30;63,0344
26.08.2025 17:45;57,8492
26.08.2025 18:00;55,564
26.08.2025 18:15;55,6858
26.08.2025 18:30;55,1522
26.08.2025 18:45;57,5534
26.08.2025 19:00;56,1266
26.08.2025 19:15;55,3958
26.08.2025 19:30;54,404
26.08.2025 19:45;54,4678
26.08.2025 20:00;56,4804
26.08.2025 20:15;54,6476
26.08.2025 20:30;55,68
26.08.2025 20:45;60,6448
26.08.2025 21:00;61,8048
26.08.2025 21:15;62,9648
26.08.2025 21:30;62,3848
26.08.2025 21:45;62,0948
26.08.2025 22:00;60,9348
26.08.2025 22:15;60,6448
26.08.2025 22:30;60,9
26.08.2025 22:45;60,32
26.08.2025 23:00;61,19
26.08.2025 23:15;55,97
26.08.2025 23:30;56,26
26.08.2025 23:45;56,26
27.08.2025 00:00;57,13
27.08.2025 00:15;57,13
27.08.2025 00:30;57,71
27.08.2025 00:45;58,29
27.08.2025 01:00;57,13
27.08.2025 01:15;57,71
27.08.2025 01:30;57,42
27.08.2025 01:45;57,71
27.08.2025 02:00;57,42
27.08.2025 02:15;56,26
27.08.2025 02:30;56,55
27.08.2025 02:45;58,3248
27.08.2025 03:00;58,3248
27.08.2025 03:15;58,9048
27.08.2025 03:30;59,4848
27.08.2025 03:45;59,7748
27.08.2025 04:00;59,4964
27.08.2025 04:15;60,3548
27.08.2025 04:30;69,3448
27.08.2025 04:45;78,0448
27.08.2025 05:00;94,5748
27.08.2025 05:15;99,5048
27.08.2025 05:30;105,3164
27.08.2025 05:45;129,3748
27.08.2025 06:00;146,4848
27.08.2025 06:15;170,5548
27.08.2025 06:30;191,1332
27.08.2025 06:45;179,5448
27.08.2025 07:00;174,6264
27.08.2025 07:15;160,0742
27.08.2025 07:30;182,2128
27.08.2025 07:45;202,7216
27.08.2025 08:00;212,6454
27.08.2025 08:15;200,1522
27.08.2025 08:30;194,561
27.08.2025 08:45;164,8708
27.08.2025 09:00;191,487
27.08.2025 09:15;209,5772
27.08.2025 09:30;201,492
27.08.2025 09:45;202,4838
27.08.2025 10:00;206,4742
27.08.2025 10:15;202,7158
27.08.2025 10:30;181,8996
27.08.2025 10:45;177,7874
27.08.2025 11:00;187,9084
27.08.2025 11:15;190,1124
27.08.2025 11:30;196,3938
27.08.2025 11:45;204,1716
27.08.2025 12:00;163,0032
27.08.2025 12:15;141,3924
27.08.2025 12:30;169,9226
27.08.2025 12:45;192,2526
27.08.2025 13:00;179,6028
27.08.2025 13:15;168,2116
27.08.2025 13:30;162,3594
27.08.2025 13:45;160,4628
27.08.2025 14:00;154,0654
27.08.2025 14:15;141,404
27.08.2025 14:30;99,0872
27.08.2025 14:45;91,7096
27.08.2025 15:00;85,0048
27.08.2025 15:15;82,302
27.08.2025 15:30;62,5588
27.08.2025 15:45;61,9904
27.08.2025 16:00;63,4056
27.08.2025 16:15;60,7376
27.08.2025 16:30;63,3186
27.08.2025 16:45;57,3736
27.08.2025 17:00;60,3432
27.08.2025 17:15;58,4176
27.08.2025 17:30;60,0938
27.08.2025 17:45;56,8574
27.08.2025 18:00;53,3774
27.08.2025 18:15;53,099
27.08.2025 18:30;54,8564
27.08.2025 18:45;55,8134
27.08.2025 19:00;57,2344
27.08.2025 19:15;55,9178
27.08.2025 19:30;57,913
27.08.2025 19:45;55,7728
27.08.2025 20:00;57,6114
27.08.2025 20:15;57,7158
27.08.2025 20:30;58,8062
27.08.2025 20:45;62,9648
27.08.2025 21:00;63,8348
27.08.2025 21:15;64,7048
27.08.2025 21:30;65,2848
27.08.2025 21:45;65,2848
27.08.2025 22:00;64,7048
27.08.2025 22:15;63,2548
27.08.2025 22:30;65,83
27.08.2025 22:45;64,09
27.08.2025 23:00;63,51
27.08.2025 23:15;59,45
27.08.2025 23:30;60,61
27.08.2025 23:45;60,32
28.08.2025 00:00;60,61
28.08.2025 00:15;60,03
28.08.2025 00:30;59,74
28.08.2025 00:45;59,74
28.08.2025 01:00;41,18
28.08.2025 01:15;36,25
28.08.2025 01:30;37,7
28.08.2025 01:45;37,41
28.08.2025 02:00;38,28
28.08.2025 02:15;37,7
28.08.2025 02:30;38,57
28.08.2025 02:45;38,8948
28.08.2025 03:00;38,8948
28.08.2025 03:15;39,7648
28.08.2025 03:30;39,1848
28.08.2025 03:45;38,8948
28.08.2025 04:00;38,8948
28.08.2025 04:15;38,8948
28.08.2025 04:30;39,7648
28.08.2025 04:45;43,2448
28.08.2025 05:00;59,2064
28.08.2025 05:15;71,9548
28.08.2025 05:30;89,9348
28.08.2025 05:45;109,9448
28.08.2025 06:00;122,1248
28.08.2025 06:15;156,919
28.08.2025 06:30;186,7948
28.08.2025 06:45;193,7548
28.08.2025 07:00;180,1306
28.08.2025 07:15;154,0016
28.08.2025 07:30;166,3266
28.08.2025 07:45;181,1224
28.08.2025 08:00;174,0696
28.08.2025 08:15;187,746
28.08.2025 08:30;179,2026
28.08.2025 08:45;144,1706
28.08.2025 09:00;166,7326
28.08.2025 09:15;196,0574
28.08.2025 09:30;198,5166
28.08.2025 09:45;181,1514
28.08.2025 10:00;186,0988
28.08.2025 10:15;191,226
28.08.2025 10:30;188,4362
28.08.2025 10:45;183,3728
28.08.2025 11:00;166,547
28.08.2025 11:15;179,7478
28.08.2025 11:30;176,9116
28.08.2025 11:45;183,1756
28.08.2025 12:00;171,8946
28.08.2025 12:15;145,3828
28.08.2025 12:30;160,9848
28.08.2025 12:45;192,299
28.08.2025 13:00;179,0692
28.08.2025 13:15;173,942
28.08.2025 13:30;178,1992
28.08.2025 13:45;168,7684
28.08.2025 14:00;186,7658
28.08.2025 14:15;154,686
28.08.2025 14:30;109,5562
28.08.2025 14:45;104,4
28.08.2025 15:00;99,5222
28.08.2025 15:15;96,7208
28.08.2025 15:30;74,153
28.08.2025 15:45;74,4894
28.08.2025 16:00;76,6412
28.08.2025 16:15;74,8258
28.08.2025 16:30;72,7378
28.08.2025 16:45;72,326
28.08.2025 17:00;73,4512
28.08.2025 17:15;74,878
28.08.2025 17:30;68,7648
28.08.2025 17:45;60,929
28.08.2025 18:00;64,2582
28.08.2025 18:15;62,9358
28.08.2025 18:30;58,841
28.08.2025 18:45;59,3746
28.08.2025 19:00;61,2538
28.08.2025 19:15;62,4834
28.08.2025 19:30;59,9314
28.08.2025 19:45;59,7864
28.08.2025 20:00;59,421
28.08.2025 20:15;59,711
28.08.2025 20:30;63,4114
28.08.2025 20:45;65,8648
28.08.2025 21:00;68,7532
28.08.2025 21:15;67,6048
28.08.2025 21:30;67,3032
28.08.2025 21:45;67,8948
28.08.2025 22:00;68,4748
28.08.2025 22:15;68,4632
28.08.2025 22:30;69,02
28.08.2025 22:45;66,99
28.08.2025 23:00;66,12
28.08.2025 23:15;62,06
28.08.2025 23:30;62,64
28.08.2025 23:45;63,51
29.08.2025 00:00;64,09
29.08.2025 00:15;64,96
29.08.2025 00:30;64,38
29.08.2025 00:45;63,51
29.08.2025 01:00;62,64
29.08.2025 01:15;62,93
29.08.2025 01:30;63,22
29.08.2025 01:45;62,93
29.08.2025 02:00;62,93
29.08.2025 02:15;63,8
29.08.2025 02:30;65,25
29.08.2025 02:45;65,8532
29.08.2025 03:00;64,7048
29.08.2025 03:15;64,7048
29.08.2025 03:30;64,1132
29.08.2025 03:45;64,7048
29.08.2025 04:00;65,2848
29.08.2025 04:15;66,7232
29.08.2025 04:30;65,2848
29.08.2025 04:45;68,1848
29.08.2025 05:00;84,4132
29.08.2025 05:15;90,5148
29.08.2025 05:30;99,5048
29.08.2025 05:45;118,0532
29.08.2025 06:00;145,3248
29.08.2025 06:15;179,8348
29.08.2025 06:30;216,6416
29.08.2025 06:45;218,4106
29.08.2025 07:00;211,1606
29.08.2025 07:15;197,2464
29.08.2025 07:30;219,3966
29.08.2025 07:45;216,311
29.08.2025 08:00;214,2404
29.08.2025 08:15;221,7282
29.08.2025 08:30;204,8328
29.08.2025 08:45;164,5866
29.08.2025 09:00;185,5188
29.08.2025 09:15;202,8956
29.08.2025 09:30;194,9786
29.08.2025 09:45;190,1066
29.08.2025 10:00;191,5566
29.08.2025 10:15;195,4136
29.08.2025 10:30;184,382
29.08.2025 10:45;177,4162
29.08.2025 11:00;186,6266
29.08.2025 11:15;184,5328
29.08.2025 11:30;154,4366
29.08.2025 11:45;158,7982
29.08.2025 12:00;183,9296
29.08.2025 12:15;131,3352
29.08.2025 12:30;88,4384
29.08.2025 12:45;91,5356
29.08.2025 13:00;89,233
29.08.2025 13:15;85,3702
29.08.2025 13:30;60,552
29.08.2025 13:45;57,7158
29.08.2025 14:00;61,7758
29.08.2025 14:15;55,5002
29.08.2025 14:30;60,5462
29.08.2025 14:45;55,7786
29.08.2025 15:00;55,8308
29.08.2025 15:15;57,2518
29.08.2025 15:30;58,8526
29.08.2025 15:45;54,2068
29.08.2025 16:00;57,2054
29.08.2025 16:15;51,9796
29.08.2025 16:30;52,7336
29.08.2025 16:45;48,5634
29.08.2025 17:00;45,9766
29.08.2025 17:15;49,7118
29.08.2025 17:30;45,6634
29.08.2025 17:45;51,2082
29.08.2025 18:00;46,2434
29.08.2025 18:15;50,7848
29.08.2025 18:30;45,9128
29.08.2025 18:45;47,9022
29.08.2025 19:00;48,9114
29.08.2025 19:15;46,4058
29.08.2025 19:30;51,1096
29.08.2025 19:45;46,6726
29.08.2025 20:00;51,0574
29.08.2025 20:15;48,1748
29.08.2025 20:30;54,5548
29.08.2025 20:45;52,5248
29.08.2025 21:00;53,6848
29.08.2025 21:15;58,6148
29.08.2025 21:30;53,6732
29.08.2025 21:45;59,1948
29.08.2025 22:00;53,6848
29.08.2025 22:15;57,4548
29.08.2025 22:30;52,2
29.08.2025 22:45;57,42
29.08.2025 23:00;52,49
29.08.2025 23:15;47,56
29.08.2025 23:30;53,65
29.08.2025 23:45;49,3
30.08.2025 00:00;54,23
30.08.2025 00:15;49,59
30.08.2025 00:30;53,94
30.08.2025 00:45;49,3
30.08.2025 01:00;54,23
30.08.2025 01:15;49,01
30.08.2025 01:30;49,3
30.08.2025 01:45;53,65
30.08.2025 02:00;49,01
30.08.2025 02:15;54,52
30.08.2025 02:30;50,17
30.08.2025 02:45;55,4132
30.08.2025 03:00;52,8148
30.08.2025 03:15;55,1348
30.08.2025 03:30;50,7848
30.08.2025 03:45;50,2048
30.08.2025 04:00;55,1348
30.08.2025 04:15;50,7848
30.08.2025 04:30;54,8448
30.08.2025 04:45;50,7848
30.08.2025 05:00;55,7148
30.08.2025 05:15;55,4248
30.08.2025 05:30;60,6448
30.08.2025 05:45;55,7148
30.08.2025 06:00;57,4548
30.08.2025 06:15;74,2748
30.08.2025 06:30;69,3448
30.08.2025 06:45;70,5048
30.08.2025 07:00;64,0436
30.08.2025 07:15;67,193
30.08.2025 07:30;63,5912
30.08.2025 07:45;68,6894
30.08.2025 08:00;63,0054
30.08.2025 08:15;66,5434
30.08.2025 08:30;61,364
30.08.2025 08:45;61,4626
30.08.2025 09:00;65,4994
30.08.2025 09:15;61,8512
30.08.2025 09:30;65,2616
30.08.2025 09:45;61,4858
30.08.2025 10:00;65,221
30.08.2025 10:15;60,1982
30.08.2025 10:30;64,9774
30.08.2025 10:45;61,045
30.08.2025 11:00;64,496
30.08.2025 11:15;54,0966
30.08.2025 11:30;50,0772
30.08.2025 11:45;46,3362
30.08.2025 12:00;45,4256
30.08.2025 12:15;49,6654
30.08.2025 12:30;49,039
30.08.2025 12:45;49,6016
30.08.2025 13:00;45,9998
30.08.2025 13:15;49,6596
30.08.2025 13:30;44,457
30.08.2025 13:45;50,7094
30.08.2025 14:00;45,9186
30.08.2025 14:15;45,6112
30.08.2025 14:30;49,5494
30.08.2025 14:45;44,428
30.08.2025 15:00;50,199
30.08.2025 15:15;45,6866
30.08.2025 15:30;50,7964
30.08.2025 15:45;45,0834
30.08.2025 16:00;44,631
30.08.2025 16:15;49,9322
30.08.2025 16:30;45,3908
30.08.2025 16:45;50,7384
30.08.2025 17:00;44,3062
30.08.2025 17:15;50,808
30.08.2025 17:30;44,4396
30.08.2025 17:45;46,8234
30.08.2025 18:00;48,43
30.08.2025 18:15;46,081
30.08.2025 18:30;50,199
30.08.2025 18:45;46,2782
30.08.2025 19:00;50,8254
30.08.2025 19:15;46,2608
30.08.2025 19:30;51,7998
30.08.2025 19:45;46,4986
30.08.2025 20:00;46,4464
30.08.2025 20:15;51,5504
30.08.2025 20:30;49,9148
30.08.2025 20:45;56,8748
30.08.2025 21:00;53,1048
30.08.2025 21:15;58,9048
30.08.2025 21:30;54,2648
30.08.2025 21:45;58,3248
30.08.2025 22:00;54,2648
30.08.2025 22:15;52,5248
30.08.2025 22:30;57,13
30.08.2025 22:45;52,2
30.08.2025 23:00;56,84
30.08.2025 23:15;47,56
30.08.2025 23:30;53,07
30.08.2025 23:45;49,01
31.08.2025 00:00;51,62
31.08.2025 00:15;53,36
31.08.2025 00:30;49,01
31.08.2025 00:45;53,94
31.08.2025 01:00;49,88
31.08.2025 01:15;54,52
31.08.2025 01:30;49,01
31.08.2025 01:45;54,23
31.08.2025 02:00;49,3
31.08.2025 02:15;49,3
31.08.2025 02:30;55,39
31.08.2025 02:45;51,0748
31.08.2025 03:00;55,4248
31.08.2025 03:15;50,7848
31.08.2025 03:30;55,1348
31.08.2025 03:45;51,0748
31.08.2025 04:00;55,7148
31.08.2025 04:15;50,7848
31.08.2025 04:30;50,4948
31.08.2025 04:45;55,4248
31.08.2025 05:00;50,7848
31.08.2025 05:15;60,3548
31.08.2025 05:30;55,4248
31.08.2025 05:45;60,0648
31.08.2025 06:00;55,4248
31.08.2025 06:15;60,6448
31.08.2025 06:30;54,5548
31.08.2025 06:45;51,0748
31.08.2025 07:00;53,1164
31.08.2025 07:15;48,2966
31.08.2025 07:30;52,78
31.08.2025 07:45;48,343
31.08.2025 08:00;52,3624
31.08.2025 08:15;47,6934
31.08.2025 08:30;51,8926
31.08.2025 08:45;46,4754
31.08.2025 09:00;46,371
31.08.2025 09:15;51,678
31.08.2025 09:30;47,183
31.08.2025 09:45;51,0458
31.08.2025 10:00;46,5102
31.08.2025 10:15;50,721
31.08.2025 10:30;46,11
31.08.2025 10:45;48,3662
31.08.2025 11:00;50,4136
31.08.2025 11:15;46,719
31.08.2025 11:30;50,576
31.08.2025 11:45;45,8084
31.08.2025 12:00;49,88
31.08.2025 12:15;46,4754
31.08.2025 12:30;50,5412
31.08.2025 12:45;45,4836
31.08.2025 13:00;45,5358
31.08.2025 13:15;49,7002
31.08.2025 13:30;46,226
31.08.2025 13:45;50,5006
31.08.2025 14:00;45,8664
31.08.2025 14:15;50,1004
31.08.2025 14:30;45,53
31.08.2025 14:45;45,4894
31.08.2025 15:00;50,3788
31.08.2025 15:15;45,6692
31.08.2025 15:30;50,9704
31.08.2025 15:45;45,5474
31.08.2025 16:00;51,417
31.08.2025 16:15;44,9442
31.08.2025 16:30;45,0196
31.08.2025 16:45;49,097
31.08.2025 17:00;45,414
31.08.2025 17:15;50,286
31.08.2025 17:30;43,9872
31.08.2025 17:45;49,532
31.08.2025 18:00;45,7562
31.08.2025 18:15;45,5358
31.08.2025 18:30;50,5006
31.08.2025 18:45;46,3942
31.08.2025 19:00;50,431
31.08.2025 19:15;46,5682
31.08.2025 19:30;49,967
31.08.2025 19:45;48,3372
31.08.2025 20:00;46,4928
31.08.2025 20:15;51,5678
31.08.2025 20:30;50,4948
31.08.2025 20:45;57,4548
31.08.2025 21:00;67,3148
31.08.2025 21:15;74,8548
31.08.2025 21:30;71,3632
31.08.2025 21:45;70,5048
31.08.2025 22:00;73,9848
31.08.2025 22:15;66,1548
31.08.2025 22:30;68,73
31.08.2025 22:45;65,54
31.08.2025 23:00;68,44
31.08.2025 23:15;63,22
31.08.2025 23:30;60,32
31.08.2025 23:45;66,99
01.09.2025 00:00;61,19
01.09.2025 00:15;66,12
01.09.2025 00:30;60,61
01.09.2025 00:45;65,25
01.09.2025 01:00;61,77
01.09.2025 01:15;61,48
01.09.2025 01:30;64,96
01.09.2025 01:45;60,32
01.09.2025 02:00;65,25
01.09.2025 02:15;60,9
01.09.2025 02:30;66,99
01.09.2025 02:45;62,3848
01.09.2025 03:00;61,2248
01.09.2025 03:15;65,8648
01.09.2025 03:30;60,9348
01.09.2025 03:45;66,4448
01.09.2025 04:00;62,0948
01.09.2025 04:15;65,2848
01.09.2025 04:30;60,9348
01.09.2025 04:45;69,3448
01.09.2025 05:00;83,5432
01.09.2025 05:15;87,6206
01.09.2025 05:30;93,1248
01.09.2025 05:45;112,5548
01.09.2025 06:00;128,5048
01.09.2025 06:15;141,5606
01.09.2025 06:30;171,1348
01.09.2025 06:45;162,7248
01.09.2025 07:00;154,0132
01.09.2025 07:15;144,4548
01.09.2025 07:30;154,8948
01.09.2025 07:45;152,859
01.09.2025 08:00;166,634
01.09.2025 08:15;194,1144
01.09.2025 08:30;179,1272
01.09.2025 08:45;159,4188
01.09.2025 09:00;173,2054
01.09.2025 09:15;189,747
01.09.2025 09:30;197,461
01.09.2025 09:45;197,3102
01.09.2025 10:00;192,241
01.09.2025 10:15;185,4608
01.09.2025 10:30;166,1526
01.09.2025 10:45;155,0746
01.09.2025 11:00;167,4402
01.09.2025 11:15;174,0696
01.09.2025 11:30;159,2796
01.09.2025 11:45;160,428
01.09.2025 12:00;159,471
01.09.2025 12:15;140,4006
01.09.2025 12:30;149,6516
01.09.2025 12:45;174,0464
01.09.2025 13:00;161,8374
01.09.2025 13:15;164,8476
01.09.2025 13:30;170,5838
01.09.2025 13:45;166,4078
01.09.2025 14:00;152,5632
01.09.2025 14:15;133,8176
01.09.2025 14:30;100,5488
01.09.2025 14:45;96,5816
01.09.2025 15:00;102,6948
01.09.2025 15:15;93,3626
01.09.2025 15:30;94,8532
01.09.2025 15:45;80,5736
01.09.2025 16:00;77,3488
01.09.2025 16:15;73,08
01.09.2025 16:30;75,1738
01.09.2025 16:45;69,3506
01.09.2025 17:00;60,1054
01.09.2025 17:15;61,6598
01.09.2025 17:30;54,4678
01.09.2025 17:45;60,7144
01.09.2025 18:00;55,2334
01.09.2025 18:15;59,4906
01.09.2025 18:30;54,5606
01.09.2025 18:45;55,3204
01.09.2025 19:00;49,619
01.09.2025 19:15;50,4832
01.09.2025 19:30;53,5166
01.09.2025 19:45;48,7026
01.09.2025 20:00;53,6848
01.09.2025 20:15;49,097
01.09.2025 20:30;58,4988
01.09.2025 20:45;54,5432
01.09.2025 21:00;56,0048
01.09.2025 21:15;61,5032
01.09.2025 21:30;56,2948
01.09.2025 21:45;61,2248
01.09.2025 22:00;55,4132
01.09.2025 22:15;60,6448
01.09.2025 22:30;56,26
01.09.2025 22:45;61,19
01.09.2025 23:00;56,26
01.09.2025 23:15;51,62
01.09.2025 23:30;58,29
01.09.2025 23:45;52,49
02.09.2025 00:00;57,13
02.09.2025 00:15;52,8148
02.09.2025 00:30;56,5732
02.09.2025 00:45;52,2232
02.09.2025 01:00;57,1648
02.09.2025 01:15;52,5248
02.09.2025 01:30;52,2348
02.09.2025 01:45;56,8632
02.09.2025 02:00;52,5248
02.09.2025 02:15;56,8748
02.09.2025 02:30;52,2348
02.09.2025 02:45;57,7332
02.09.2025 03:00;53,1048
02.09.2025 03:15;57,4548
02.09.2025 03:30;53,3832
02.09.2025 03:45;53,1048
02.09.2025 04:00;57,4548
02.09.2025 04:15;53,3948
02.09.2025 04:30;59,4732
02.09.2025 04:45;70,2148
02.09.2025 05:00;90,8048
02.09.2025 05:15;93,4032
02.09.2025 05:30;107,6248
02.09.2025 05:45;117,7748
02.09.2025 06:00;134,5948
02.09.2025 06:15;157,7832
02.09.2025 06:30;187,0848
02.09.2025 06:45;179,2432
02.09.2025 07:00;164,3488
02.09.2025 07:15;152,656
02.09.2025 07:30;163,8848
02.09.2025 07:45;167,4344
02.09.2025 08:00;164,3546
02.09.2025 08:15;167,5504
02.09.2025 08:30;161,4836
02.09.2025 08:45;140,708
02.09.2025 09:00;156,6696
02.09.2025 09:15;172,3934
02.09.2025 09:30;167,0748
02.09.2025 09:45;186,6788
02.09.2025 10:00;174,7772
02.09.2025 10:15;179,0518
02.09.2025 10:30;169,128
02.09.2025 10:45;159,8248
02.09.2025 11:00;169,0004
02.09.2025 11:15;167,8926
02.09.2025 11:30;171,5582
02.09.2025 11:45;172,5384
02.09.2025 12:00;159,4246
02.09.2025 12:15;141,0618
02.09.2025 12:30;155,8634
02.09.2025 12:45;155,3472
02.09.2025 13:00;156,948
02.09.2025 13:15;166,1236
02.09.2025 13:30;162,7828
02.09.2025 13:45;160,8804
02.09.2025 14:00;147,0358
02.09.2025 14:15;143,695
02.09.2025 14:30;112,2938
02.09.2025 14:45;108,8022
02.09.2025 15:00;109,5504
02.09.2025 15:15;117,0672
02.09.2025 15:30;114,9618
02.09.2025 15:45;97,6778
02.09.2025 16:00;88,1658
02.09.2025 16:15;79,9356
02.09.2025 16:30;78,8452
02.09.2025 16:45;78,3406
02.09.2025 17:00;78,4508
02.09.2025 17:15;72,587
02.09.2025 17:30;48,3836
02.09.2025 17:45;54,3402
02.09.2025 18:00;48,3198
02.09.2025 18:15;52,5596
02.09.2025 18:30;48,952
02.09.2025 18:45;47,3918
02.09.2025 19:00;53,7138
02.09.2025 19:15;46,6552
02.09.2025 19:30;51,1154
02.09.2025 19:45;46,255
02.09.2025 20:00;51,5098
02.09.2025 20:15;47,4904
02.09.2025 20:30;56,0048
02.09.2025 20:45;52,2348
02.09.2025 21:00;58,9048
02.09.2025 21:15;53,3832
02.09.2025 21:30;53,9748
02.09.2025 21:45;60,6448
02.09.2025 22:00;53,6732
02.09.2025 22:15;58,0348
02.09.2025 22:30;53,3948
02.09.2025 22:45;58,0348
02.09.2025 23:00;52,8032
02.09.2025 23:15;52,8148
02.09.2025 23:30;49,0448
02.09.2025 23:45;54,2648
03.09.2025 00:00;49,3348
03.09.2025 00:15;53,65
03.09.2025 00:30;50,46
03.09.2025 00:45;50,17
03.09.2025 01:00;53,94
03.09.2025 01:15;49,3
03.09.2025 01:30;54,52
03.09.2025 01:45;49,59
03.09.2025 02:00;53,94
03.09.2025 02:15;49,3
03.09.2025 02:30;54,52
03.09.2025 02:45;50,7848
03.09.2025 03:00;55,4132
03.09.2025 03:15;51,0748
03.09.2025 03:30;53,9748
03.09.2025 03:45;55,1348
03.09.2025 04:00;53,1048
03.09.2025 04:15;72,5348
03.09.2025 04:30;67,8948
03.09.2025 04:45;76,3048
03.09.2025 05:00;88,7748
03.09.2025 05:15;96,3032
03.09.2025 05:30;97,7648
03.09.2025 05:45;120,9648
03.09.2025 06:00;137,4948
03.09.2025 06:15;162,7132
03.09.2025 06:30;185,9248
03.09.2025 06:45;175,7748
03.09.2025 07:00;175,4848
03.09.2025 07:15;164,2328
03.09.2025 07:30;163,5078
03.09.2025 07:45;174,1334
03.09.2025 08:00;180,1132
03.09.2025 08:15;180,1944
03.09.2025 08:30;167,5504
03.09.2025 08:45;147,6448
03.09.2025 09:00;168,2522
03.09.2025 09:15;187,1602
03.09.2025 09:30;186,2438
03.09.2025 09:45;179,046
03.09.2025 10:00;182,9494
03.09.2025 10:15;185,1476
03.09.2025 10:30;172,7994
03.09.2025 10:45;175,8444
03.09.2025 11:00;187,833
03.09.2025 11:15;185,4608
03.09.2025 11:30;180,1654
03.09.2025 11:45;169,8588
03.09.2025 12:00;166,3614
03.09.2025 12:15;148,0102
03.09.2025 12:30;156,0142
03.09.2025 12:45;182,323
03.09.2025 13:00;190,008
03.09.2025 13:15;174,7888
03.09.2025 13:30;170,114
03.09.2025 13:45;177,2654
03.09.2025 14:00;160,0974
03.09.2025 14:15;126,1964
03.09.2025 14:30;102,2772
03.09.2025 14:45;103,0892
03.09.2025 15:00;85,9792
03.09.2025 15:15;84,5756
03.09.2025 15:30;83,6186
03.09.2025 15:45;64,583
03.09.2025 16:00;61,0276
03.09.2025 16:15;56,4398
03.09.2025 16:30;56,2658
03.09.2025 16:45;51,5968
03.09.2025 17:00;54,868
03.09.2025 17:15;48,0762
03.09.2025 17:30;53,1628
03.09.2025 17:45;49,1492
03.09.2025 18:00;52,548
03.09.2025 18:15;46,0636
03.09.2025 18:30;47,0496
03.09.2025 18:45;51,2314
03.09.2025 19:00;48,2444
03.09.2025 19:15;50,7848
03.09.2025 19:30;48,923
03.09.2025 19:45;51,4924
03.09.2025 20:00;46,8698
03.09.2025 20:15;53,9748
03.09.2025 20:30;52,5132
03.09.2025 20:45;56,0048
03.09.2025 21:00;56,8632
03.09.2025 21:15;53,9748
03.09.2025 21:30;58,8932
03.09.2025 21:45;54,2648
03.09.2025 22:00;58,0232
03.09.2025 22:15;53,3948
03.09.2025 22:30;59,45
03.09.2025 22:45;53,65
03.09.2025 23:00;57,42
03.09.2025 23:15;48,72
03.09.2025 23:30;51,04
03.09.2025 23:45;52,49
04.09.2025 00:00;49,3
04.09.2025 00:15;54,23
04.09.2025 00:30;49,88
04.09.2025 00:45;54,23
04.09.2025 01:00;49,59
04.09.2025 01:15;54,52
04.09.2025 01:30;49,01
04.09.2025 01:45;54,23
04.09.2025 02:00;48,72
04.09.2025 02:15;53,65
04.09.2025 02:30;50,46
04.09.2025 02:45;50,4948
04.09.2025 03:00;55,9932
04.09.2025 03:15;50,7848
04.09.2025 03:30;55,7032
04.09.2025 03:45;50,7848
04.09.2025 04:00;55,4248
04.09.2025 04:15;50,4832
04.09.2025 04:30;56,5848
04.09.2025 04:45;71,0732
04.09.2025 05:00;83,5548
04.09.2025 05:15;93,4148
04.09.2025 05:30;99,4932
04.09.2025 05:45;120,3848
04.09.2025 06:00;117,1832
04.09.2025 06:15;128,2148
04.09.2025 06:30;173,1532
04.09.2025 06:45;205,6216
04.09.2025 07:00;189,8166
04.09.2025 07:15;172,6254
04.09.2025 07:30;178,0368
04.09.2025 07:45;184,643
04.09.2025 08:00;172,1092
04.09.2025 08:15;182,1316
04.09.2025 08:30;177,7874
04.09.2025 08:45;156,5478
04.09.2025 09:00;174,8932
04.09.2025 09:15;182,0272
04.09.2025 09:30;188,0186
04.09.2025 09:45;178,7328
04.09.2025 10:00;173,9768
04.09.2025 10:15;171,5234
04.09.2025 10:30;177,0624
04.09.2025 10:45;183,8542
04.09.2025 11:00;190,9534
04.09.2025 11:15;178,3036
04.09.2025 11:30;179,3244
04.09.2025 11:45;176,8072
04.09.2025 12:00;177,0914
04.09.2025 12:15;150,481
04.09.2025 12:30;167,6838
04.09.2025 12:45;195,1236
04.09.2025 13:00;180,3046
04.09.2025 13:15;173,9304
04.09.2025 13:30;156,107
04.09.2025 13:45;158,1718
04.09.2025 14:00;156,0896
04.09.2025 14:15;129,7982
04.09.2025 14:30;101,2274
04.09.2025 14:45;76,8906
04.09.2025 15:00;71,4328
04.09.2025 15:15;73,573
04.09.2025 15:30;67,8774
04.09.2025 15:45;67,3902
04.09.2025 16:00;65,8358
04.09.2025 16:15;64,8788
04.09.2025 16:30;69,687
04.09.2025 16:45;63,3534
04.09.2025 17:00;62,7908
04.09.2025 17:15;62,1354
04.09.2025 17:30;62,4196
04.09.2025 17:45;62,0426
04.09.2025 18:00;62,4776
04.09.2025 18:15;64,8846
04.09.2025 18:30;64,4612
04.09.2025 18:45;61,5264
04.09.2025 19:00;62,5124
04.09.2025 19:15;60,6506
04.09.2025 19:30;59,4442
04.09.2025 19:45;60,1982
04.09.2025 20:00;63,9682
04.09.2025 20:15;62,727
04.09.2025 20:30;65,8532
04.09.2025 20:45;67,8948
04.09.2025 21:00;68,4748
04.09.2025 21:15;68,4632
04.09.2025 21:30;68,1848
04.09.2025 21:45;67,6048
04.09.2025 22:00;66,7232
04.09.2025 22:15;65,5748
04.09.2025 22:30;67,57
04.09.2025 22:45;66,7
04.09.2025 23:00;66,12
04.09.2025 23:15;61,48
04.09.2025 23:30;62,64
04.09.2025 23:45;64,38
05.09.2025 00:00;66,7
05.09.2025 00:15;64,09
05.09.2025 00:30;63,51
05.09.2025 00:45;62,93
05.09.2025 01:00;62,93
05.09.2025 01:15;64,09
05.09.2025 01:30;63,8
05.09.2025 01:45;63,8
05.09.2025 02:00;64,09
05.09.2025 02:15;62,93
05.09.2025 02:30;63,22
05.09.2025 02:45;65,2848
05.09.2025 03:00;65,2848
05.09.2025 03:15;64,4148
05.09.2025 03:30;65,8532
05.09.2025 03:45;65,2848
05.09.2025 04:00;64,6932
05.09.2025 04:15;65,2848
05.09.2025 04:30;64,4148
05.09.2025 04:45;66,1548
05.09.2025 05:00;72,8248
05.09.2025 05:15;88,4732
05.09.2025 05:30;96,6048
05.09.2025 05:45;122,4148
05.09.2025 06:00;154,6048
05.09.2025 06:15;179,8232
05.09.2025 06:30;200,1348
05.09.2025 06:45;205,0648
05.09.2025 07:00;190,2632
05.09.2025 07:15;176,2504
05.09.2025 07:30;177,6656
05.09.2025 07:45;187,3052
05.09.2025 08:00;192,5774
05.09.2025 08:15;178,408
05.09.2025 08:30;155,8576
05.09.2025 08:45;139,0898
05.09.2025 09:00;152,6618
05.09.2025 09:15;162,4232
05.09.2025 09:30;171,0478
05.09.2025 09:45;166,2628
05.09.2025 10:00;160,8572
05.09.2025 10:15;167,0574
05.09.2025 10:30;178,3384
05.09.2025 10:45;167,8926
05.09.2025 11:00;167,7012
05.09.2025 11:15;165,155
05.09.2025 11:30;178,1006
05.09.2025 11:45;141,2938
05.09.2025 12:00;133,893
05.09.2025 12:15;92,4694
05.09.2025 12:30;65,8126
05.09.2025 12:45;53,5108
05.09.2025 13:00;47,5136
05.09.2025 13:15;35,264
05.09.2025 13:30;35,641
05.09.2025 13:45;35,1712
05.09.2025 14:00;33,9242
05.09.2025 14:15;32,0044
05.09.2025 14:30;31,0996
05.09.2025 14:45;30,6878
05.09.2025 15:00;29,058
05.09.2025 15:15;29,5336
05.09.2025 15:30;29,5452
05.09.2025 15:45;25,4968
05.09.2025 16:00;23,4146
05.09.2025 16:15;24,1686
05.09.2025 16:30;24,1628
05.09.2025 16:45;25,6882
05.09.2025 17:00;24,563
05.09.2025 17:15;22,939
05.09.2025 17:30;21,7616
05.09.2025 17:45;22,7766
05.09.2025 18:00;22,9216
05.09.2025 18:15;23,3334
05.09.2025 18:30;23,809
05.09.2025 18:45;23,0376
05.09.2025 19:00;23,258
05.09.2025 19:15;24,3368
05.09.2025 19:30;23,6756
05.09.2025 19:45;23,722
05.09.2025 20:00;23,7974
05.09.2025 20:15;27,1962
05.09.2025 20:30;29,3248
05.09.2025 20:45;33,0948
05.09.2025 21:00;31,3548
05.09.2025 21:15;32,2132
05.09.2025 21:30;31,6448
05.09.2025 21:45;30,1948
05.09.2025 22:00;29,3248
05.09.2025 22:15;29,0232
05.09.2025 22:30;30,16
05.09.2025 22:45;29,58
05.09.2025 23:00;29,58
05.09.2025 23:15;25,23
05.09.2025 23:30;26,39
05.09.2025 23:45;26,97
06.09.2025 00:00;26,97
06.09.2025 00:15;26,39
06.09.2025 00:30;26,68
06.09.2025 00:45;26,39
06.09.2025 01:00;26,1
06.09.2025 01:15;26,39
06.09.2025 01:30;26,39
06.09.2025 01:45;26,68
06.09.2025 02:00;25,52
06.09.2025 02:15;26,1
06.09.2025 02:30;26,1
06.09.2025 02:45;27,2948
06.09.2025 03:00;27,0048
06.09.2025 03:15;26,7148
06.09.2025 03:30;28,4432
06.09.2025 03:45;27,2948
06.09.2025 04:00;26,4248
06.09.2025 04:15;25,8332
06.09.2025 04:30;26,1348
06.09.2025 04:45;26,1348
06.09.2025 05:00;26,4248
06.09.2025 05:15;30,7748
06.09.2025 05:30;31,3548
06.09.2025 05:45;30,7748
06.09.2025 06:00;31,0532
06.09.2025 06:15;31,9348
06.09.2025 06:30;30,7748
06.09.2025 06:45;28,1648
06.09.2025 07:00;23,2986
06.09.2025 07:15;22,2662
06.09.2025 07:30;21,721
06.09.2025 07:45;21,9182
06.09.2025 08:00;21,7848
06.09.2025 08:15;21,866
06.09.2025 08:30;22,156
06.09.2025 08:45;22,5794
06.09.2025 09:00;21,8834
06.09.2025 09:15;21,3614
06.09.2025 09:30;21,3266
06.09.2025 09:45;21,1584
06.09.2025 10:00;21,1932
06.09.2025 10:15;21,489
06.09.2025 10:30;21,3498
06.09.2025 10:45;21,402
06.09.2025 11:00;20,2014
06.09.2025 11:15;21,2048
06.09.2025 11:30;20,5784
06.09.2025 11:45;20,9032
06.09.2025 12:00;21,895
06.09.2025 12:15;22,6374
06.09.2025 12:30;22,2024
06.09.2025 12:45;20,88
06.09.2025 13:00;20,9612
06.09.2025 13:15;20,9728
06.09.2025 13:30;21,9994
06.09.2025 13:45;21,4832
06.09.2025 14:00;21,431
06.09.2025 14:15;21,3556
06.09.2025 14:30;21,1758
06.09.2025 14:45;19,9172
06.09.2025 15:00;19,517
06.09.2025 15:15;22,533
06.09.2025 15:30;20,938
06.09.2025 15:45;22,098
06.09.2025 16:00;21,5876
06.09.2025 16:15;21,0656
06.09.2025 16:30;21,1758
06.09.2025 16:45;21,199
06.09.2025 17:00;21,0946
06.09.2025 17:15;22,0168
06.09.2025 17:30;20,4798
06.09.2025 17:45;22,098
06.09.2025 18:00;22,011
06.09.2025 18:15;22,0632
06.09.2025 18:30;21,7848
06.09.2025 18:45;22,0748
06.09.2025 19:00;21,4136
06.09.2025 19:15;21,5702
06.09.2025 19:30;21,6282
06.09.2025 19:45;21,0656
06.09.2025 20:00;22,1618
06.09.2025 20:15;26,448
06.09.2025 20:30;28,7448
06.09.2025 20:45;29,3248
06.09.2025 21:00;30,1948
06.09.2025 21:15;30,4848
06.09.2025 21:30;30,1948
06.09.2025 21:45;29,9106
06.09.2025 22:00;29,6264
06.09.2025 22:15;30,4848
06.09.2025 22:30;29,29
06.09.2025 22:45;28,71
06.09.2025 23:00;28,13
06.09.2025 23:15;22,91
06.09.2025 23:30;23,78
06.09.2025 23:45;25,23
07.09.2025 00:00;25,52
07.09.2025 00:15;25,23
07.09.2025 00:30;25,81
07.09.2025 00:45;26,1
07.09.2025 01:00;25,81
07.09.2025 01:15;25,81
07.09.2025 01:30;25,81
07.09.2025 01:45;25,81
07.09.2025 02:00;25,23
07.09.2025 02:15;25,81
07.09.2025 02:30;26,1
07.09.2025 02:45;26,1348
07.09.2025 03:00;26,4248
07.09.2025 03:15;26,7148
07.09.2025 03:30;26,4248
07.09.2025 03:45;27,2948
07.09.2025 04:00;27,0164
07.09.2025 04:15;27,0048
07.09.2025 04:30;27,2948
07.09.2025 04:45;26,7148
07.09.2025 05:00;27,2948
07.09.2025 05:15;31,6564
07.09.2025 05:30;31,6448
07.09.2025 05:45;31,9348
07.09.2025 06:00;31,6448
07.09.2025 06:15;32,2248
07.09.2025 06:30;31,6448
07.09.2025 06:45;29,6264
07.09.2025 07:00;23,8206
07.09.2025 07:15;23,1072
07.09.2025 07:30;23,3914
07.09.2025 07:45;23,7742
07.09.2025 08:00;23,3914
07.09.2025 08:15;24,4006
07.09.2025 08:30;23,0144
07.09.2025 08:45;25,3924
07.09.2025 09:00;22,2488
07.09.2025 09:15;22,3532
07.09.2025 09:30;21,7094
07.09.2025 09:45;21,837
07.09.2025 10:00;21,8312
07.09.2025 10:15;21,6688
07.09.2025 10:30;22,6316
07.09.2025 10:45;20,8046
07.09.2025 11:00;22,069
07.09.2025 11:15;21,2164
07.09.2025 11:30;21,8196
07.09.2025 11:45;21,8892
07.09.2025 12:00;21,6224
07.09.2025 12:15;20,6828
07.09.2025 12:30;21,46
07.09.2025 12:45;22,1328
07.09.2025 13:00;22,0168
07.09.2025 13:15;21,7848
07.09.2025 13:30;22,0748
07.09.2025 13:45;22,6664
07.09.2025 14:00;21,2802
07.09.2025 14:15;22,1908
07.09.2025 14:30;21,3034
07.09.2025 14:45;21,3324
07.09.2025 15:00;21,402
07.09.2025 15:15;21,489
07.09.2025 15:30;20,7582
07.09.2025 15:45;20,7698
07.09.2025 16:00;20,3406
07.09.2025 16:15;20,8974
07.09.2025 16:30;20,7582
07.09.2025 16:45;21,0656
07.09.2025 17:00;21,4658
07.09.2025 17:15;21,1816
07.09.2025 17:30;21,0076
07.09.2025 17:45;21,4716
07.09.2025 18:00;22,2198
07.09.2025 18:15;21,46
07.09.2025 18:30;22,7244
07.09.2025 18:45;21,866
07.09.2025 19:00;22,7534
07.09.2025 19:15;22,7418
07.09.2025 19:30;22,765
07.09.2025 19:45;23,1014
07.09.2025 20:00;26,042
07.09.2025 20:15;27,2716
07.09.2025 20:30;33,3848
07.09.2025 20:45;46,7248
07.09.2025 21:00;46,7248
07.09.2025 21:15;47,0148
07.09.2025 21:30;45,2864
07.09.2025 21:45;43,5348
07.09.2025 22:00;41,5048
07.09.2025 22:15;39,7648
07.09.2025 22:30;39,73
07.09.2025 22:45;40,89
07.09.2025 23:00;38,86
07.09.2025 23:15;34,51
07.09.2025 23:30;34,22
07.09.2025 23:45;36,25
08.09.2025 00:00;36,54
08.09.2025 00:15;35,96
08.09.2025 00:30;36,83
08.09.2025 00:45;35,38
08.09.2025 01:00;36,25
08.09.2025 01:15;35,96
08.09.2025 01:30;35,67
08.09.2025 01:45;36,25
08.09.2025 02:00;36,54
08.09.2025 02:15;35,96
08.09.2025 02:30;36,54
08.09.2025 02:45;36,2848
08.09.2025 03:00;36,5748
08.09.2025 03:15;35,9948
08.09.2025 03:30;35,7048
08.09.2025 03:45;36,8764
08.09.2025 04:00;37,1548
08.09.2025 04:15;37,1548
08.09.2025 04:30;36,5748
08.09.2025 04:45;40,9248
08.09.2025 05:00;45,2864
08.09.2025 05:15;61,5148
08.09.2025 05:30;64,7048
08.09.2025 05:45;95,1548
08.09.2025 06:00;125,0248
08.09.2025 06:15;155,1848
08.09.2025 06:30;174,3248
08.09.2025 06:45;173,7448
08.09.2025 07:00;155,0224
08.09.2025 07:15;138,7476
08.09.2025 07:30;158,5082
08.09.2025 07:45;175,711
08.09.2025 08:00;185,6522
08.09.2025 08:15;178,5588
08.09.2025 08:30;162,1506
08.09.2025 08:45;150,8
08.09.2025 09:00;161,2052
08.09.2025 09:15;175,5196
08.09.2025 09:30;176,0474
08.09.2025 09:45;176,1692
08.09.2025 10:00;172,1904
08.09.2025 10:15;177,5902
08.09.2025 10:30;177,567
08.09.2025 10:45;165,4856
08.09.2025 11:00;194,7698
08.09.2025 11:15;177,0856
08.09.2025 11:30;170,6418
08.09.2025 11:45;166,2164
08.09.2025 12:00;153,9088
08.09.2025 12:15;139,78
08.09.2025 12:30;156,3448
08.09.2025 12:45;168,3972
08.09.2025 13:00;180,148
08.09.2025 13:15;174,4814
08.09.2025 13:30;158,9896
08.09.2025 13:45;170,5548
08.09.2025 14:00;153,8508
08.09.2025 14:15;132,2516
08.09.2025 14:30;95,6884
08.09.2025 14:45;88,3282
08.09.2025 15:00;87,2552
08.09.2025 15:15;84,6104
08.09.2025 15:30;63,5448
08.09.2025 15:45;58,6612
08.09.2025 16:00;57,0082
08.09.2025 16:15;56,115
08.09.2025 16:30;57,478
08.09.2025 16:45;56,7124
08.09.2025 17:00;52,6988
08.09.2025 17:15;51,7128
08.09.2025 17:30;51,4054
08.09.2025 17:45;51,2372
08.09.2025 18:00;52,6118
08.09.2025 18:15;52,983
08.09.2025 18:30;50,4542
08.09.2025 18:45;50,3556
08.09.2025 19:00;51,707
08.09.2025 19:15;51,9506
08.09.2025 19:30;51,7244
08.09.2025 19:45;49,6712
08.09.2025 20:00;50,199
08.09.2025 20:15;56,2948
08.09.2025 20:30;56,5732
08.09.2025 20:45;57,4548
08.09.2025 21:00;57,1648
08.09.2025 21:15;57,7448
08.09.2025 21:30;58,6148
08.09.2025 21:45;56,8632
08.09.2025 22:00;55,1348
08.09.2025 22:15;55,1348
08.09.2025 22:30;55,97
08.09.2025 22:45;56,26
08.09.2025 23:00;55,1
08.09.2025 23:15;50,46
08.09.2025 23:30;51,62
08.09.2025 23:45;53,94
09.09.2025 00:00;51,91
09.09.2025 00:15;51,91
09.09.2025 00:30;51,91
09.09.2025 00:45;54,23
09.09.2025 01:00;51,91
09.09.2025 01:15;51,91
09.09.2025 01:30;51,62
09.09.2025 01:45;54,23
09.09.2025 02:00;51,62
09.09.2025 02:15;53,94
09.09.2025 02:30;52,49
09.09.2025 02:45;55,1232
09.09.2025 03:00;63,2548
09.09.2025 03:15;69,3448
09.09.2025 03:30;69,0548
09.09.2025 03:45;72,2448
09.09.2025 04:00;67,8832
09.09.2025 04:15;66,4448
09.09.2025 04:30;64,1248
09.09.2025 04:45;69,3448
09.09.2025 05:00;72,8248
09.09.2025 05:15;89,3548
09.09.2025 05:30;96,5932
09.09.2025 05:45;119,8048
09.09.2025 06:00;136,9148
09.09.2025 06:15;162,1448
09.09.2025 06:30;169,9632
09.09.2025 06:45;171,7148
09.09.2025 07:00;168,8148
09.09.2025 07:15;161,2632
09.09.2025 07:30;166,3614
09.09.2025 07:45;171,3088
09.09.2025 08:00;193,865
09.09.2025 08:15;181,8068
09.09.2025 08:30;168,7394
09.09.2025 08:45;151,177
09.09.2025 09:00;158,6416
09.09.2025 09:15;173,8492
09.09.2025 09:30;168,9076
09.09.2025 09:45;173,1764
09.09.2025 10:00;187,1022
09.09.2025 10:15;150,8406
09.09.2025 10:30;148,7294
09.09.2025 10:45;138,4228
09.09.2025 11:00;163,763
09.09.2025 11:15;178,7154
09.09.2025 11:30;189,689
09.09.2025 11:45;178,5994
09.09.2025 12:00;164,198
09.09.2025 12:15;145,464
09.09.2025 12:30;160,8166
09.09.2025 12:45;183,8542
09.09.2025 13:00;177,2828
09.09.2025 13:15;176,5172
09.09.2025 13:30;170,3518
09.09.2025 13:45;169,3716
09.09.2025 14:00;161,298
09.09.2025 14:15;135,0878
09.09.2025 14:30;96,3786
09.09.2025 14:45;93,3626
09.09.2025 15:00;92,3302
09.09.2025 15:15;90,5902
09.09.2025 15:30;83,7752
09.09.2025 15:45;101,6798
09.09.2025 16:00;102,196
09.09.2025 16:15;100,4212
09.09.2025 16:30;84,9642
09.09.2025 16:45;81,3218
09.09.2025 17:00;82,5804
09.09.2025 17:15;81,7162
09.09.2025 17:30;67,2974
09.09.2025 17:45;57,4954
09.09.2025 18:00;58,7192
09.09.2025 18:15;60,4302
09.09.2025 18:30;58,7598
09.09.2025 18:45;56,4978
09.09.2025 19:00;58,8004
09.09.2025 19:15;57,1764
09.09.2025 19:30;58,8004
09.09.2025 19:45;59,0672
09.09.2025 20:00;60,7376
09.09.2025 20:15;64,1248
09.09.2025 20:30;64,9832
09.09.2025 20:45;66,4332
09.09.2025 21:00;66,4448
09.09.2025 21:15;66,1432
09.09.2025 21:30;66,7348
09.09.2025 21:45;66,1432
09.09.2025 22:00;65,5748
09.09.2025 22:15;65,2732
09.09.2025 22:30;64,96
09.09.2025 22:45;65,25
09.09.2025 23:00;65,25
09.09.2025 23:15;60,61
09.09.2025 23:30;61,48
09.09.2025 23:45;62,35
10.09.2025 00:00;61,77
10.09.2025 00:15;64,38
10.09.2025 00:30;62,06
10.09.2025 00:45;62,64
10.09.2025 01:00;62,35
10.09.2025 01:15;62,64
10.09.2025 01:30;62,35
10.09.2025 01:45;62,93
10.09.2025 02:00;62,06
10.09.2025 02:15;62,64
10.09.2025 02:30;63,51
10.09.2025 02:45;62,6748
10.09.2025 03:00;62,9648
10.09.2025 03:15;62,0832
10.09.2025 03:30;61,8048
10.09.2025 03:45;62,3848
10.09.2025 04:00;62,0832
10.09.2025 04:15;62,3848
10.09.2025 04:30;62,3732
10.09.2025 04:45;66,4448
10.09.2025 05:00;76,8848
10.09.2025 05:15;100,0732
10.09.2025 05:30;112,2648
10.09.2025 05:45;132,2748
10.09.2025 06:00;143,5732
10.09.2025 06:15;154,8948
10.09.2025 06:30;175,1832
10.09.2025 06:45;163,5948
10.09.2025 07:00;160,7006
10.09.2025 07:15;155,3588
10.09.2025 07:30;159,558
10.09.2025 07:45;173,3388
10.09.2025 08:00;170,143
10.09.2025 08:15;186,3308
10.09.2025 08:30;166,3092
10.09.2025 08:45;137,5876
10.09.2025 09:00;149,901
10.09.2025 09:15;163,1714
10.09.2025 09:30;173,043
10.09.2025 09:45;169,882
10.09.2025 10:00;170,665
10.09.2025 10:15;180,9774
10.09.2025 10:30;169,9284
10.09.2025 10:45;159,9234
10.09.2025 11:00;171,042
10.09.2025 11:15;172,6718
10.09.2025 11:30;164,4764
10.09.2025 11:45;162,8872
10.09.2025 12:00;163,7456
10.09.2025 12:15;146,0556
10.09.2025 12:30;166,1874
10.09.2025 12:45;156,8436
10.09.2025 13:00;166,8718
10.09.2025 13:15;151,815
10.09.2025 13:30;163,6992
10.09.2025 13:45;164,9752
10.09.2025 14:00;146,9952
10.09.2025 14:15;120,6922
10.09.2025 14:30;88,5776
10.09.2025 14:45;85,3064
10.09.2025 15:00;85,0512
10.09.2025 15:15;86,4838
10.09.2025 15:30;69,4376
10.09.2025 15:45;59,4036
10.09.2025 16:00;57,1822
10.09.2025 16:15;60,0648
10.09.2025 16:30;52,2754
10.09.2025 16:45;49,4392
10.09.2025 17:00;50,46
10.09.2025 17:15;50,6166
10.09.2025 17:30;47,676
10.09.2025 17:45;46,8582
10.09.2025 18:00;46,8176
10.09.2025 18:15;49,4044
10.09.2025 18:30;47,6296
10.09.2025 18:45;48,9752
10.09.2025 19:00;48,8418
10.09.2025 19:15;48,691
10.09.2025 19:30;47,6934
10.09.2025 19:45;48,2212
10.09.2025 20:00;51,6606
10.09.2025 20:15;52,925
10.09.2025 20:30;53,9748
10.09.2025 20:45;56,8748
10.09.2025 21:00;56,8748
10.09.2025 21:15;55,1348
10.09.2025 21:30;57,4432
10.09.2025 21:45;58,3248
10.09.2025 22:00;54,2648
10.09.2025 22:15;54,5548
10.09.2025 22:30;54,23
10.09.2025 22:45;55,68
10.09.2025 23:00;53,65
10.09.2025 23:15;49,01
10.09.2025 23:30;51,91
10.09.2025 23:45;51,04
11.09.2025 00:00;50,46
11.09.2025 00:15;50,75
11.09.2025 00:30;52,78
11.09.2025 00:45;50,17
11.09.2025 01:00;50,17
11.09.2025 01:15;52,49
11.09.2025 01:30;50,46
11.09.2025 01:45;50,46
11.09.2025 02:00;51,62
11.09.2025 02:15;51,33
11.09.2025 02:30;50,75
11.09.2025 02:45;51,3764
11.09.2025 03:00;52,2348
11.09.2025 03:15;50,4948
11.09.2025 03:30;50,4948
11.09.2025 03:45;53,3948
11.09.2025 04:00;59,7748
11.09.2025 04:15;67,3148
11.09.2025 04:30;69,9248
11.09.2025 04:45;71,6648
11.09.2025 05:00;74,5648
11.09.2025 05:15;91,9648
11.09.2025 05:30;97,1848
11.09.2025 05:45;118,6448
11.09.2025 06:00;141,5548
11.09.2025 06:15;160,9848
11.09.2025 06:30;169,1048
11.09.2025 06:45;183,8948
11.09.2025 07:00;175,1948
11.09.2025 07:15;148,5148
11.09.2025 07:30;143,6428
11.09.2025 07:45;154,2278
11.09.2025 08:00;174,3364
11.09.2025 08:15;172,8574
11.09.2025 08:30;160,254
11.09.2025 08:45;136,938
11.09.2025 09:00;155,1906
11.09.2025 09:15;179,7362
11.09.2025 09:30;172,9038
11.09.2025 09:45;174,348
11.09.2025 10:00;175,45
11.09.2025 10:15;174,725
11.09.2025 10:30;177,5438
11.09.2025 10:45;161,646
11.09.2025 11:00;160,4918
11.09.2025 11:15;157,0872
11.09.2025 11:30;158,1196
11.09.2025 11:45;168,2638
11.09.2025 12:00;169,273
11.09.2025 12:15;149,8198
11.09.2025 12:30;163,9312
11.09.2025 12:45;184,3066
11.09.2025 13:00;202,7796
11.09.2025 13:15;191,4406
11.09.2025 13:30;183,918
11.09.2025 13:45;195,112
11.09.2025 14:00;183,4946
11.09.2025 14:15;136,5552
11.09.2025 14:30;95,4274
11.09.2025 14:45;90,1726
11.09.2025 15:00;90,4684
11.09.2025 15:15;89,0648
11.09.2025 15:30;77,2328
11.09.2025 15:45;81,0086
11.09.2025 16:00;64,2408
11.09.2025 16:15;54,056
11.09.2025 16:30;55,1696
11.09.2025 16:45;51,765
11.09.2025 17:00;49,8568
11.09.2025 17:15;52,5886
11.09.2025 17:30;48,9578
11.09.2025 17:45;48,9114
11.09.2025 18:00;50,8428
11.09.2025 18:15;48,343
11.09.2025 18:30;51,33
11.09.2025 18:45;50,9588
11.09.2025 19:00;47,6354
11.09.2025 19:15;50,2048
11.09.2025 19:30;47,995
11.09.2025 19:45;48,459
11.09.2025 20:00;53,7718
11.09.2025 20:15;53,6732
11.09.2025 20:30;55,4248
11.09.2025 20:45;57,4548
11.09.2025 21:00;56,2832
11.09.2025 21:15;61,5148
11.09.2025 21:30;59,7748
11.09.2025 21:45;55,7032
11.09.2025 22:00;53,9748
11.09.2025 22:15;53,9748
11.09.2025 22:30;56,55
11.09.2025 22:45;55,1
11.09.2025 23:00;54,23
11.09.2025 23:15;49,88
11.09.2025 23:30;51,04
11.09.2025 23:45;52,49
12.09.2025 00:00;51,04
12.09.2025 00:15;50,75
12.09.2025 00:30;53,65
12.09.2025 00:45;53,36
12.09.2025 01:00;51,33
12.09.2025 01:15;50,75
12.09.2025 01:30;50,75
12.09.2025 01:45;52,78
12.09.2025 02:00;51,33
12.09.2025 02:15;51,04
12.09.2025 02:30;51,33
12.09.2025 02:45;51,9332
12.09.2025 03:00;52,5248
12.09.2025 03:15;50,4948
12.09.2025 03:30;50,7848
12.09.2025 03:45;52,5248
12.09.2025 04:00;51,9332
12.09.2025 04:15;61,2248
12.09.2025 04:30;67,3148
12.09.2025 04:45;71,3748
12.09.2025 05:00;78,6248
12.09.2025 05:15;91,3848
12.09.2025 05:30;101,5232
12.09.2025 05:45;118,9348
12.09.2025 06:00;159,2448
12.09.2025 06:15;175,1948
12.09.2025 06:30;211,7232
12.09.2025 06:45;216,6648
12.09.2025 07:00;200,9816
12.09.2025 07:15;184,0398
12.09.2025 07:30;203,9164
12.09.2025 07:45;219,0022
12.09.2025 08:00;204,5254
12.09.2025 08:15;214,6754
12.09.2025 08:30;196,678
12.09.2025 08:45;171,9294
12.09.2025 09:00;181,2442
12.09.2025 09:15;212,1582
12.09.2025 09:30;212,9644
12.09.2025 09:45;189,2714
12.09.2025 10:00;181,1688
12.09.2025 10:15;182,613
12.09.2025 10:30;172,8632
12.09.2025 10:45;164,7548
12.09.2025 11:00;172,695
12.09.2025 11:15;184,701
12.09.2025 11:30;170,6012
12.09.2025 11:45;150,0692
12.09.2025 12:00;138,7244
12.09.2025 12:15;124,1954
12.09.2025 12:30;90,1842
12.09.2025 12:45;64,09
12.09.2025 13:00;63,0402
12.09.2025 13:15;65,0992
12.09.2025 13:30;61,8222
12.09.2025 13:45;60,7028
12.09.2025 14:00;61,045
12.09.2025 14:15;59,2006
12.09.2025 14:30;58,0464
12.09.2025 14:45;57,13
12.09.2025 15:00;56,5674
12.09.2025 15:15;57,884
12.09.2025 15:30;55,9816
12.09.2025 15:45;55,2508
12.09.2025 16:00;52,2406
12.09.2025 16:15;50,7268
12.09.2025 16:30;49,6886
12.09.2025 16:45;52,6002
12.09.2025 17:00;51,8578
12.09.2025 17:15;50,3788
12.09.2025 17:30;49,8452
12.09.2025 17:45;51,0806
12.09.2025 18:00;50,6282
12.09.2025 18:15;50,4252
12.09.2025 18:30;49,967
12.09.2025 18:45;50,6224
12.09.2025 19:00;51,0052
12.09.2025 19:15;51,1734
12.09.2025 19:30;50,895
12.09.2025 19:45;50,4542
12.09.2025 20:00;55,4248
12.09.2025 20:15;57,7448
12.09.2025 20:30;58,9048
12.09.2025 20:45;58,8932
12.09.2025 21:00;58,6148
12.09.2025 21:15;59,1948
12.09.2025 21:30;58,3248
12.09.2025 21:45;59,4732
12.09.2025 22:00;57,7448
12.09.2025 22:15;59,4848
12.09.2025 22:30;58
12.09.2025 22:45;59,16
12.09.2025 23:00;57,71
12.09.2025 23:15;52,49
12.09.2025 23:30;53,94
12.09.2025 23:45;54,52
13.09.2025 00:00;55,97
13.09.2025 00:15;55,39
13.09.2025 00:30;53,94
13.09.2025 00:45;54,23
13.09.2025 01:00;53,65
13.09.2025 01:15;53,94
13.09.2025 01:30;53,65
13.09.2025 01:45;54,81
13.09.2025 02:00;54,81
13.09.2025 02:15;53,94
13.09.2025 02:30;55,1
13.09.2025 02:45;54,5548
13.09.2025 03:00;53,6848
13.09.2025 03:15;53,9748
13.09.2025 03:30;55,1232
13.09.2025 03:45;55,1348
13.09.2025 04:00;53,9748
13.09.2025 04:15;53,9748
13.09.2025 04:30;54,2648
13.09.2025 04:45;53,9748
13.09.2025 05:00;54,8448
13.09.2025 05:15;60,3432
13.09.2025 05:30;59,7748
13.09.2025 05:45;59,1948
13.09.2025 06:00;58,9048
13.09.2025 06:15;59,1948
13.09.2025 06:30;58,9048
13.09.2025 06:45;59,4848
13.09.2025 07:00;64,9832
13.09.2025 07:15;61,5206
13.09.2025 07:30;61,741
13.09.2025 07:45;59,9488
13.09.2025 08:00;60,7376
13.09.2025 08:15;61,0856
13.09.2025 08:30;61,3872
13.09.2025 08:45;60,8188
13.09.2025 09:00;60,5172
13.09.2025 09:15;60,552
13.09.2025 09:30;59,885
13.09.2025 09:45;59,972
13.09.2025 10:00;61,7642
13.09.2025 10:15;57,8492
13.09.2025 10:30;58,8874
13.09.2025 10:45;58,696
13.09.2025 11:00;59,798
13.09.2025 11:15;55,9874
13.09.2025 11:30;52,0492
13.09.2025 11:45;50,5528
13.09.2025 12:00;48,8766
13.09.2025 12:15;49,561
13.09.2025 12:30;48,7722
13.09.2025 12:45;49,445
13.09.2025 13:00;49,387
13.09.2025 13:15;51,127
13.09.2025 13:30;49,8336
13.09.2025 13:45;48,6098
13.09.2025 14:00;48,7142
13.09.2025 14:15;49,0448
13.09.2025 14:30;49,4508
13.09.2025 14:45;48,6446
13.09.2025 15:00;50,7384
13.09.2025 15:15;50,112
13.09.2025 15:30;51,2952
13.09.2025 15:45;49,1492
13.09.2025 16:00;48,4996
13.09.2025 16:15;49,4566
13.09.2025 16:30;49,6944
13.09.2025 16:45;49,5146
13.09.2025 17:00;51,7186
13.09.2025 17:15;50,1294
13.09.2025 17:30;49,7176
13.09.2025 17:45;50,6108
13.09.2025 18:00;51,098
13.09.2025 18:15;50,7674
13.09.2025 18:30;50,7442
13.09.2025 18:45;51,6374
13.09.2025 19:00;52,3566
13.09.2025 19:15;51,1038
13.09.2025 19:30;51,3648
13.09.2025 19:45;52,2348
13.09.2025 20:00;55,4132
13.09.2025 20:15;57,7448
13.09.2025 20:30;60,0648
13.09.2025 20:45;58,6148
13.09.2025 21:00;58,6148
13.09.2025 21:15;57,7332
13.09.2025 21:30;58,6148
13.09.2025 21:45;58,6148
13.09.2025 22:00;58,6148
13.09.2025 22:15;57,4548
13.09.2025 22:30;55,97
13.09.2025 22:45;57,13
13.09.2025 23:00;55,68
13.09.2025 23:15;51,91
13.09.2025 23:30;52,2
13.09.2025 23:45;55,39
14.09.2025 00:00;53,94
14.09.2025 00:15;53,36
14.09.2025 00:30;53,65
14.09.2025 00:45;53,07
14.09.2025 01:00;56,55
14.09.2025 01:15;55,39
14.09.2025 01:30;53,65
14.09.2025 01:45;53,65
14.09.2025 02:00;53,65
14.09.2025 02:15;53,94
14.09.2025 02:30;54,52
14.09.2025 02:45;55,4248
14.09.2025 03:00;53,6732
14.09.2025 03:15;54,2648
14.09.2025 03:30;53,6848
14.09.2025 03:45;54,2648
14.09.2025 04:00;55,7148
14.09.2025 04:15;54,8448
14.09.2025 04:30;53,9748
14.09.2025 04:45;53,9748
14.09.2025 05:00;53,9748
14.09.2025 05:15;58,6148
14.09.2025 05:30;60,3548
14.09.2025 05:45;58,6032
14.09.2025 06:00;58,6148
14.09.2025 06:15;58,0348
14.09.2025 06:30;58,6148
14.09.2025 06:45;59,4848
14.09.2025 07:00;58,0348
14.09.2025 07:15;50,5122
14.09.2025 07:30;50,489
14.09.2025 07:45;49,706
14.09.2025 08:00;49,996
14.09.2025 08:15;51,2372
14.09.2025 08:30;51,5156
14.09.2025 08:45;49,6828
14.09.2025 09:00;50,344
14.09.2025 09:15;50,2802
14.09.2025 09:30;49,7118
14.09.2025 09:45;49,648
14.09.2025 10:00;51,1734
14.09.2025 10:15;49,6712
14.09.2025 10:30;49,1608
14.09.2025 10:45;51,7244
14.09.2025 11:00;48,9578
14.09.2025 11:15;48,575
14.09.2025 11:30;50,46
14.09.2025 11:45;48,662
14.09.2025 12:00;47,9718
14.09.2025 12:15;48,1922
14.09.2025 12:30;48,5112
14.09.2025 12:45;48,314
14.09.2025 13:00;49,8916
14.09.2025 13:15;50,5006
14.09.2025 13:30;49,1202
14.09.2025 13:45;49,155
14.09.2025 14:00;48,4938
14.09.2025 14:15;49,1202
14.09.2025 14:30;49,532
14.09.2025 14:45;50,0018
14.09.2025 15:00;51,4634
14.09.2025 15:15;49,3986
14.09.2025 15:30;49,9264
14.09.2025 15:45;49,5146
14.09.2025 16:00;49,126
14.09.2025 16:15;49,0622
14.09.2025 16:30;49,6306
14.09.2025 16:45;49,7582
14.09.2025 17:00;51,2488
14.09.2025 17:15;49,8568
14.09.2025 17:30;49,0448
14.09.2025 17:45;48,9172
14.09.2025 18:00;48,981
14.09.2025 18:15;50,3208
14.09.2025 18:30;49,8684
14.09.2025 18:45;66,0852
14.09.2025 19:00;68,266
14.09.2025 19:15;66,816
14.09.2025 19:30;63,1968
14.09.2025 19:45;62,292
14.09.2025 20:00;78,3348
14.09.2025 20:15;79,4832
14.09.2025 20:30;69,3448
14.09.2025 20:45;70,2148
14.09.2025 21:00;66,4448
14.09.2025 21:15;68,7648
14.09.2025 21:30;67,3148
14.09.2025 21:45;68,1848
14.09.2025 22:00;67,6048
14.09.2025 22:15;69,9132
14.09.2025 22:30;67,86
14.09.2025 22:45;65,25
14.09.2025 23:00;66,7
14.09.2025 23:15;61,77
14.09.2025 23:30;62,06
14.09.2025 23:45;64,38
15.09.2025 00:00;64,67
15.09.2025 00:15;64,67
15.09.2025 00:30;62,64
15.09.2025 00:45;63,22
15.09.2025 01:00;63,8
15.09.2025 01:15;62,06
15.09.2025 01:30;65,54
15.09.2025 01:45;63,8
15.09.2025 02:00;63,22
15.09.2025 02:15;63,8
15.09.2025 02:30;62,35
15.09.2025 02:45;64,4148
15.09.2025 03:00;62,3848
15.09.2025 03:15;66,1548
15.09.2025 03:30;62,9648
15.09.2025 03:45;62,9648
15.09.2025 04:00;63,8232
15.09.2025 04:15;62,0948
15.09.2025 04:30;63,5448
15.09.2025 04:45;67,3148
15.09.2025 05:00;71,0848
15.09.2025 05:15;87,9048
15.09.2025 05:30;96,6048
15.09.2025 05:45;119,5148
15.09.2025 06:00;132,2748
15.09.2025 06:15;141,8332
15.09.2025 06:30;151,4032
15.09.2025 06:45;160,1032
15.09.2025 07:00;167,9448
15.09.2025 07:15;153,1606
15.09.2025 07:30;156,3042
15.09.2025 07:45;162,0114
15.09.2025 08:00;161,5996
15.09.2025 08:15;156,397
15.09.2025 08:30;143,898
15.09.2025 08:45;126,5966
15.09.2025 09:00;142,4422
15.09.2025 09:15;160,3236
15.09.2025 09:30;156,3158
15.09.2025 09:45;157,267
15.09.2025 10:00;167,3184
15.09.2025 10:15;159,123
15.09.2025 10:30;160,7528
15.09.2025 10:45;158,108
15.09.2025 11:00;151,1886
15.09.2025 11:15;150,336
15.09.2025 11:30;154,9818
15.09.2025 11:45;148,3176
15.09.2025 12:00;152,9866
15.09.2025 12:15;135,2386
15.09.2025 12:30;147,3954
15.09.2025 12:45;159,7552
15.09.2025 13:00;164,0124
15.09.2025 13:15;153,8566
15.09.2025 13:30;149,5008
15.09.2025 13:45;152,1862
15.09.2025 14:00;152,5574
15.09.2025 14:15;127,3738
15.09.2025 14:30;83,9028
15.09.2025 14:45;78,3116
15.09.2025 15:00;76,8152
15.09.2025 15:15;73,7644
15.09.2025 15:30;59,0846
15.09.2025 15:45;52,751
15.09.2025 16:00;49,8626
15.09.2025 16:15;51,1966
15.09.2025 16:30;47,9486
15.09.2025 16:45;48,3024
15.09.2025 17:00;46,3304
15.09.2025 17:15;45,6866
15.09.2025 17:30;45,1704
15.09.2025 17:45;45,5242
15.09.2025 18:00;45,5068
15.09.2025 18:15;46,7828
15.09.2025 18:30;47,6238
15.09.2025 18:45;46,0462
15.09.2025 19:00;46,0752
15.09.2025 19:15;47,1308
15.09.2025 19:30;47,6644
15.09.2025 19:45;46,8872
15.09.2025 20:00;51,6548
15.09.2025 20:15;53,9632
15.09.2025 20:30;54,5548
15.09.2025 20:45;54,2532
15.09.2025 21:00;54,5548
15.09.2025 21:15;54,8448
15.09.2025 21:30;55,1232
15.09.2025 21:45;54,5548
15.09.2025 22:00;53,9748
15.09.2025 22:15;52,5132
15.09.2025 22:30;52,78
15.09.2025 22:45;52,78
15.09.2025 23:00;52,78
15.09.2025 23:15;47,85
15.09.2025 23:30;65,25
15.09.2025 23:45;66,99
16.09.2025 00:00;67,28
16.09.2025 00:15;64,96
16.09.2025 00:30;64,67
16.09.2025 00:45;60,9
16.09.2025 01:00;60,32
16.09.2025 01:15;60,32
16.09.2025 01:30;61,19
16.09.2025 01:45;60,03
16.09.2025 02:00;60,61
16.09.2025 02:15;60,32
16.09.2025 02:30;61,48
16.09.2025 02:45;61,8048
16.09.2025 03:00;60,9232
16.09.2025 03:15;60,6448
16.09.2025 03:30;60,0648
16.09.2025 03:45;61,2132
16.09.2025 04:00;61,5148
16.09.2025 04:15;60,3548
16.09.2025 04:30;60,6332
16.09.2025 04:45;65,5748
16.09.2025 05:00;70,2148
16.09.2025 05:15;86,7332
16.09.2025 05:30;98,0548
16.09.2025 05:45;116,0348
16.09.2025 06:00;140,6732
16.09.2025 06:15;169,1048
16.09.2025 06:30;187,0732
16.09.2025 06:45;186,2148
16.09.2025 07:00;178,6516
16.09.2025 07:15;167,3648
16.09.2025 07:30;176,7434
16.09.2025 07:45;210,6792
16.09.2025 08:00;215,9862
16.09.2025 08:15;210,4356
16.09.2025 08:30;196,243
16.09.2025 08:45;173,2344
16.09.2025 09:00;180,1364
16.09.2025 09:15;193,4416
16.09.2025 09:30;195,0424
16.09.2025 09:45;197,113
16.09.2025 10:00;212,1988
16.09.2025 10:15;217,239
16.09.2025 10:30;205,32
16.09.2025 10:45;192,1888
16.09.2025 11:00;193,1168
16.09.2025 11:15;190,1878
16.09.2025 11:30;183,7208
16.09.2025 11:45;178,7212
16.09.2025 12:00;162,9046
16.09.2025 12:15;144,7448
16.09.2025 12:30;155,9562
16.09.2025 12:45;166,6572
16.09.2025 13:00;168,2522
16.09.2025 13:15;159,1752
16.09.2025 13:30;151,2176
16.09.2025 13:45;163,4092
16.09.2025 14:00;152,6966
16.09.2025 14:15;125,1002
16.09.2025 14:30;92,4114
16.09.2025 14:45;81,6234
16.09.2025 15:00;64,6004
16.09.2025 15:15;61,857
16.09.2025 15:30;61,0508
16.09.2025 15:45;56,5558
16.09.2025 16:00;55,5002
16.09.2025 16:15;51,8694
16.09.2025 16:30;53,07
16.09.2025 16:45;51,475
16.09.2025 17:00;48,6272
16.09.2025 17:15;48,2154
16.09.2025 17:30;49,039
16.09.2025 17:45;47,2526
16.09.2025 18:00;47,9312
16.09.2025 18:15;50,8138
16.09.2025 18:30;48,3604
16.09.2025 18:45;47,0786
16.09.2025 19:00;47,676
16.09.2025 19:15;49,126
16.09.2025 19:30;46,8698
16.09.2025 19:45;48,9752
16.09.2025 20:00;54,2648
16.09.2025 20:15;54,8332
16.09.2025 20:30;54,5548
16.09.2025 20:45;56,2832
16.09.2025 21:00;56,2948
16.09.2025 21:15;54,5432
16.09.2025 21:30;55,1348
16.09.2025 21:45;57,7332
16.09.2025 22:00;53,3948
16.09.2025 22:15;52,5248
16.09.2025 22:30;55,39
16.09.2025 22:45;52,78
16.09.2025 23:00;51,91
16.09.2025 23:15;46,69
16.09.2025 23:30;40,6
16.09.2025 23:45;40,89
17.09.2025 00:00;43,5
17.09.2025 00:15;41,18
17.09.2025 00:30;41,47
17.09.2025 00:45;43,21
17.09.2025 01:00;42,34
17.09.2025 01:15;41,47
17.09.2025 01:30;42,63
17.09.2025 01:45;42,34
17.09.2025 02:00;41,18
17.09.2025 02:15;42,34
17.09.2025 02:30;44,95
17.09.2025 02:45;41,2148
17.09.2025 03:00;44,9732
17.09.2025 03:15;59,4848
17.09.2025 03:30;58,0348
17.09.2025 03:45;57,7332
17.09.2025 04:00;56,8748
17.09.2025 04:15;54,5432
17.09.2025 04:30;52,8148
17.09.2025 04:45;58,0348
17.09.2025 05:00;61,7932
17.09.2025 05:15;78,9148
17.09.2025 05:30;93,9948
17.09.2025 05:45;103,2632
17.09.2025 06:00;116,3248
17.09.2025 06:15;138,6432
17.09.2025 06:30;149,6806
17.09.2025 06:45;158,659
17.09.2025 07:00;151,1132
17.09.2025 07:15;152,859
17.09.2025 07:30;149,0832
17.09.2025 07:45;156,0606
17.09.2025 08:00;162,9452
17.09.2025 08:15;168,229
17.09.2025 08:30;144,5534
17.09.2025 08:45;131,4686
17.09.2025 09:00;149,1818
17.09.2025 09:15;181,6502
17.09.2025 09:30;173,8782
17.09.2025 09:45;171,506
17.09.2025 10:00;169,8066
17.09.2025 10:15;161,994
17.09.2025 10:30;156,4492
17.09.2025 10:45;145,6612
17.09.2025 11:00;159,935
17.09.2025 11:15;166,866
17.09.2025 11:30;173,565
17.09.2025 11:45;168,5596
17.09.2025 12:00;148,5554
17.09.2025 12:15;132,7504
17.09.2025 12:30;138,7128
17.09.2025 12:45;162,7886
17.09.2025 13:00;164,6562
17.09.2025 13:15;159,8654
17.09.2025 13:30;151,5598
17.09.2025 13:45;147,204
17.09.2025 14:00;146,4732
17.09.2025 14:15;133,2202
17.09.2025 14:30;75,7422
17.09.2025 14:45;64,467
17.09.2025 15:00;67,2568
17.09.2025 15:15;59,885
17.09.2025 15:30;64,786
17.09.2025 15:45;64,3684
17.09.2025 16:00;60,4012
17.09.2025 16:15;59,7632
17.09.2025 16:30;59,8676
17.09.2025 16:45;62,5414
17.09.2025 17:00;62,4486
17.09.2025 17:15;59,2122
17.09.2025 17:30;56,1788
17.09.2025 17:45;53,9052
17.09.2025 18:00;54,8506
17.09.2025 18:15;55,3146
17.09.2025 18:30;54,4794
17.09.2025 18:45;55,1348
17.09.2025 19:00;53,5862
17.09.2025 19:15;55,303
17.09.2025 19:30;56,318
17.09.2025 19:45;56,5732
17.09.2025 20:00;60,6448
17.09.2025 20:15;68,1732
17.09.2025 20:30;70,7948
17.09.2025 20:45;69,3448
17.09.2025 21:00;68,1732
17.09.2025 21:15;67,8948
17.09.2025 21:30;67,8832
17.09.2025 21:45;69,0548
17.09.2025 22:00;67,6048
17.09.2025 22:15;66,1432
17.09.2025 22:30;62,64
17.09.2025 22:45;56,55
17.09.2025 23:00;58,87
17.09.2025 23:15;53,36
17.09.2025 23:30;53,65
17.09.2025 23:45;53,36
18.09.2025 00:00;53,07
18.09.2025 00:15;55,68
18.09.2025 00:30;53,94
18.09.2025 00:45;53,94
18.09.2025 01:00;53,07
18.09.2025 01:15;52,78
18.09.2025 01:30;53,07
18.09.2025 01:45;54,23
18.09.2025 02:00;54,23
18.09.2025 02:15;53,94
18.09.2025 02:30;53,36
18.09.2025 02:45;56,0048
18.09.2025 03:00;54,5548
18.09.2025 03:15;55,4248
18.09.2025 03:30;55,7032
18.09.2025 03:45;56,0048
18.09.2025 04:00;55,4248
18.09.2025 04:15;54,8448
18.09.2025 04:30;54,2532
18.09.2025 04:45;55,4248
18.09.2025 05:00;56,0048
18.09.2025 05:15;60,6332
18.09.2025 05:30;72,5348
18.09.2025 05:45;99,7948
18.09.2025 06:00;117,7632
18.09.2025 06:15;144,4548
18.09.2025 06:30;157,4816
18.09.2025 06:45;159,8248
18.09.2025 07:00;149,6516
18.09.2025 07:15;141,5316
18.09.2025 07:30;143,5616
18.09.2025 07:45;156,8088
18.09.2025 08:00;155,8054
18.09.2025 08:15;161,675
18.09.2025 08:30;150,8058
18.09.2025 08:45;133,4928
18.09.2025 09:00;145,2668
18.09.2025 09:15;144,2634
18.09.2025 09:30;141,5142
18.09.2025 09:45;144,507
18.09.2025 10:00;141,0386
18.09.2025 10:15;139,9888
18.09.2025 10:30;130,4072
18.09.2025 10:45;126,0398
18.09.2025 11:00;124,758
18.09.2025 11:15;128,093
18.09.2025 11:30;136,7292
18.09.2025 11:45;127,0316
18.09.2025 12:00;127,4724
18.09.2025 12:15;120,205
18.09.2025 12:30;134,763
18.09.2025 12:45;136,068
18.09.2025 13:00;141,665
18.09.2025 13:15;140,7022
18.09.2025 13:30;144,5244
18.09.2025 13:45;153,091
18.09.2025 14:00;146,1136
18.09.2025 14:15;120,8894
18.09.2025 14:30;102,689
18.09.2025 14:45;100,2762
18.09.2025 15:00;95,1664
18.09.2025 15:15;95,787
18.09.2025 15:30;96,976
18.09.2025 15:45;89,5752
18.09.2025 16:00;83,4446
18.09.2025 16:15;84,0014
18.09.2025 16:30;66,1606
18.09.2025 16:45;61,0102
18.09.2025 17:00;59,798
18.09.2025 17:15;56,463
18.09.2025 17:30;55,3494
18.09.2025 17:45;54,5954
18.09.2025 18:00;56,0744
18.09.2025 18:15;55,4596
18.09.2025 18:30;54,2822
18.09.2025 18:45;56,2194
18.09.2025 19:00;55,2508
18.09.2025 19:15;60,6506
18.09.2025 19:30;68,788
18.09.2025 19:45;66,7348
18.09.2025 20:00;60,6332
18.09.2025 20:15;66,1548
18.09.2025 20:30;72,5232
18.09.2025 20:45;65,2848
18.09.2025 21:00;61,5032
18.09.2025 21:15;60,9348
18.09.2025 21:30;62,0948
18.09.2025 21:45;62,6632
18.09.2025 22:00;60,0648
18.09.2025 22:15;57,7332
18.09.2025 22:30;60,32
18.09.2025 22:45;56,26
18.09.2025 23:00;57,42
18.09.2025 23:15;51,33
18.09.2025 23:30;54,23
18.09.2025 23:45;52,78
19.09.2025 00:00;52,78
19.09.2025 00:15;57,7158
19.09.2025 00:30;57,8202
19.09.2025 00:45;57,6926
19.09.2025 01:00;57,8202
19.09.2025 01:15;57,8376
19.09.2025 01:30;57,2808
19.09.2025 01:45;58,0058
19.09.2025 02:00;57,7564
19.09.2025 02:15;57,7796
19.09.2025 02:30;58,4988
19.09.2025 02:45;58,8004
19.09.2025 03:00;59,218
19.09.2025 03:15;59,1542
19.09.2025 03:30;58,8816
19.09.2025 03:45;59,2354
19.09.2025 04:00;59,7342
19.09.2025 04:15;61,7816
19.09.2025 04:30;64,7454
19.09.2025 04:45;69,3042
19.09.2025 05:00;78,6248
19.09.2025 05:15;87,8004
19.09.2025 05:30;98,2462
19.09.2025 05:45;115,0198
19.09.2025 06:00;129,746
19.09.2025 06:15;155,0688
19.09.2025 06:30;181,3254
19.09.2025 06:45;186,093
19.09.2025 07:00;179,5274
19.09.2025 07:15;167,417
19.09.2025 07:30;182,7928
19.09.2025 07:45;196,1502
19.09.2025 08:00;192,8036
19.09.2025 08:15;195,1236
19.09.2025 08:30;176,7028
19.09.2025 08:45;149,8604
19.09.2025 09:00;165,8626
19.09.2025 09:15;185,1824
19.09.2025 09:30;186,122
19.09.2025 09:45;176,8826
19.09.2025 10:00;179,3244
19.09.2025 10:15;170,1256
19.09.2025 10:30;167,852
19.09.2025 10:45;169,6964
19.09.2025 11:00;170,7694
19.09.2025 11:15;170,7056
19.09.2025 11:30;166,6746
19.09.2025 11:45;153,4332
19.09.2025 12:00;144,8144
19.09.2025 12:15;120,2456
19.09.2025 12:30;88,9372
19.09.2025 12:45;81,1768
19.09.2025 13:00;78,7466
19.09.2025 13:15;77,1574
19.09.2025 13:30;72,7378
19.09.2025 13:45;69,02
19.09.2025 14:00;68,2196
19.09.2025 14:15;66,7232
19.09.2025 14:30;65,4066
19.09.2025 14:45;64,5656
19.09.2025 15:00;62,9706
19.09.2025 15:15;63,191
19.09.2025 15:30;62,8894
19.09.2025 15:45;58,9512
19.09.2025 16:00;55,6858
19.09.2025 16:15;56,4804
19.09.2025 16:30;57,623
19.09.2025 16:45;57,0024
19.09.2025 17:00;54,404
19.09.2025 17:15;53,8124
19.09.2025 17:30;53,0236
19.09.2025 17:45;51,9796
19.09.2025 18:00;49,4972
19.09.2025 18:15;50,0656
19.09.2025 18:30;49,4972
19.09.2025 18:45;48,952
19.09.2025 19:00;48,5808
19.09.2025 19:15;48,5866
19.09.2025 19:30;48,8302
19.09.2025 19:45;48,5924
19.09.2025 20:00;49,561
19.09.2025 20:15;49,8394
19.09.2025 20:30;50,9008
19.09.2025 20:45;50,7906
19.09.2025 21:00;50,924
19.09.2025 21:15;52,548
19.09.2025 21:30;52,4204
19.09.2025 21:45;53,824
19.09.2025 22:00;54,6244
19.09.2025 22:15;54,7578
19.09.2025 22:30;55,1464
19.09.2025 22:45;55,4596
19.09.2025 23:00;55,0652
19.09.2025 23:15;50,4426
19.09.2025 23:30;51,5852
19.09.2025 23:45;51,707
20.09.2025 00:00;52,2696
20.09.2025 00:15;51,62
20.09.2025 00:30;53,36
20.09.2025 00:45;50,17
20.09.2025 01:00;51,04
20.09.2025 01:15;50,75
20.09.2025 01:30;52,2
20.09.2025 01:45;50,46
20.09.2025 02:00;50,75
20.09.2025 02:15;49,88
20.09.2025 02:30;53,07
20.09.2025 02:45;51,9448
20.09.2025 03:00;51,3648
20.09.2025 03:15;51,3648
20.09.2025 03:30;53,6848
20.09.2025 03:45;51,9448
20.09.2025 04:00;51,3648
20.09.2025 04:15;52,2348
20.09.2025 04:30;53,6848
20.09.2025 04:45;52,2348
20.09.2025 05:00;51,9448
20.09.2025 05:15;56,5848
20.09.2025 05:30;59,4848
20.09.2025 05:45;56,8632
20.09.2025 06:00;56,8748
20.09.2025 06:15;60,0648
20.09.2025 06:30;57,7448
20.09.2025 06:45;56,8748
20.09.2025 07:00;55,7148
20.09.2025 07:15;55,1348
20.09.2025 07:30;48,1748
20.09.2025 07:45;49,387
20.09.2025 08:00;50,0946
20.09.2025 08:15;49,7814
20.09.2025 08:30;48,169
20.09.2025 08:45;47,6354
20.09.2025 09:00;49,6712
20.09.2025 09:15;47,3454
20.09.2025 09:30;46,951
20.09.2025 09:45;47,3164
20.09.2025 10:00;48,1226
20.09.2025 10:15;47,096
20.09.2025 10:30;46,7016
20.09.2025 10:45;48,1806
20.09.2025 11:00;46,8698
20.09.2025 11:15;45,9418
20.09.2025 11:30;45,9244
20.09.2025 11:45;48,2908
20.09.2025 12:00;45,7794
20.09.2025 12:15;46,2724
20.09.2025 12:30;45,9824
20.09.2025 12:45;47,6644
20.09.2025 13:00;46,9336
20.09.2025 13:15;46,0636
20.09.2025 13:30;46,9162
20.09.2025 13:45;51,5852
20.09.2025 14:00;47,6528
20.09.2025 14:15;46,545
20.09.2025 14:30;47,1772
20.09.2025 14:45;48,3662
20.09.2025 15:00;47,3512
20.09.2025 15:15;46,2608
20.09.2025 15:30;46,4986
20.09.2025 15:45;48,5924
20.09.2025 16:00;47,9022
20.09.2025 16:15;46,8582
20.09.2025 16:30;46,7248
20.09.2025 16:45;48,8998
20.09.2025 17:00;46,806
20.09.2025 17:15;46,7364
20.09.2025 17:30;46,7654
20.09.2025 17:45;48,8708
20.09.2025 18:00;47,299
20.09.2025 18:15;47,0612
20.09.2025 18:30;46,7538
20.09.2025 18:45;48,9636
20.09.2025 19:00;46,8002
20.09.2025 19:15;46,4754
20.09.2025 19:30;47,0148
20.09.2025 19:45;53,9632
20.09.2025 20:00;53,6848
20.09.2025 20:15;54,8448
20.09.2025 20:30;54,8332
20.09.2025 20:45;57,7448
20.09.2025 21:00;55,1348
20.09.2025 21:15;55,1348
20.09.2025 21:30;54,8448
20.09.2025 21:45;57,1532
20.09.2025 22:00;53,3948
20.09.2025 22:15;53,3948
20.09.2025 22:30;53,07
20.09.2025 22:45;58
20.09.2025 23:00;53,36
20.09.2025 23:15;48,72
20.09.2025 23:30;49,59
20.09.2025 23:45;52,2
21.09.2025 00:00;49,88
21.09.2025 00:15;50,17
21.09.2025 00:30;49,59
21.09.2025 00:45;51,91
21.09.2025 01:00;50,46
21.09.2025 01:15;49,59
21.09.2025 01:30;50,17
21.09.2025 01:45;51,62
21.09.2025 02:00;50,17
21.09.2025 02:15;49,59
21.09.2025 02:30;49,59
21.09.2025 02:45;51,9448
21.09.2025 03:00;50,4948
21.09.2025 03:15;49,9148
21.09.2025 03:30;50,4948
21.09.2025 03:45;51,9448
21.09.2025 04:00;50,4832
21.09.2025 04:15;49,9148
21.09.2025 04:30;49,6248
21.09.2025 04:45;51,6548
21.09.2025 05:00;50,4948
21.09.2025 05:15;54,8448
21.09.2025 05:30;55,1348
21.09.2025 05:45;56,8632
21.09.2025 06:00;56,2948
21.09.2025 06:15;55,4248
21.09.2025 06:30;54,8448
21.09.2025 06:45;56,8748
21.09.2025 07:00;54,5548
21.09.2025 07:15;50,5354
21.09.2025 07:30;46,893
21.09.2025 07:45;51,1386
21.09.2025 08:00;46,8582
21.09.2025 08:15;46,5102
21.09.2025 08:30;48,3256
21.09.2025 08:45;47,4672
21.09.2025 09:00;46,487
21.09.2025 09:15;46,8002
21.09.2025 09:30;48,8708
21.09.2025 09:45;47,2178
21.09.2025 10:00;46,9278
21.09.2025 10:15;48,0008
21.09.2025 10:30;47,183
21.09.2025 10:45;47,1714
21.09.2025 11:00;46,864
21.09.2025 11:15;49,2478
21.09.2025 11:30;47,3048
21.09.2025 11:45;46,0868
21.09.2025 12:00;48,4242
21.09.2025 12:15;46,9162
21.09.2025 12:30;45,762
21.09.2025 12:45;47,0902
21.09.2025 13:00;49,2594
21.09.2025 13:15;45,7968
21.09.2025 13:30;45,7562
21.09.2025 13:45;46,9162
21.09.2025 14:00;47,8558
21.09.2025 14:15;45,8316
21.09.2025 14:30;45,8722
21.09.2025 14:45;47,386
21.09.2025 15:00;47,3802
21.09.2025 15:15;47,1192
21.09.2025 15:30;46,8118
21.09.2025 15:45;48,4822
21.09.2025 16:00;46,6378
21.09.2025 16:15;47,0554
21.09.2025 16:30;47,0206
21.09.2025 16:45;48,2734
21.09.2025 17:00;46,4406
21.09.2025 17:15;46,2202
21.09.2025 17:30;47,241
21.09.2025 17:45;46,9452
21.09.2025 18:00;48,662
21.09.2025 18:15;46,835
21.09.2025 18:30;49,1376
21.09.2025 18:45;46,6552
21.09.2025 19:00;47,386
21.09.2025 19:15;47,7978
21.09.2025 19:30;49,1492
21.09.2025 19:45;52,5306
21.09.2025 20:00;53,3948
21.09.2025 20:15;57,4432
21.09.2025 20:30;54,5548
21.09.2025 20:45;54,8332
21.09.2025 21:00;57,1648
21.09.2025 21:15;55,4132
21.09.2025 21:30;54,2648
21.09.2025 21:45;57,7332
21.09.2025 22:00;54,2648
21.09.2025 22:15;52,8032
21.09.2025 22:30;53,94
21.09.2025 22:45;53,65
21.09.2025 23:00;53,07
21.09.2025 23:15;49,88
21.09.2025 23:30;51,33
21.09.2025 23:45;49,88
22.09.2025 00:00;51,62
22.09.2025 00:15;51,33
22.09.2025 00:30;49,88
22.09.2025 00:45;51,91
22.09.2025 01:00;50,75
22.09.2025 01:15;49,88
22.09.2025 01:30;51,04
22.09.2025 01:45;51,04
22.09.2025 02:00;49,88
22.09.2025 02:15;51,04
22.09.2025 02:30;51,04
22.09.2025 02:45;49,6248
22.09.2025 03:00;51,3532
22.09.2025 03:15;49,9148
22.09.2025 03:30;49,3232
22.09.2025 03:45;51,6548
22.09.2025 04:00;50,4832
22.09.2025 04:15;52,8148
22.09.2025 04:30;51,0632
22.09.2025 04:45;54,5548
22.09.2025 05:00;57,1532
22.09.2025 05:15;76,5948
22.09.2025 05:30;79,7732
22.09.2025 05:45;106,1748
22.09.2025 06:00;129,3632
22.09.2025 06:15;147,3432
22.09.2025 06:30;165,329
22.09.2025 06:45;167,0516
22.09.2025 07:00;166,4716
22.09.2025 07:15;158,3632
22.09.2025 07:30;156,4144
22.09.2025 07:45;163,9834
22.09.2025 08:00;163,3976
22.09.2025 08:15;164,5054
22.09.2025 08:30;152,4878
22.09.2025 08:45;141,2242
22.09.2025 09:00;155,7068
22.09.2025 09:15;176,5056
22.09.2025 09:30;176,552
22.09.2025 09:45;166,0308
22.09.2025 10:00;183,9992
22.09.2025 10:15;165,3754
22.09.2025 10:30;166,0888
22.09.2025 10:45;154,3206
22.09.2025 11:00;158,5256
22.09.2025 11:15;177,828
22.09.2025 11:30;156,7798
22.09.2025 11:45;151,5714
22.09.2025 12:00;165,2072
22.09.2025 12:15;144,1822
22.09.2025 12:30;149,9996
22.09.2025 12:45;161,5532
22.09.2025 13:00;165,7524
22.09.2025 13:15;159,0882
22.09.2025 13:30;167,4286
22.09.2025 13:45;163,299
22.09.2025 14:00;184,353
22.09.2025 14:15;157,1336
22.09.2025 14:30;111,766
22.09.2025 14:45;106,9114
22.09.2025 15:00;109,6838
22.09.2025 15:15;110,2348
22.09.2025 15:30;108,982
22.09.2025 15:45;111,2904
22.09.2025 16:00;106,372
22.09.2025 16:15;105,299
22.09.2025 16:30;112,897
22.09.2025 16:45;101,4478
22.09.2025 17:00;85,6602
22.09.2025 17:15;79,5934
22.09.2025 17:30;93,38
22.09.2025 17:45;88,4616
22.09.2025 18:00;80,678
22.09.2025 18:15;81,9946
22.09.2025 18:30;79,315
22.09.2025 18:45;80,3416
22.09.2025 19:00;79,8486
22.09.2025 19:15;81,171
22.09.2025 19:30;87,406
22.09.2025 19:45;90,2712
22.09.2025 20:00;98,0548
22.09.2025 20:15;91,0948
22.09.2025 20:30;85,5848
22.09.2025 20:45;86,4548
22.09.2025 21:00;88,4848
22.09.2025 21:15;87,6148
22.09.2025 21:30;86,1648
22.09.2025 21:45;85,0048
22.09.2025 22:00;83,5548
22.09.2025 22:15;82,9632
22.09.2025 22:30;80,91
22.09.2025 22:45;80,04
22.09.2025 23:00;79,75
22.09.2025 23:15;75,4
22.09.2025 23:30;76,56
22.09.2025 23:45;77,72
23.09.2025 00:00;79,46
23.09.2025 00:15;77,43
23.09.2025 00:30;77,72
23.09.2025 00:45;78,59
23.09.2025 01:00;78,3
23.09.2025 01:15;78,01
23.09.2025 01:30;77,72
23.09.2025 01:45;78,3
23.09.2025 02:00;79,46
23.09.2025 02:15;77,72
23.09.2025 02:30;78,01
23.09.2025 02:45;77,7548
23.09.2025 03:00;79,4948
23.09.2025 03:15;92,2548
23.09.2025 03:30;94,2848
23.09.2025 03:45;95,4448
23.09.2025 04:00;93,4148
23.09.2025 04:15;92,5448
23.09.2025 04:30;90,2248
23.09.2025 04:45;93,1248
23.09.2025 05:00;101,5348
23.09.2025 05:15;116,3248
23.09.2025 05:30;126,4748
23.09.2025 05:45;145,6148
23.09.2025 06:00;155,4748
23.09.2025 06:15;185,0548
23.09.2025 06:30;209,1132
23.09.2025 06:45;221,5948
23.09.2025 07:00;221,2932
23.09.2025 07:15;194,0506
23.09.2025 07:30;214,1128
23.09.2025 07:45;215,0292
23.09.2025 08:00;219,5938
23.09.2025 08:15;239,1398
23.09.2025 08:30;206,5786
23.09.2025 08:45;178,2978
23.09.2025 09:00;186,586
23.09.2025 09:15;206,9556
23.09.2025 09:30;203,812
23.09.2025 09:45;195,228
23.09.2025 10:00;195,924
23.09.2025 10:15;196,3532
23.09.2025 10:30;197,2116
23.09.2025 10:45;184,2428
23.09.2025 11:00;185,7392
23.09.2025 11:15;191,8988
23.09.2025 11:30;189,5788
23.09.2025 11:45;179,539
23.09.2025 12:00;166,4194
23.09.2025 12:15;144,3968
23.09.2025 12:30;161,8838
23.09.2025 12:45;195,2512
23.09.2025 13:00;185,4318
23.09.2025 13:15;174,783
23.09.2025 13:30;173,0372
23.09.2025 13:45;167,8172
23.09.2025 14:00;162,3594
23.09.2025 14:15;126,3704
23.09.2025 14:30;89,3606
23.09.2025 14:45;89,2968
23.09.2025 15:00;100,6822
23.09.2025 15:15;99,644
23.09.2025 15:30;85,7646
23.09.2025 15:45;91,4486
23.09.2025 16:00;87,2494
23.09.2025 16:15;81,3508
23.09.2025 16:30;78,8452
23.09.2025 16:45;89,668
23.09.2025 17:00;78,1492
23.09.2025 17:15;77,4068
23.09.2025 17:30;75,2086
23.09.2025 17:45;78,88
23.09.2025 18:00;58,1566
23.09.2025 18:15;59,8444
23.09.2025 18:30;59,8676
23.09.2025 18:45;56,26
23.09.2025 19:00;54,9376
23.09.2025 19:15;55,651
23.09.2025 19:30;60,0996
23.09.2025 19:45;60,668
23.09.2025 20:00;62,0948
23.09.2025 20:15;62,9764
23.09.2025 20:30;65,5748
23.09.2025 20:45;68,4748
23.09.2025 21:00;73,9848
23.09.2025 21:15;71,9548
23.09.2025 21:30;71,6648
23.09.2025 21:45;69,9248
23.09.2025 22:00;65,5748
23.09.2025 22:15;66,4564
23.09.2025 22:30;64,67
23.09.2025 22:45;60,9
23.09.2025 23:00;59,16
23.09.2025 23:15;53,94
23.09.2025 23:30;55,68
23.09.2025 23:45;55,97
24.09.2025 00:00;54,52
24.09.2025 00:15;55,7264
24.09.2025 00:30;55,1348
24.09.2025 00:45;56,5848
24.09.2025 01:00;55,1348
24.09.2025 01:15;55,1348
24.09.2025 01:30;54,8448
24.09.2025 01:45;56,0048
24.09.2025 02:00;56,2948
24.09.2025 02:15;54,2764
24.09.2025 02:30;56,2948
24.09.2025 02:45;55,1348
24.09.2025 03:00;55,1348
24.09.2025 03:15;55,4248
24.09.2025 03:30;66,7348
24.09.2025 03:45;73,1148
24.09.2025 04:00;71,6764
24.09.2025 04:15;71,9548
24.09.2025 04:30;70,2148
24.09.2025 04:45;72,2448
24.09.2025 05:00;76,0148
24.09.2025 05:15;95,1548
24.09.2025 05:30;104,7248
24.09.2025 05:45;121,8348
24.09.2025 06:00;124,4448
24.09.2025 06:15;142,7032
24.09.2025 06:30;168,2348
24.09.2025 06:45;176,9116
24.09.2025 07:00;167,6606
24.09.2025 07:15;146,7748
24.09.2025 07:30;158,5836
24.09.2025 07:45;165,3812
24.09.2025 08:00;189,8572
24.09.2025 08:15;185,4724
24.09.2025 08:30;170,2242
24.09.2025 08:45;135,5518
24.09.2025 09:00;151,148
24.09.2025 09:15;162,1158
24.09.2025 09:30;176,6158
24.09.2025 09:45;176,4534
24.09.2025 10:00;157,093
24.09.2025 10:15;147,3954
24.09.2025 10:30;165,6596
24.09.2025 10:45;148,3292
24.09.2025 11:00;153,1548
24.09.2025 11:15;164,4706
24.09.2025 11:30;167,2198
24.09.2025 11:45;162,1216
24.09.2025 12:00;157,6498
24.09.2025 12:15;132,2458
24.09.2025 12:30;144,3446
24.09.2025 12:45;173,043
24.09.2025 13:00;163,0032
24.09.2025 13:15;158,5314
24.09.2025 13:30;151,8904
24.09.2025 13:45;144,971
24.09.2025 14:00;161,5822
24.09.2025 14:15;119,0914
24.09.2025 14:30;82,592
24.09.2025 14:45;91,466
24.09.2025 15:00;83,665
24.09.2025 15:15;83,9028
24.09.2025 15:30;76,4208
24.09.2025 15:45;68,6314
24.09.2025 16:00;64,9658
24.09.2025 16:15;60,4012
24.09.2025 16:30;60,1634
24.09.2025 16:45;59,0556
24.09.2025 17:00;60,001
24.09.2025 17:15;61,2654
24.09.2025 17:30;56,6834
24.09.2025 17:45;54,027
24.09.2025 18:00;57,0778
24.09.2025 18:15;52,838
24.09.2025 18:30;52,6002
24.09.2025 18:45;52,6582
24.09.2025 19:00;54,8274
24.09.2025 19:15;54,7578
24.09.2025 19:30;57,217
24.09.2025 19:45;76,5948
24.09.2025 20:00;64,4148
24.09.2025 20:15;64,7164
24.09.2025 20:30;65,5748
24.09.2025 20:45;65,5748
24.09.2025 21:00;66,1548
24.09.2025 21:15;65,2848
24.09.2025 21:30;62,0948
24.09.2025 21:45;62,3848
24.09.2025 22:00;60,6564
24.09.2025 22:15;61,5148
24.09.2025 22:30;59,4848
24.09.2025 22:45;58,9048
24.09.2025 23:00;58,6148
24.09.2025 23:15;54,8448
24.09.2025 23:30;56,8748
24.09.2025 23:45;57,7448
25.09.2025 00:00;56,0164
25.09.2025 00:15;56,5848
25.09.2025 00:30;56,8748
25.09.2025 00:45;56,5848
25.09.2025 01:00;58,0348
25.09.2025 01:15;56,0048
25.09.2025 01:30;56,5848
25.09.2025 01:45;56,0164
25.09.2025 02:00;56,5848
25.09.2025 02:15;58,0348
25.09.2025 02:30;56,5848
25.09.2025 02:45;56,2948
25.09.2025 03:00;56,3064
25.09.2025 03:15;56,5848
25.09.2025 03:30;57,7448
25.09.2025 03:45;58,6148
25.09.2025 04:00;72,5348
25.09.2025 04:15;72,5348
25.09.2025 04:30;72,8248
25.09.2025 04:45;74,5764
25.09.2025 05:00;73,9848
25.09.2025 05:15;73,9848
25.09.2025 05:30;94,5748
25.09.2025 05:45;115,7448
25.09.2025 06:00;136,0448
25.09.2025 06:15;164,4648
25.09.2025 06:30;187,9432
25.09.2025 06:45;193,1748
25.09.2025 07:00;174,9048
25.09.2025 07:15;163,299
25.09.2025 07:30;168,8148
25.09.2025 07:45;184,4168
25.09.2025 08:00;193,6968
25.09.2025 08:15;200,245
25.09.2025 08:30;174,9338
25.09.2025 08:45;151,5772
25.09.2025 09:00;167,4924
25.09.2025 09:15;183,4598
25.09.2025 09:30;185,4028
25.09.2025 09:45;190,0022
25.09.2025 10:00;190,4546
25.09.2025 10:15;170,5954
25.09.2025 10:30;166,8776
25.09.2025 10:45;157,354
25.09.2025 11:00;167,069
25.09.2025 11:15;164,2734
25.09.2025 11:30;178,176
25.09.2025 11:45;184,0862
25.09.2025 12:00;168,4784
25.09.2025 12:15;153,613
25.09.2025 12:30;153,961
25.09.2025 12:45;188,7842
25.09.2025 13:00;186,6788
25.09.2025 13:15;165,6306
25.09.2025 13:30;170,7636
25.09.2025 13:45;187,9838
25.09.2025 14:00;167,2256
25.09.2025 14:15;131,254
25.09.2025 14:30;111,8298
25.09.2025 14:45;113,5698
25.09.2025 15:00;110,5306
25.09.2025 15:15;95,1258
25.09.2025 15:30;98,2752
25.09.2025 15:45;91,0716
25.09.2025 16:00;93,9136
25.09.2025 16:15;85,1208
25.09.2025 16:30;65,9112
25.09.2025 16:45;62,437
25.09.2025 17:00;63,974
25.09.2025 17:15;65,8416
25.09.2025 17:30;67,0538
25.09.2025 17:45;65,1224
25.09.2025 18:00;67,2858
25.09.2025 18:15;66,2186
25.09.2025 18:30;63,9624
25.09.2025 18:45;63,7072
25.09.2025 19:00;65,134
25.09.2025 19:15;61,8164
25.09.2025 19:30;65,8532
25.09.2025 19:45;66,7348
25.09.2025 20:00;69,6348
25.09.2025 20:15;80,3648
25.09.2025 20:30;84,7032
25.09.2025 20:45;76,0148
25.09.2025 21:00;72,2448
25.09.2025 21:15;73,6948
25.09.2025 21:30;72,5348
25.09.2025 21:45;68,7648
25.09.2025 22:00;67,3148
25.09.2025 22:15;66,1548
25.09.2025 22:30;65,8532
25.09.2025 22:45;64,9948
25.09.2025 23:00;62,6748
25.09.2025 23:15;59,7748
25.09.2025 23:30;61,2248
25.09.2025 23:45;61,5148
26.09.2025 00:00;62,3848
26.09.2025 00:15;60,9
26.09.2025 00:30;60,32
26.09.2025 00:45;59,74
26.09.2025 01:00;61,48
26.09.2025 01:15;59,74
26.09.2025 01:30;63,22
26.09.2025 01:45;61,48
26.09.2025 02:00;60,61
26.09.2025 02:15;60,61
26.09.2025 02:30;60,61
26.09.2025 02:45;62,0948
26.09.2025 03:00;63,8348
26.09.2025 03:15;78,0448
26.09.2025 03:30;77,1748
26.09.2025 03:45;80,3648
26.09.2025 04:00;76,0148
26.09.2025 04:15;71,6648
26.09.2025 04:30;76,3048
26.09.2025 04:45;75,7248
26.09.2025 05:00;82,1048
26.09.2025 05:15;97,1848
26.09.2025 05:30;109,0748
26.09.2025 05:45;126,7648
26.09.2025 06:00;146,7632
26.09.2025 06:15;172,8806
26.09.2025 06:30;200,4248
26.09.2025 06:45;207,3616
26.09.2025 07:00;210,8648
26.09.2025 07:15;193,1632
26.09.2025 07:30;182,7058
26.09.2025 07:45;200,1232
26.09.2025 08:00;193,7548
26.09.2025 08:15;203,6264
26.09.2025 08:30;192,5368
26.09.2025 08:45;168,4378
26.09.2025 09:00;182,4448
26.09.2025 09:15;204,4326
26.09.2025 09:30;205,7434
26.09.2025 09:45;212,8252
26.09.2025 10:00;205,8826
26.09.2025 10:15;191,5624
26.09.2025 10:30;180,5308
26.09.2025 10:45;194,59
26.09.2025 11:00;177,3872
26.09.2025 11:15;181,6386
26.09.2025 11:30;164,111
26.09.2025 11:45;175,015
26.09.2025 12:00;161,675
26.09.2025 12:15;133,7306
26.09.2025 12:30;98,368
26.09.2025 12:45;94,9808
26.09.2025 13:00;95,7812
26.09.2025 13:15;80,7302
26.09.2025 13:30;80,8404
26.09.2025 13:45;81,2522
26.09.2025 14:00;76,2584
26.09.2025 14:15;77,2212
26.09.2025 14:30;72,5754
26.09.2025 14:45;65,4472
26.09.2025 15:00;63,626
26.09.2025 15:15;64,9484
26.09.2025 15:30;63,539
26.09.2025 15:45;66,3984
26.09.2025 16:00;65,0934
26.09.2025 16:15;67,4482
26.09.2025 16:30;66,0272
26.09.2025 16:45;63,3302
26.09.2025 17:00;63,6144
26.09.2025 17:15;64,1596
26.09.2025 17:30;59,7864
26.09.2025 17:45;60,465
26.09.2025 18:00;60,3838
26.09.2025 18:15;60,1518
26.09.2025 18:30;59,305
26.09.2025 18:45;59,5602
26.09.2025 19:00;58,8468
26.09.2025 19:15;58,8178
26.09.2025 19:30;62,8836
26.09.2025 19:45;64,4148
26.09.2025 20:00;65,5632
26.09.2025 20:15;65,8648
26.09.2025 20:30;67,6048
26.09.2025 20:45;65,2732
26.09.2025 21:00;66,1548
26.09.2025 21:15;66,4448
26.09.2025 21:30;66,7232
26.09.2025 21:45;67,3148
26.09.2025 22:00;65,5748
26.09.2025 22:15;64,9948
26.09.2025 22:30;65,25
26.09.2025 22:45;66,41
26.09.2025 23:00;66,12
26.09.2025 23:15;60,32
26.09.2025 23:30;61,48
26.09.2025 23:45;63,8
27.09.2025 00:00;62,64
27.09.2025 00:15;51,504
27.09.2025 00:30;51,7708
27.09.2025 00:45;51,3764
27.09.2025 01:00;51,4228
27.09.2025 01:15;51,3358
27.09.2025 01:30;51,2952
27.09.2025 01:45;51,6258
27.09.2025 02:00;50,924
27.09.2025 02:15;51,707
27.09.2025 02:30;52,2928
27.09.2025 02:45;53,0236
27.09.2025 03:00;52,5016
27.09.2025 03:15;52,9424
27.09.2025 03:30;53,2266
27.09.2025 03:45;52,7104
27.09.2025 04:00;52,9192
27.09.2025 04:15;52,2522
27.09.2025 04:30;52,9598
27.09.2025 04:45;52,606
27.09.2025 05:00;52,3972
27.09.2025 05:15;56,6486
27.09.2025 05:30;55,6684
27.09.2025 05:45;60,8478
27.09.2025 06:00;66,1838
27.09.2025 06:15;69,4898
27.09.2025 06:30;73,5614
27.09.2025 06:45;73,8166
27.09.2025 07:00;72,2216
27.09.2025 07:15;69,8494
27.09.2025 07:30;70,0524
27.09.2025 07:45;72,6856
27.09.2025 08:00;72,7088
27.09.2025 08:15;71,1022
27.09.2025 08:30;68,0572
27.09.2025 08:45;65,9866
27.09.2025 09:00;68,5154
27.09.2025 09:15;70,1046
27.09.2025 09:30;70,8586
27.09.2025 09:45;69,1012
27.09.2025 10:00;68,9794
27.09.2025 10:15;67,135
27.09.2025 10:30;67,0364
27.09.2025 10:45;70,354
27.09.2025 11:00;67,9412
27.09.2025 11:15;56,2948
27.09.2025 11:30;51,3822
27.09.2025 11:45;49,5958
27.09.2025 12:00;49,0854
27.09.2025 12:15;48,024
27.09.2025 12:30;48,0472
27.09.2025 12:45;47,792
27.09.2025 13:00;48,0414
27.09.2025 13:15;47,618
27.09.2025 13:30;47,8906
27.09.2025 13:45;48,4706
27.09.2025 14:00;47,4266
27.09.2025 14:15;47,734
27.09.2025 14:30;47,7804
27.09.2025 14:45;47,6934
27.09.2025 15:00;48,227
27.09.2025 15:15;47,8906
27.09.2025 15:30;47,5948
27.09.2025 15:45;47,444
27.09.2025 16:00;47,3744
27.09.2025 16:15;48,2444
27.09.2025 16:30;47,9138
27.09.2025 16:45;48,2792
27.09.2025 17:00;47,8384
27.09.2025 17:15;47,9312
27.09.2025 17:30;47,6818
27.09.2025 17:45;48,2038
27.09.2025 18:00;48,3778
27.09.2025 18:15;48,3488
27.09.2025 18:30;48,1458
27.09.2025 18:45;48,227
27.09.2025 19:00;48,5982
27.09.2025 19:15;48,111
27.09.2025 19:30;48,6504
27.09.2025 19:45;48,923
27.09.2025 20:00;49,0042
27.09.2025 20:15;50,1874
27.09.2025 20:30;50,3266
27.09.2025 20:45;51,5504
27.09.2025 21:00;51,6606
27.09.2025 21:15;52,2116
27.09.2025 21:30;52,7104
27.09.2025 21:45;53,9226
27.09.2025 22:00;54,4794
27.09.2025 22:15;54,9666
27.09.2025 22:30;54,8796
27.09.2025 22:45;55,0652
27.09.2025 23:00;55,0014
27.09.2025 23:15;49,6828
27.09.2025 23:30;51,2546
27.09.2025 23:45;51,7534
28.09.2025 00:00;51,359
28.09.2025 00:15;60,0648
28.09.2025 00:30;59,7748
28.09.2025 00:45;59,7632
28.09.2025 01:00;61,8048
28.09.2025 01:15;60,6448
28.09.2025 01:30;60,9232
28.09.2025 01:45;60,6448
28.09.2025 02:00;61,2248
28.09.2025 02:15;60,3548
28.09.2025 02:30;60,6332
28.09.2025 02:45;63,5448
28.09.2025 03:00;62,0948
28.09.2025 03:15;61,2132
28.09.2025 03:30;60,3548
28.09.2025 03:45;61,8048
28.09.2025 04:00;60,9348
28.09.2025 04:15;61,5032
28.09.2025 04:30;61,2248
28.09.2025 04:45;60,6448
28.09.2025 05:00;60,0648
28.09.2025 05:15;64,9832
28.09.2025 05:30;65,2848
28.09.2025 05:45;64,7048
28.09.2025 06:00;64,9948
28.09.2025 06:15;66,1432
28.09.2025 06:30;65,2848
28.09.2025 06:45;66,1548
28.09.2025 07:00;65,2732
28.09.2025 07:15;63,2548
28.09.2025 07:30;63,2548
28.09.2025 07:45;58,609
28.09.2025 08:00;56,7588
28.09.2025 08:15;57,1532
28.09.2025 08:30;59,1658
28.09.2025 08:45;57,217
28.09.2025 09:00;56,84
28.09.2025 09:15;57,2866
28.09.2025 09:30;56,1846
28.09.2025 09:45;56,8342
28.09.2025 10:00;56,4572
28.09.2025 10:15;58,0754
28.09.2025 10:30;56,6602
28.09.2025 10:45;57,4896
28.09.2025 11:00;57,4026
28.09.2025 11:15;55,4944
28.09.2025 11:30;57,5244
28.09.2025 11:45;56,028
28.09.2025 12:00;56,7762
28.09.2025 12:15;57,014
28.09.2025 12:30;55,5292
28.09.2025 12:45;52,9192
28.09.2025 13:00;52,1304
28.09.2025 13:15;51,6606
28.09.2025 13:30;53,1918
28.09.2025 13:45;51,1096
28.09.2025 14:00;51,8462
28.09.2025 14:15;51,1096
28.09.2025 14:30;50,7152
28.09.2025 14:45;51,1154
28.09.2025 15:00;51,6606
28.09.2025 15:15;50,0772
28.09.2025 15:30;50,8776
28.09.2025 15:45;50,663
28.09.2025 16:00;50,3962
28.09.2025 16:15;51,5678
28.09.2025 16:30;50,4252
28.09.2025 16:45;51,3822
28.09.2025 17:00;51,4054
28.09.2025 17:15;51,1676
28.09.2025 17:30;51,1792
28.09.2025 17:45;61,3872
28.09.2025 18:00;67,6628
28.09.2025 18:15;69,6348
28.09.2025 18:30;68,2834
28.09.2025 18:45;66,0446
28.09.2025 19:00;65,5632
28.09.2025 19:15;65,6154
28.09.2025 19:30;69,3448
28.09.2025 19:45;71,6648
28.09.2025 20:00;71,6532
28.09.2025 20:15;70,7948
28.09.2025 20:30;71,6648
28.09.2025 20:45;71,6764
28.09.2025 21:00;70,2148
28.09.2025 21:15;71,9548
28.09.2025 21:30;71,6648
28.09.2025 21:45;71,3748
28.09.2025 22:00;71,3748
28.09.2025 22:15;70,7948
28.09.2025 22:30;69,6348
28.09.2025 22:45;70,5048
28.09.2025 23:00;71,3748
28.09.2025 23:15;66,1548
28.09.2025 23:30;67,6048
28.09.2025 23:45;68,1848
29.09.2025 00:00;68,1848
29.09.2025 00:15;67,28
29.09.2025 00:30;67,28
29.09.2025 00:45;70,47
29.09.2025 01:00;68,15
29.09.2025 01:15;67,28
29.09.2025 01:30;68,44
29.09.2025 01:45;67,86
29.09.2025 02:00;67,57
29.09.2025 02:15;66,7
29.09.2025 02:30;67,86
29.09.2025 02:45;67,8948
29.09.2025 03:00;67,3148
29.09.2025 03:15;67,3148
29.09.2025 03:30;68,7764
29.09.2025 03:45;68,7648
29.09.2025 04:00;68,7648
29.09.2025 04:15;68,4748
29.09.2025 04:30;68,4748
29.09.2025 04:45;70,5048
29.09.2025 05:00;76,5948
29.09.2025 05:15;92,5448
29.09.2025 05:30;103,8548
29.09.2025 05:45;124,4448
29.09.2025 06:00;124,7348
29.09.2025 06:15;136,3348
29.09.2025 06:30;164,7548
29.09.2025 06:45;162,7132
29.09.2025 07:00;173,4548
29.09.2025 07:15;157,4932
29.09.2025 07:30;156,339
29.09.2025 07:45;177,915
29.09.2025 08:00;200,4538
29.09.2025 08:15;206,5728
29.09.2025 08:30;190,6228
29.09.2025 08:45;167,1444
29.09.2025 09:00;191,4
29.09.2025 09:15;204,5718
29.09.2025 09:30;220,7596
29.09.2025 09:45;201,4282
29.09.2025 10:00;204,5486
29.09.2025 10:15;195,0424
29.09.2025 10:30;198,9632
29.09.2025 10:45;202,0894
29.09.2025 11:00;209,119
29.09.2025 11:15;208,191
29.09.2025 11:30;208,8754
29.09.2025 11:45;195,3034
29.09.2025 12:00;194,5436
29.09.2025 12:15;173,5592
29.09.2025 12:30;192,2874
29.09.2025 12:45;219,617
29.09.2025 13:00;220,7596
29.09.2025 13:15;208,7362
29.09.2025 13:30;196,6142
29.09.2025 13:45;187,9606
29.09.2025 14:00;186,0118
29.09.2025 14:15;148,0798
29.09.2025 14:30;113,1116
29.09.2025 14:45;115,9942
29.09.2025 15:00;120,7676
29.09.2025 15:15;116,6902
29.09.2025 15:30;106,6098
29.09.2025 15:45;106,8476
29.09.2025 16:00;105,8616
29.09.2025 16:15;97,6082
29.09.2025 16:30;92,9044
29.09.2025 16:45;84,709
29.09.2025 17:00;82,6616
29.09.2025 17:15;60,6622
29.09.2025 17:30;60,668
29.09.2025 17:45;60,0242
29.09.2025 18:00;60,1808
29.09.2025 18:15;62,4718
29.09.2025 18:30;60,9812
29.09.2025 18:45;63,4462
29.09.2025 19:00;62,7444
29.09.2025 19:15;64,2408
29.09.2025 19:30;73,9848
29.09.2025 19:45;83,8448
29.09.2025 20:00;70,7948
29.09.2025 20:15;73,1148
29.09.2025 20:30;69,6348
29.09.2025 20:45;72,2448
29.09.2025 21:00;69,9248
29.09.2025 21:15;67,8948
29.09.2025 21:30;67,3148
29.09.2025 21:45;67,3148
29.09.2025 22:00;65,8648
29.09.2025 22:15;65,2848
29.09.2025 22:30;65,25
29.09.2025 22:45;69,6
29.09.2025 23:00;64,67
29.09.2025 23:15;60,03
29.09.2025 23:30;62,64
29.09.2025 23:45;61,19
30.09.2025 00:00;62,93
30.09.2025 00:15;62,0948
30.09.2025 00:30;62,3848
30.09.2025 00:45;62,9648
30.09.2025 01:00;63,8464
30.09.2025 01:15;60,3548
30.09.2025 01:30;60,9348
30.09.2025 01:45;62,6748
30.09.2025 02:00;60,3548
30.09.2025 02:15;63,5448
30.09.2025 02:30;61,8048
30.09.2025 02:45;59,7748
30.09.2025 03:00;60,9348
30.09.2025 03:15;74,2748
30.09.2025 03:30;76,8848
30.09.2025 03:45;78,3348
30.09.2025 04:00;76,5948
30.09.2025 04:15;73,4048
30.09.2025 04:30;74,2748
30.09.2025 04:45;74,8548
30.09.2025 05:00;78,6248
30.09.2025 05:15;93,9948
30.09.2025 05:30;109,0748
30.09.2025 05:45;126,7648
30.09.2025 06:00;128,7948
30.09.2025 06:15;157,7948
30.09.2025 06:30;176,6332
30.09.2025 06:45;184,1848
30.09.2025 07:00;195,7732
30.09.2025 07:15;175,4732
30.09.2025 07:30;181,569
30.09.2025 07:45;179,829
30.09.2025 08:00;178,1354
30.09.2025 08:15;188,0302
30.09.2025 08:30;174,3364
30.09.2025 08:45;165,3174
30.09.2025 09:00;165,474
30.09.2025 09:15;183,2858
30.09.2025 09:30;197,0782
30.09.2025 09:45;184,0688
30.09.2025 10:00;193,7954
30.09.2025 10:15;195,3962
30.09.2025 10:30;190,8142
30.09.2025 10:45;181,6502
30.09.2025 11:00;205,0764
30.09.2025 11:15;187,9316
30.09.2025 11:30;196,823
30.09.2025 11:45;195,7616
30.09.2025 12:00;185,1302
30.09.2025 12:15;156,774
30.09.2025 12:30;176,4302
30.09.2025 12:45;191,1042
30.09.2025 13:00;201,2832
30.09.2025 13:15;187,8852
30.09.2025 13:30;182,1026
30.09.2025 13:45;183,9644
30.09.2025 14:00;184,4458
30.09.2025 14:15;154,7614
30.09.2025 14:30;123,6908
30.09.2025 14:45;132,1472
30.09.2025 15:00;131,9674
30.09.2025 15:15;131,863
30.09.2025 15:30;118,7318
30.09.2025 15:45;109,939
30.09.2025 16:00;108,895
30.09.2025 16:15;104,3478
30.09.2025 16:30;101,8016
30.09.2025 16:45;102,1728
30.09.2025 17:00;100,5604
30.09.2025 17:15;103,0776
30.09.2025 17:30;70,6614
30.09.2025 17:45;64,0726
30.09.2025 18:00;63,9798
30.09.2025 18:15;63,2896
30.09.2025 18:30;64,815
30.09.2025 18:45;64,0668
30.09.2025 19:00;64,1712
30.09.2025 19:15;65,8706
30.09.2025 19:30;66,1548
30.09.2025 19:45;82,1048
30.09.2025 20:00;78,3348
30.09.2025 20:15;71,9548
30.09.2025 20:30;72,8248
30.09.2025 20:45;72,2448
30.09.2025 21:00;71,3748
30.09.2025 21:15;69,6348
30.09.2025 21:30;69,0432
30.09.2025 21:45;69,9248
30.09.2025 22:00;70,5048
30.09.2025 22:15;67,8948
30.09.2025 22:30;65,2848
30.09.2025 22:45;67,6048
30.09.2025 23:00;64,9948
30.09.2025 23:15;59,7748
30.09.2025 23:30;59,4732
30.09.2025 23:45;61,2248
01.10.2025 00:00;60,9348
01.10.2025 00:15;59,16
01.10.2025 00:30;58,58
01.10.2025 00:45;58,58
01.10.2025 01:00;58,58
01.10.2025 01:15;61,48
01.10.2025 01:30;60,61
01.10.2025 01:45;58,58
01.10.2025 02:00;59,45
01.10.2025 02:15;59,16
01.10.2025 02:30;58,29
01.10.2025 02:45;62,0948
01.10.2025 03:00;61,2248
01.10.2025 03:15;69,0548
01.10.2025 03:30;77,1748
01.10.2025 03:45;78,9148
01.10.2025 04:00;74,8548
01.10.2025 04:15;77,1748
01.10.2025 04:30;74,5648
01.10.2025 04:45;77,7548
01.10.2025 05:00;78,0332
01.10.2025 05:15;94,8648
01.10.2025 05:30;110,8148
01.10.2025 05:45;123,2848
01.10.2025 06:00;138,0748
01.10.2025 06:15;164,7548
01.10.2025 06:30;192,5832
01.10.2025 06:45;195,5006
01.10.2025 07:00;199,2706
01.10.2025 07:15;188,8016
01.10.2025 07:30;193,4648
01.10.2025 07:45;192,3048
01.10.2025 08:00;190,8432
01.10.2025 08:15;191,69
01.10.2025 08:30;194,2246
01.10.2025 08:45;167,2024
01.10.2025 09:00;178,4254
01.10.2025 09:15;206,8744
01.10.2025 09:30;221,6702
01.10.2025 09:45;210,772
01.10.2025 10:00;195,3788
01.10.2025 10:15;195,3904
01.10.2025 10:30;198,6268
01.10.2025 10:45;183,3554
01.10.2025 11:00;185,1824
01.10.2025 11:15;197,3102
01.10.2025 11:30;191,458
01.10.2025 11:45;188,4884
01.10.2025 12:00;173,7332
01.10.2025 12:15;155,1094
01.10.2025 12:30;165,3
01.10.2025 12:45;190,1124
01.10.2025 13:00;203,6438
01.10.2025 13:15;187,7924
01.10.2025 13:30;179,1794
01.10.2025 13:45;196,3648
01.10.2025 14:00;196,0806
01.10.2025 14:15;155,121
01.10.2025 14:30;121,916
01.10.2025 14:45;105,6818
01.10.2025 15:00;87,667
01.10.2025 15:15;85,2542
01.10.2025 15:30;81,3624
01.10.2025 15:45;83,9666
01.10.2025 16:00;79,6166
01.10.2025 16:15;74,6866
01.10.2025 16:30;76,1018
01.10.2025 16:45;72,1462
01.10.2025 17:00;72,8538
01.10.2025 17:15;72,5696
01.10.2025 17:30;67,1524
01.10.2025 17:45;57,8608
01.10.2025 18:00;59,0208
01.10.2025 18:15;57,8144
01.10.2025 18:30;57,971
01.10.2025 18:45;59,4036
01.10.2025 19:00;66,845
01.10.2025 19:15;79,0192
01.10.2025 19:30;77,1864
01.10.2025 19:45;72,8248
01.10.2025 20:00;73,9848
01.10.2025 20:15;69,9248
01.10.2025 20:30;72,8248
01.10.2025 20:45;72,5348
01.10.2025 21:00;69,6348
01.10.2025 21:15;68,1848
01.10.2025 21:30;69,3448
01.10.2025 21:45;71,0848
01.10.2025 22:00;68,1848
01.10.2025 22:15;61,2248
01.10.2025 22:30;61,48
01.10.2025 22:45;60,32
01.10.2025 23:00;56,84
01.10.2025 23:15;53,36
01.10.2025 23:30;53,94
01.10.2025 23:45;54,52
02.10.2025 00:00;52,49
02.10.2025 00:15;53,65
02.10.2025 00:30;56,84
02.10.2025 00:45;52,78
02.10.2025 01:00;54,52
02.10.2025 01:15;54,81
02.10.2025 01:30;54,52
02.10.2025 01:45;52,2
02.10.2025 02:00;52,78
02.10.2025 02:15;54,52
02.10.2025 02:30;52,49
02.10.2025 02:45;56,0164
02.10.2025 03:00;53,6848
02.10.2025 03:15;55,7148
02.10.2025 03:30;70,7948
02.10.2025 03:45;70,5048
02.10.2025 04:00;70,2148
02.10.2025 04:15;70,5048
02.10.2025 04:30;67,6048
02.10.2025 04:45;69,9248
02.10.2025 05:00;73,1148
02.10.2025 05:15;89,9348
02.10.2025 05:30;99,7948
02.10.2025 05:45;121,2548
02.10.2025 06:00;143,2948
02.10.2025 06:15;163,3048
02.10.2025 06:30;197,5248
02.10.2025 06:45;195,4948
02.10.2025 07:00;210,5748
02.10.2025 07:15;194,329
02.10.2025 07:30;192,6006
02.10.2025 07:45;186,9746
02.10.2025 08:00;176,3548
02.10.2025 08:15;183,4598
02.10.2025 08:30;177,1494
02.10.2025 08:45;156,3216
02.10.2025 09:00;174,551
02.10.2025 09:15;188,645
02.10.2025 09:30;198,0932
02.10.2025 09:45;190,849
02.10.2025 10:00;194,8046
02.10.2025 10:15;192,1192
02.10.2025 10:30;196,5736
02.10.2025 10:45;203,8294
02.10.2025 11:00;184,1442
02.10.2025 11:15;185,397
02.10.2025 11:30;188,4014
02.10.2025 11:45;178,5878
02.10.2025 12:00;168,2522
02.10.2025 12:15;147,1634
02.10.2025 12:30;156,745
02.10.2025 12:45;164,3256
02.10.2025 13:00;169,8936
02.10.2025 13:15;185,9596
02.10.2025 13:30;173,2518
02.10.2025 13:45;168,0782
02.10.2025 14:00;166,8022
02.10.2025 14:15;132,2574
02.10.2025 14:30;99,8064
02.10.2025 14:45;98,2578
02.10.2025 15:00;96,2394
02.10.2025 15:15;91,6226
02.10.2025 15:30;93,1654
02.10.2025 15:45;89,0242
02.10.2025 16:00;89,2678
02.10.2025 16:15;88,0672
02.10.2025 16:30;80,1734
02.10.2025 16:45;80,6722
02.10.2025 17:00;76,6934
02.10.2025 17:15;80,5504
02.10.2025 17:30;80,8694
02.10.2025 17:45;81,954
02.10.2025 18:00;73,805
02.10.2025 18:15;67,5062
02.10.2025 18:30;59,6414
02.10.2025 18:45;54,6708
02.10.2025 19:00;56,2078
02.10.2025 19:15;63,3012
02.10.2025 19:30;62,6748
02.10.2025 19:45;75,7248
02.10.2025 20:00;70,5048
02.10.2025 20:15;67,3148
02.10.2025 20:30;68,4748
02.10.2025 20:45;66,4448
02.10.2025 21:00;67,3148
02.10.2025 21:15;64,1364
02.10.2025 21:30;67,3148
02.10.2025 21:45;60,9348
02.10.2025 22:00;60,3548
02.10.2025 22:15;63,5448
02.10.2025 22:30;57,13
02.10.2025 22:45;58
02.10.2025 23:00;59,16
02.10.2025 23:15;51,62
02.10.2025 23:30;54,23
02.10.2025 23:45;54,52
03.10.2025 00:00;52,49
03.10.2025 00:15;56,84
03.10.2025 00:30;53,94
03.10.2025 00:45;53,36
03.10.2025 01:00;57,13
03.10.2025 01:15;53,94
03.10.2025 01:30;53,94
03.10.2025 01:45;55,1
03.10.2025 02:00;55,39
03.10.2025 02:15;52,78
03.10.2025 02:30;55,39
03.10.2025 02:45;54,5548
03.10.2025 03:00;53,6848
03.10.2025 03:15;54,8448
03.10.2025 03:30;54,5548
03.10.2025 03:45;54,8564
03.10.2025 04:00;56,0048
03.10.2025 04:15;54,2648
03.10.2025 04:30;54,5548
03.10.2025 04:45;55,4248
03.10.2025 05:00;53,3948
03.10.2025 05:15;60,3548
03.10.2025 05:30;59,2064
03.10.2025 05:45;57,7448
03.10.2025 06:00;58,9048
03.10.2025 06:15;60,6448
03.10.2025 06:30;58,0348
03.10.2025 06:45;60,6448
03.10.2025 07:00;59,2064
03.10.2025 07:15;59,1948
03.10.2025 07:30;57,7448
03.10.2025 07:45;51,6548
03.10.2025 08:00;52,0956
03.10.2025 08:15;52,142
03.10.2025 08:30;50,286
03.10.2025 08:45;53,9052
03.10.2025 09:00;52,4726
03.10.2025 09:15;49,5378
03.10.2025 09:30;51,4866
03.10.2025 09:45;50,9298
03.10.2025 10:00;50,6804
03.10.2025 10:15;50,75
03.10.2025 10:30;50,8196
03.10.2025 10:45;50,0656
03.10.2025 11:00;51,3126
03.10.2025 11:15;50,8776
03.10.2025 11:30;48,5228
03.10.2025 11:45;48,7954
03.10.2025 12:00;49,039
03.10.2025 12:15;49,416
03.10.2025 12:30;48,6562
03.10.2025 12:45;48,6272
03.10.2025 13:00;49,9554
03.10.2025 13:15;50,2628
03.10.2025 13:30;48,7084
03.10.2025 13:45;49,2362
03.10.2025 14:00;49,2478
03.10.2025 14:15;49,4972
03.10.2025 14:30;52,3914
03.10.2025 14:45;48,952
03.10.2025 15:00;49,2188
03.10.2025 15:15;49,9554
03.10.2025 15:30;49,2942
03.10.2025 15:45;49,2014
03.10.2025 16:00;49,416
03.10.2025 16:15;49,9032
03.10.2025 16:30;49,59
03.10.2025 16:45;49,4392
03.10.2025 17:00;49,7408
03.10.2025 17:15;50,8138
03.10.2025 17:30;48,8882
03.10.2025 17:45;50,7094
03.10.2025 18:00;49,8974
03.10.2025 18:15;50,0076
03.10.2025 18:30;50,025
03.10.2025 18:45;49,9264
03.10.2025 19:00;53,9748
03.10.2025 19:15;61,2132
03.10.2025 19:30;63,5448
03.10.2025 19:45;63,8232
03.10.2025 20:00;62,6748
03.10.2025 20:15;64,1248
03.10.2025 20:30;62,9648
03.10.2025 20:45;63,5332
03.10.2025 21:00;64,4148
03.10.2025 21:15;65,5748
03.10.2025 21:30;66,4332
03.10.2025 21:45;63,5448
03.10.2025 22:00;63,5448
03.10.2025 22:15;63,2548
03.10.2025 22:30;62,93
03.10.2025 22:45;62,35
03.10.2025 23:00;63,22
03.10.2025 23:15;59,74
03.10.2025 23:30;58
03.10.2025 23:45;60,32
04.10.2025 00:00;60,03
04.10.2025 00:15;59,74
04.10.2025 00:30;60,9
04.10.2025 00:45;59,74
04.10.2025 01:00;58,87
04.10.2025 01:15;60,32
04.10.2025 01:30;61,48
04.10.2025 01:45;60,61
04.10.2025 02:00;60,9
04.10.2025 02:15;60,61
04.10.2025 02:30;60,9
04.10.2025 02:45;61,2132
04.10.2025 03:00;60,0648
04.10.2025 03:15;59,7748
04.10.2025 03:30;61,8048
04.10.2025 03:45;60,0648
04.10.2025 04:00;59,4732
04.10.2025 04:15;61,2248
04.10.2025 04:30;59,7748
04.10.2025 04:45;62,0948
04.10.2025 05:00;65,8648
04.10.2025 05:15;71,6648
04.10.2025 05:30;76,2932
04.10.2025 05:45;79,4948
04.10.2025 06:00;85,2948
04.10.2025 06:15;89,6448
04.10.2025 06:30;102,6948
04.10.2025 06:45;106,1632
04.10.2025 07:00;115,1648
04.10.2025 07:15;109,9448
04.10.2025 07:30;118,6448
04.10.2025 07:45;104,1332
04.10.2025 08:00;101,8248
04.10.2025 08:15;103,3096
04.10.2025 08:30;98,7972
04.10.2025 08:45;90,9208
04.10.2025 09:00;91,147
04.10.2025 09:15;102,689
04.10.2025 09:30;107,7698
04.10.2025 09:45;92,0982
04.10.2025 10:00;92,916
04.10.2025 10:15;92,1446
04.10.2025 10:30;92,5332
04.10.2025 10:45;98,4202
04.10.2025 11:00;97,2776
04.10.2025 11:15;82,882
04.10.2025 11:30;55,7496
04.10.2025 11:45;57,072
04.10.2025 12:00;55,0246
04.10.2025 12:15;57,5128
04.10.2025 12:30;54,7288
04.10.2025 12:45;55,9236
04.10.2025 13:00;57,5302
04.10.2025 13:15;54,2938
04.10.2025 13:30;55,4886
04.10.2025 13:45;55,8772
04.10.2025 14:00;53,8936
04.10.2025 14:15;54,2938
04.10.2025 14:30;54,4446
04.10.2025 14:45;55,6858
04.10.2025 15:00;53,9284
04.10.2025 15:15;55,2276
04.10.2025 15:30;55,1116
04.10.2025 15:45;54,6998
04.10.2025 16:00;54,9434
04.10.2025 16:15;54,665
04.10.2025 16:30;55,3088
04.10.2025 16:45;54,9144
04.10.2025 17:00;55,274
04.10.2025 17:15;56,144
04.10.2025 17:30;56,5558
04.10.2025 17:45;55,5002
04.10.2025 18:00;52,3276
04.10.2025 18:15;52,1594
04.10.2025 18:30;51,4866
04.10.2025 18:45;49,8916
04.10.2025 19:00;53,1048
04.10.2025 19:15;56,2832
04.10.2025 19:30;58,0232
04.10.2025 19:45;59,1832
04.10.2025 20:00;57,7332
04.10.2025 20:15;59,4848
04.10.2025 20:30;58,3132
04.10.2025 20:45;60,0532
04.10.2025 21:00;58,8932
04.10.2025 21:15;58,9048
04.10.2025 21:30;62,3732
04.10.2025 21:45;58,8932
04.10.2025 22:00;58,6032
04.10.2025 22:15;57,4548
04.10.2025 22:30;56,84
04.10.2025 22:45;59,16
04.10.2025 23:00;58
04.10.2025 23:15;53,65
04.10.2025 23:30;53,94
04.10.2025 23:45;53,36
05.10.2025 00:00;56,26
05.10.2025 00:15;53,94
05.10.2025 00:30;53,36
05.10.2025 00:45;55,68
05.10.2025 01:00;53,94
05.10.2025 01:15;55,97
05.10.2025 01:30;53,65
05.10.2025 01:45;53,65
05.10.2025 02:00;57,13
05.10.2025 02:15;52,78
05.10.2025 02:30;55,39
05.10.2025 02:45;53,9632
05.10.2025 03:00;53,9632
05.10.2025 03:15;56,2948
05.10.2025 03:30;53,3832
05.10.2025 03:45;55,7148
05.10.2025 04:00;54,2532
05.10.2025 04:15;54,8332
05.10.2025 04:30;55,1348
05.10.2025 04:45;53,3832
05.10.2025 05:00;56,0048
05.10.2025 05:15;60,0532
05.10.2025 05:30;58,8932
05.10.2025 05:45;66,4448
05.10.2025 06:00;59,1832
05.10.2025 06:15;60,3432
05.10.2025 06:30;58,9048
05.10.2025 06:45;58,8932
05.10.2025 07:00;60,0648
05.10.2025 07:15;59,1832
05.10.2025 07:30;59,1832
05.10.2025 07:45;55,1406
05.10.2025 08:00;50,6688
05.10.2025 08:15;53,9574
05.10.2025 08:30;51,156
05.10.2025 08:45;52,8844
05.10.2025 09:00;51,3126
05.10.2025 09:15;51,9274
05.10.2025 09:30;52,5654
05.10.2025 09:45;50,0772
05.10.2025 10:00;51,6258
05.10.2025 10:15;51,6316
05.10.2025 10:30;49,6364
05.10.2025 10:45;51,2894
05.10.2025 11:00;49,3
05.10.2025 11:15;49,9554
05.10.2025 11:30;49,4044
05.10.2025 11:45;49,9322
05.10.2025 12:00;49,8162
05.10.2025 12:15;50,7268
05.10.2025 12:30;50,315
05.10.2025 12:45;50,0192
05.10.2025 13:00;50,3034
05.10.2025 13:15;49,0912
05.10.2025 13:30;48,9984
05.10.2025 13:45;50,2454
05.10.2025 14:00;50,634
05.10.2025 14:15;50,4078
05.10.2025 14:30;50,1468
05.10.2025 14:45;51,1328
05.10.2025 15:00;49,532
05.10.2025 15:15;49,8858
05.10.2025 15:30;49,6306
05.10.2025 15:45;50,1004
05.10.2025 16:00;63,1388
05.10.2025 16:15;66,932
05.10.2025 16:30;67,2278
05.10.2025 16:45;64,2234
05.10.2025 17:00;62,7328
05.10.2025 17:15;62,7212
05.10.2025 17:30;61,7758
05.10.2025 17:45;62,8372
05.10.2025 18:00;61,4162
05.10.2025 18:15;63,6144
05.10.2025 18:30;61,5554
05.10.2025 18:45;61,8628
05.10.2025 19:00;65,482
05.10.2025 19:15;68,7532
05.10.2025 19:30;68,1732
05.10.2025 19:45;69,0548
05.10.2025 20:00;70,2032
05.10.2025 20:15;70,4932
05.10.2025 20:30;69,9248
05.10.2025 20:45;70,2032
05.10.2025 21:00;70,2148
05.10.2025 21:15;70,7832
05.10.2025 21:30;69,9248
05.10.2025 21:45;70,2032
05.10.2025 22:00;68,7648
05.10.2025 22:15;69,0432
05.10.2025 22:30;68,44
05.10.2025 22:45;68,73
05.10.2025 23:00;70,47
05.10.2025 23:15;64,67
05.10.2025 23:30;64,96
05.10.2025 23:45;66,12
06.10.2025 00:00;65,25
06.10.2025 00:15;65,25
06.10.2025 00:30;66,99
06.10.2025 00:45;65,83
06.10.2025 01:00;65,83
06.10.2025 01:15;66,12
06.10.2025 01:30;66,12
06.10.2025 01:45;66,41
06.10.2025 02:00;66,12
06.10.2025 02:15;66,41
06.10.2025 02:30;66,7
06.10.2025 02:45;66,1432
06.10.2025 03:00;67,0248
06.10.2025 03:15;66,1606
06.10.2025 03:30;67,8832
06.10.2025 03:45;65,8648
06.10.2025 04:00;67,3032
06.10.2025 04:15;66,4448
06.10.2025 04:30;67,8832
06.10.2025 04:45;70,5048
06.10.2025 05:00;73,9848
06.10.2025 05:15;91,9532
06.10.2025 05:30;105,8848
06.10.2025 05:45;121,8232
06.10.2025 06:00;133,1332
06.10.2025 06:15;160,1148
06.10.2025 06:30;183,8774
06.10.2025 06:45;207,3616
06.10.2025 07:00;197,78
06.10.2025 07:15;176,6448
06.10.2025 07:30;171,1232
06.10.2025 07:45;179,249
06.10.2025 08:00;181,3196
06.10.2025 08:15;181,8242
06.10.2025 08:30;166,1004
06.10.2025 08:45;140,8762
06.10.2025 09:00;159,0592
06.10.2025 09:15;172,869
06.10.2025 09:30;177,2422
06.10.2025 09:45;196,3938
06.10.2025 10:00;197,6872
06.10.2025 10:15;190,2342
06.10.2025 10:30;180,2002
06.10.2025 10:45;175,7342
06.10.2025 11:00;171,506
06.10.2025 11:15;170,1894
06.10.2025 11:30;166,0714
06.10.2025 11:45;162,8176
06.10.2025 12:00;157,4758
06.10.2025 12:15;125,918
06.10.2025 12:30;137,112
06.10.2025 12:45;166,3788
06.10.2025 13:00;185,1592
06.10.2025 13:15;178,4892
06.10.2025 13:30;161,5996
06.10.2025 13:45;163,2294
06.10.2025 14:00;163,5948
06.10.2025 14:15;152,134
06.10.2025 14:30;135,3778
06.10.2025 14:45;135,2734
06.10.2025 15:00;129,485
06.10.2025 15:15;115,4258
06.10.2025 15:30;86,9188
06.10.2025 15:45;73,8688
06.10.2025 16:00;64,467
06.10.2025 16:15;64,0146
06.10.2025 16:30;59,5718
06.10.2025 16:45;60,7202
06.10.2025 17:00;43,8132
06.10.2025 17:15;45,0718
06.10.2025 17:30;45,9186
06.10.2025 17:45;45,4778
06.10.2025 18:00;41,3714
06.10.2025 18:15;40,4666
06.10.2025 18:30;43,3666
06.10.2025 18:45;41,7832
06.10.2025 19:00;44,1032
06.10.2025 19:15;48,4648
06.10.2025 19:30;54,2532
06.10.2025 19:45;53,1048
06.10.2025 20:00;45,8432
06.10.2025 20:15;49,3232
06.10.2025 20:30;48,7548
06.10.2025 20:45;48,4532
06.10.2025 21:00;48,1748
06.10.2025 21:15;43,2332
06.10.2025 21:30;45,8432
06.10.2025 21:45;41,7948
06.10.2025 22:00;45,2632
06.10.2025 22:15;40,3448
06.10.2025 22:30;44,66
06.10.2025 22:45;40,89
06.10.2025 23:00;42,63
06.10.2025 23:15;36,54
06.10.2025 23:30;39,15
06.10.2025 23:45;38,57
07.10.2025 00:00;40,31
07.10.2025 00:15;40,31
07.10.2025 00:30;37,7
07.10.2025 00:45;40,6
07.10.2025 01:00;38,28
07.10.2025 01:15;42,05
07.10.2025 01:30;38,86
07.10.2025 01:45;39,15
07.10.2025 02:00;40,89
07.10.2025 02:15;37,7
07.10.2025 02:30;40,89
07.10.2025 02:45;40,6232
07.10.2025 03:00;37,7348
07.10.2025 03:15;40,0432
07.10.2025 03:30;50,7848
07.10.2025 03:45;55,1232
07.10.2025 04:00;57,4548
07.10.2025 04:15;55,9932
07.10.2025 04:30;53,9632
07.10.2025 04:45;58,6148
07.10.2025 05:00;61,7932
07.10.2025 05:15;79,4948
07.10.2025 05:30;89,0648
07.10.2025 05:45;106,1632
07.10.2025 06:00;109,3532
07.10.2025 06:15;140,0932
07.10.2025 06:30;159,5232
07.10.2025 06:45;162,9916
07.10.2025 07:00;172,8632
07.10.2025 07:15;157,7716
07.10.2025 07:30;162,7132
07.10.2025 07:45;168,5132
07.10.2025 08:00;156,6348
07.10.2025 08:15;156,0664
07.10.2025 08:30;162,313
07.10.2025 08:45;140,447
07.10.2025 09:00;157,702
07.10.2025 09:15;175,1426
07.10.2025 09:30;164,6446
07.10.2025 09:45;173,2982
07.10.2025 10:00;184,846
07.10.2025 10:15;175,1194
07.10.2025 10:30;170,6534
07.10.2025 10:45;179,887
07.10.2025 11:00;168,6466
07.10.2025 11:15;170,114
07.10.2025 11:30;170,9434
07.10.2025 11:45;165,4914
07.10.2025 12:00;149,8778
07.10.2025 12:15;137,5122
07.10.2025 12:30;149,2514
07.10.2025 12:45;192,5078
07.10.2025 13:00;183,2742
07.10.2025 13:15;164,3488
07.10.2025 13:30;169,2846
07.10.2025 13:45;160,3178
07.10.2025 14:00;145
07.10.2025 14:15;128,992
07.10.2025 14:30;107,6306
07.10.2025 14:45;105,096
07.10.2025 15:00;100,3864
07.10.2025 15:15;91,9474
07.10.2025 15:30;92,2084
07.10.2025 15:45;87,0638
07.10.2025 16:00;84,7728
07.10.2025 16:15;83,9782
07.10.2025 16:30;85,7298
07.10.2025 16:45;78,6828
07.10.2025 17:00;51,1154
07.10.2025 17:15;46,0868
07.10.2025 17:30;48,2386
07.10.2025 17:45;47,357
07.10.2025 18:00;46,0694
07.10.2025 18:15;50,5992
07.10.2025 18:30;46,748
07.10.2025 18:45;47,5426
07.10.2025 19:00;49,0332
07.10.2025 19:15;52,8148
07.10.2025 19:30;54,5432
07.10.2025 19:45;69,6348
07.10.2025 20:00;65,5632
07.10.2025 20:15;57,1648
07.10.2025 20:30;57,7332
07.10.2025 20:45;57,4548
07.10.2025 21:00;56,2948
07.10.2025 21:15;57,4432
07.10.2025 21:30;56,2948
07.10.2025 21:45;61,7932
07.10.2025 22:00;47,8848
07.10.2025 22:15;44,6948
07.10.2025 22:30;42,05
07.10.2025 22:45;41,47
07.10.2025 23:00;42,63
07.10.2025 23:15;35,38
07.10.2025 23:30;38,28
07.10.2025 23:45;39,73
08.10.2025 00:00;37,41
08.10.2025 00:15;39,73
08.10.2025 00:30;39,15
08.10.2025 00:45;39,15
08.10.2025 01:00;39,44
08.10.2025 01:15;39,15
08.10.2025 01:30;36,25
08.10.2025 01:45;38,28
08.10.2025 02:00;40,31
08.10.2025 02:15;37,41
08.10.2025 02:30;38,86
08.10.2025 02:45;40,6348
08.10.2025 03:00;38,8948
08.10.2025 03:15;42,3748
08.10.2025 03:30;56,5732
08.10.2025 03:45;55,1348
08.10.2025 04:00;53,9748
08.10.2025 04:15;55,9932
08.10.2025 04:30;55,7148
08.10.2025 04:45;53,6848
08.10.2025 05:00;61,2132
08.10.2025 05:15;76,5948
08.10.2025 05:30;91,0832
08.10.2025 05:45;104,7248
08.10.2025 06:00;114,5848
08.10.2025 06:15;149,6632
08.10.2025 06:30;194,619
08.10.2025 06:45;195,2048
08.10.2025 07:00;183,5932
08.10.2025 07:15;160,1032
08.10.2025 07:30;166,1932
08.10.2025 07:45;185,339
08.10.2025 08:00;185,0432
08.10.2025 08:15;180,2466
08.10.2025 08:30;167,504
08.10.2025 08:45;143,3412
08.10.2025 09:00;168,3334
08.10.2025 09:15;187,4734
08.10.2025 09:30;193,372
08.10.2025 09:45;189,805
08.10.2025 10:00;197,2406
08.10.2025 10:15;193,9578
08.10.2025 10:30;177,5496
08.10.2025 10:45;180,4844
08.10.2025 11:00;194,3232
08.10.2025 11:15;208,1678
08.10.2025 11:30;189,9152
08.10.2025 11:45;188,8306
08.10.2025 12:00;161,2864
08.10.2025 12:15;133,5682
08.10.2025 12:30;154,6454
08.10.2025 12:45;199,636
08.10.2025 13:00;198,998
08.10.2025 13:15;196,649
08.10.2025 13:30;186,441
08.10.2025 13:45;158,92
08.10.2025 14:00;155,4632
08.10.2025 14:15;145,5452
08.10.2025 14:30;123,9982
08.10.2025 14:45;118,3026
08.10.2025 15:00;120,0426
08.10.2025 15:15;115,1706
08.10.2025 15:30;83,926
08.10.2025 15:45;81,0492
08.10.2025 16:00;81,0144
08.10.2025 16:15;76,5426
08.10.2025 16:30;72,9582
08.10.2025 16:45;67,2278
08.10.2025 17:00;50,286
08.10.2025 17:15;34,7884
08.10.2025 17:30;38,628
08.10.2025 17:45;34,8406
08.10.2025 18:00;33,0484
08.10.2025 18:15;37,0272
08.10.2025 18:30;42,2414
08.10.2025 18:45;31,6332
08.10.2025 19:00;38,5932
08.10.2025 19:15;41,5048
08.10.2025 19:30;43,2332
08.10.2025 19:45;45,5532
08.10.2025 20:00;42,6532
08.10.2025 20:15;42,3748
08.10.2025 20:30;43,5232
08.10.2025 20:45;44,1032
08.10.2025 21:00;44,6948
08.10.2025 21:15;54,5432
08.10.2025 21:30;57,7332
08.10.2025 21:45;46,1332
08.10.2025 22:00;45,2748
08.10.2025 22:15;41,4932
08.10.2025 22:30;42,92
08.10.2025 22:45;44,08
08.10.2025 23:00;43,21
08.10.2025 23:15;34,8
08.10.2025 23:30;32,48
08.10.2025 23:45;32,48
09.10.2025 00:00;32,19
09.10.2025 00:15;31,9
09.10.2025 00:30;32,19
09.10.2025 00:45;32,48
09.10.2025 01:00;32,19
09.10.2025 01:15;33,35
09.10.2025 01:30;32,48
09.10.2025 01:45;31,9
09.10.2025 02:00;32,48
09.10.2025 02:15;32,48
09.10.2025 02:30;32,19
09.10.2025 02:45;33,6632
09.10.2025 03:00;35,4032
09.10.2025 03:15;60,3548
09.10.2025 03:30;62,9532
09.10.2025 03:45;78,9032
09.10.2025 04:00;79,7848
09.10.2025 04:15;80,6432
09.10.2025 04:30;78,3232
09.10.2025 04:45;80,3648
09.10.2025 05:00;84,1232
09.10.2025 05:15;98,9248
09.10.2025 05:30;114,2832
09.10.2025 05:45;102,1032
09.10.2025 06:00;106,4648
09.10.2025 06:15;128,2032
09.10.2025 06:30;176,3432
09.10.2025 06:45;188,21
09.10.2025 07:00;174,6032
09.10.2025 07:15;133,1216
09.10.2025 07:30;149,0716
09.10.2025 07:45;173,1648
09.10.2025 08:00;179,9856
09.10.2025 08:15;187,6126
09.10.2025 08:30;165,9148
09.10.2025 08:45;125,6454
09.10.2025 09:00;154,048
09.10.2025 09:15;177,132
09.10.2025 09:30;179,3418
09.10.2025 09:45;178,8952
09.10.2025 10:00;155,1906
09.10.2025 10:15;162,8118
09.10.2025 10:30;150,9798
09.10.2025 10:45;164,4416
09.10.2025 11:00;161,1008
09.10.2025 11:15;166,3266
09.10.2025 11:30;170,81
09.10.2025 11:45;175,4036
09.10.2025 12:00;151,2582
09.10.2025 12:15;126,5734
09.10.2025 12:30;153,5724
09.10.2025 12:45;187,92
09.10.2025 13:00;161,3734
09.10.2025 13:15;158,4096
09.10.2025 13:30;166,0482
09.10.2025 13:45;139,6698
09.10.2025 14:00;153,7348
09.10.2025 14:15;140,4296
09.10.2025 14:30;115,8434
09.10.2025 14:45;110,0318
09.10.2025 15:00;120,4834
09.10.2025 15:15;113,8192
09.10.2025 15:30;83,1488
09.10.2025 15:45;82,3252
09.10.2025 16:00;82,3658
09.10.2025 16:15;73,3178
09.10.2025 16:30;68,8286
09.10.2025 16:45;63,3186
09.10.2025 17:00;59,6124
09.10.2025 17:15;51,4054
09.10.2025 17:30;44,5614
09.10.2025 17:45;43,5812
09.10.2025 18:00;42,2878
09.10.2025 18:15;41,9746
09.10.2025 18:30;39,9678
09.10.2025 18:45;39,295
09.10.2025 19:00;47,4788
09.10.2025 19:15;44,1032
09.10.2025 19:30;49,0448
09.10.2025 19:45;65,5632
09.10.2025 20:00;51,0632
09.10.2025 20:15;50,4948
09.10.2025 20:30;51,6432
09.10.2025 20:45;49,6248
09.10.2025 21:00;48,7432
09.10.2025 21:15;51,6548
09.10.2025 21:30;52,5132
09.10.2025 21:45;47,5948
09.10.2025 22:00;45,8432
09.10.2025 22:15;46,4348
09.10.2025 22:30;43,21
09.10.2025 22:45;44,37
09.10.2025 23:00;45,53
09.10.2025 23:15;36,83
09.10.2025 23:30;39,44
09.10.2025 23:45;41,76
10.10.2025 00:00;39,15
10.10.2025 00:15;39,73
10.10.2025 00:30;40,89
10.10.2025 00:45;39,73
10.10.2025 01:00;37,99
10.10.2025 01:15;40,89
10.10.2025 01:30;40,89
10.10.2025 01:45;38,86
10.10.2025 02:00;38,86
10.10.2025 02:15;41,76
10.10.2025 02:30;39,73
10.10.2025 02:45;40,0548
10.10.2025 03:00;41,4932
10.10.2025 03:15;40,6348
10.10.2025 03:30;39,1732
10.10.2025 03:45;51,6548
10.10.2025 04:00;57,7332
10.10.2025 04:15;55,7148
10.10.2025 04:30;56,5732
10.10.2025 04:45;61,5148
10.10.2025 05:00;64,4148
10.10.2025 05:15;78,0332
10.10.2025 05:30;94,5748
10.10.2025 05:45;103,5532
10.10.2025 06:00;116,0348
10.10.2025 06:15;142,4132
10.10.2025 06:30;175,7632
10.10.2025 06:45;180,3916
10.10.2025 07:00;181,5632
10.10.2025 07:15;160,3816
10.10.2025 07:30;160,9732
10.10.2025 07:45;183,3148
10.10.2025 08:00;191,7016
10.10.2025 08:15;171,216
10.10.2025 08:30;163,3918
10.10.2025 08:45;138,156
10.10.2025 09:00;156,2578
10.10.2025 09:15;194,6074
10.10.2025 09:30;222,227
10.10.2025 09:45;184,8054
10.10.2025 10:00;180,293
10.10.2025 10:15;205,7608
10.10.2025 10:30;165,2768
10.10.2025 10:45;179,0808
10.10.2025 11:00;166,0134
10.10.2025 11:15;171,8366
10.10.2025 11:30;160,9094
10.10.2025 11:45;153,439
10.10.2025 12:00;137,8254
10.10.2025 12:15;106,981
10.10.2025 12:30;81,5828
10.10.2025 12:45;70,615
10.10.2025 13:00;72,1056
10.10.2025 13:15;58,1276
10.10.2025 13:30;58,5974
10.10.2025 13:45;55,6626
10.10.2025 14:00;55,129
10.10.2025 14:15;54,2474
10.10.2025 14:30;52,1304
10.10.2025 14:45;53,2266
10.10.2025 15:00;50,3498
10.10.2025 15:15;44,3468
10.10.2025 15:30;42,8968
10.10.2025 15:45;42,891
10.10.2025 16:00;33,7908
10.10.2025 16:15;30,856
10.10.2025 16:30;33,0252
10.10.2025 16:45;32,7236
10.10.2025 17:00;32,9324
10.10.2025 17:15;34,3766
10.10.2025 17:30;33,6342
10.10.2025 17:45;31,5868
10.10.2025 18:00;30,972
10.10.2025 18:15;30,7748
10.10.2025 18:30;33,6864
10.10.2025 18:45;30,711
10.10.2025 19:00;34,6666
10.10.2025 19:15;35,6932
10.10.2025 19:30;39,1848
10.10.2025 19:45;36,5632
10.10.2025 20:00;38,3148
10.10.2025 20:15;38,8832
10.10.2025 20:30;38,0248
10.10.2025 20:45;39,4632
10.10.2025 21:00;39,7648
10.10.2025 21:15;39,1732
10.10.2025 21:30;37,4448
10.10.2025 21:45;40,0432
10.10.2025 22:00;37,7348
10.10.2025 22:15;37,7348
10.10.2025 22:30;37,41
10.10.2025 22:45;35,67
10.10.2025 23:00;38,86
10.10.2025 23:15;31,9
10.10.2025 23:30;35,09
10.10.2025 23:45;33,35
11.10.2025 00:00;35,09
11.10.2025 00:15;34,8
11.10.2025 00:30;35,09
11.10.2025 00:45;33,93
11.10.2025 01:00;34,51
11.10.2025 01:15;34,22
11.10.2025 01:30;35,38
11.10.2025 01:45;34,22
11.10.2025 02:00;34,51
11.10.2025 02:15;34,51
11.10.2025 02:30;35,38
11.10.2025 02:45;36,5748
11.10.2025 03:00;36,2732
11.10.2025 03:15;35,4148
11.10.2025 03:30;36,8648
11.10.2025 03:45;36,8532
11.10.2025 04:00;35,9948
11.10.2025 04:15;33,3732
11.10.2025 04:30;36,2848
11.10.2025 04:45;36,2848
11.10.2025 05:00;47,5832
11.10.2025 05:15;56,8748
11.10.2025 05:30;60,0532
11.10.2025 05:45;69,0548
11.10.2025 06:00;85,2948
11.10.2025 06:15;99,7832
11.10.2025 06:30;131,6716
11.10.2025 06:45;116,0348
11.10.2025 07:00;129,9432
11.10.2025 07:15;105,589
11.10.2025 07:30;102,4048
11.10.2025 07:45;107,6132
11.10.2025 08:00;103,2748
11.10.2025 08:15;105,8674
11.10.2025 08:30;89,0532
11.10.2025 08:45;84,7844
11.10.2025 09:00;98,1012
11.10.2025 09:15;107,2246
11.10.2025 09:30;106,198
11.10.2025 09:45;106,6098
11.10.2025 10:00;102,863
11.10.2025 10:15;90,0276
11.10.2025 10:30;95,584
11.10.2025 10:45;99,0002
11.10.2025 11:00;88,9314
11.10.2025 11:15;67,3786
11.10.2025 11:30;76,2236
11.10.2025 11:45;66,6478
11.10.2025 12:00;60,8826
11.10.2025 12:15;53,418
11.10.2025 12:30;37,2998
11.10.2025 12:45;31,9986
11.10.2025 13:00;34,7942
11.10.2025 13:15;32,4916
11.10.2025 13:30;33,5936
11.10.2025 13:45;33,1644
11.10.2025 14:00;33,756
11.10.2025 14:15;33,263
11.10.2025 14:30;32,7178
11.10.2025 14:45;33,437
11.10.2025 15:00;33,0716
11.10.2025 15:15;33,6052
11.10.2025 15:30;32,7468
11.10.2025 15:45;34,3186
11.10.2025 16:00;32,5554
11.10.2025 16:15;35,2524
11.10.2025 16:30;31,8768
11.10.2025 16:45;34,5622
11.10.2025 17:00;32,5844
11.10.2025 17:15;35,0378
11.10.2025 17:30;33,6342
11.10.2025 17:45;34,1968
11.10.2025 18:00;33,9068
11.10.2025 18:15;33,727
11.10.2025 18:30;34,5796
11.10.2025 18:45;34,916
11.10.2025 19:00;40,0432
11.10.2025 19:15;42,3748
11.10.2025 19:30;43,5232
11.10.2025 19:45;41,2148
11.10.2025 20:00;42,9432
11.10.2025 20:15;40,6232
11.10.2025 20:30;43,5348
11.10.2025 20:45;44,1032
11.10.2025 21:00;41,5048
11.10.2025 21:15;44,1032
11.10.2025 21:30;43,5348
11.10.2025 21:45;41,4932
11.10.2025 22:00;43,2448
11.10.2025 22:15;40,6232
11.10.2025 22:30;40,6
11.10.2025 22:45;42,34
11.10.2025 23:00;42,63
11.10.2025 23:15;34,8
11.10.2025 23:30;37,99
11.10.2025 23:45;39,44
12.10.2025 00:00;39,15
12.10.2025 00:15;37,41
12.10.2025 00:30;39,15
12.10.2025 00:45;39,73
12.10.2025 01:00;37,99
12.10.2025 01:15;37,41
12.10.2025 01:30;38,86
12.10.2025 01:45;40,02
12.10.2025 02:00;38,28
12.10.2025 02:15;37,7
12.10.2025 02:30;39,73
12.10.2025 02:45;40,3448
12.10.2025 03:00;39,4632
12.10.2025 03:15;38,8948
12.10.2025 03:30;40,9132
12.10.2025 03:45;38,8948
12.10.2025 04:00;39,4632
12.10.2025 04:15;39,7648
12.10.2025 04:30;38,0132
12.10.2025 04:45;38,6048
12.10.2025 05:00;39,1848
12.10.2025 05:15;42,9432
12.10.2025 05:30;48,1748
12.10.2025 05:45;53,3832
12.10.2025 06:00;55,4248
12.10.2025 06:15;51,0632
12.10.2025 06:30;61,8048
12.10.2025 06:45;58,8932
12.10.2025 07:00;63,5448
12.10.2025 07:15;58,0232
12.10.2025 07:30;61,8048
12.10.2025 07:45;55,9932
12.10.2025 08:00;47,357
12.10.2025 08:15;47,2004
12.10.2025 08:30;46,1042
12.10.2025 08:45;44,6194
12.10.2025 09:00;45,559
12.10.2025 09:15;49,155
12.10.2025 09:30;53,4876
12.10.2025 09:45;48,3894
12.10.2025 10:00;42,8794
12.10.2025 10:15;42,8272
12.10.2025 10:30;43,152
12.10.2025 10:45;42,1428
12.10.2025 11:00;41,2786
12.10.2025 11:15;48,8012
12.10.2025 11:30;47,56
12.10.2025 11:45;43,355
12.10.2025 12:00;40,629
12.10.2025 12:15;34,3012
12.10.2025 12:30;35,0494
12.10.2025 12:45;35,7976
12.10.2025 13:00;37,2592
12.10.2025 13:15;35,4902
12.10.2025 13:30;35,6758
12.10.2025 13:45;35,6816
12.10.2025 14:00;34,0054
12.10.2025 14:15;35,8788
12.10.2025 14:30;35,7976
12.10.2025 14:45;35,5134
12.10.2025 15:00;35,815
12.10.2025 15:15;36,5052
12.10.2025 15:30;34,916
12.10.2025 15:45;34,4578
12.10.2025 16:00;36,2442
12.10.2025 16:15;38,1814
12.10.2025 16:30;35,9948
12.10.2025 16:45;35,873
12.10.2025 17:00;35,8092
12.10.2025 17:15;35,2118
12.10.2025 17:30;35,8788
12.10.2025 17:45;36,0702
12.10.2025 18:00;36,163
12.10.2025 18:15;36,3776
12.10.2025 18:30;36,2442
12.10.2025 18:45;38,1524
12.10.2025 19:00;42,0732
12.10.2025 19:15;43,2332
12.10.2025 19:30;44,1032
12.10.2025 19:45;44,4048
12.10.2025 20:00;42,3632
12.10.2025 20:15;43,5348
12.10.2025 20:30;43,8132
12.10.2025 20:45;44,6832
12.10.2025 21:00;44,1148
12.10.2025 21:15;44,1032
12.10.2025 21:30;44,1148
12.10.2025 21:45;44,3932
12.10.2025 22:00;43,5348
12.10.2025 22:15;42,9432
12.10.2025 22:30;41,47
12.10.2025 22:45;41,47
12.10.2025 23:00;42,34
12.10.2025 23:15;37,7
12.10.2025 23:30;39,73
12.10.2025 23:45;39,44
13.10.2025 00:00;39,73
13.10.2025 00:15;40,02
13.10.2025 00:30;39,44
13.10.2025 00:45;40,02
13.10.2025 01:00;39,44
13.10.2025 01:15;39,44
13.10.2025 01:30;47,27
13.10.2025 01:45;55,97
13.10.2025 02:00;55,68
13.10.2025 02:15;55,97
13.10.2025 02:30;52,78
13.10.2025 02:45;52,8148
13.10.2025 03:00;51,9332
13.10.2025 03:15;52,2348
13.10.2025 03:30;51,6432
13.10.2025 03:45;51,3648
13.10.2025 04:00;50,4832
13.10.2025 04:15;51,3648
13.10.2025 04:30;52,8032
13.10.2025 04:45;53,6848
13.10.2025 05:00;57,7332
13.10.2025 05:15;74,5648
13.10.2025 05:30;84,7032
13.10.2025 05:45;107,6248
13.10.2025 06:00;106,749
13.10.2025 06:15;113,129
13.10.2025 06:30;142,1348
13.10.2025 06:45;148,7816
13.10.2025 07:00;152,8532
13.10.2025 07:15;137,2048
13.10.2025 07:30;142,9932
13.10.2025 07:45;167,3416
13.10.2025 08:00;157,5048
13.10.2025 08:15;154,599
13.10.2025 08:30;133,1274
13.10.2025 08:45;112,143
13.10.2025 09:00;126,8054
13.10.2025 09:15;170,8564
13.10.2025 09:30;167,2256
13.10.2025 09:45;150,9392
13.10.2025 10:00;161,7968
13.10.2025 10:15;172,4978
13.10.2025 10:30;152,482
13.10.2025 10:45;147,9174
13.10.2025 11:00;139,809
13.10.2025 11:15;156,977
13.10.2025 11:30;167,5272
13.10.2025 11:45;169,186
13.10.2025 12:00;150,9508
13.10.2025 12:15;124,9726
13.10.2025 12:30;134,8036
13.10.2025 12:45;169,1048
13.10.2025 13:00;182,5956
13.10.2025 13:15;157,5338
13.10.2025 13:30;154,0712
13.10.2025 13:45;156,542
13.10.2025 14:00;136,3
13.10.2025 14:15;115,2924
13.10.2025 14:30;105,2526
13.10.2025 14:45;112,9318
13.10.2025 15:00;107,2014
13.10.2025 15:15;92,2954
13.10.2025 15:30;79,7674
13.10.2025 15:45;77,0298
13.10.2025 16:00;75,7364
13.10.2025 16:15;71,1892
13.10.2025 16:30;67,2684
13.10.2025 16:45;60,7666
13.10.2025 17:00;58,3828
13.10.2025 17:15;57,7622
13.10.2025 17:30;58,058
13.10.2025 17:45;61,2132
13.10.2025 18:00;45,6228
13.10.2025 18:15;34,3534
13.10.2025 18:30;39,5966
13.10.2025 18:45;36,975
13.10.2025 19:00;44,3932
13.10.2025 19:15;52,2348
13.10.2025 19:30;45,2632
13.10.2025 19:45;42,3748
13.10.2025 20:00;42,9432
13.10.2025 20:15;42,0848
13.10.2025 20:30;41,7832
13.10.2025 20:45;41,5048
13.10.2025 21:00;42,0732
13.10.2025 21:15;41,5048
13.10.2025 21:30;40,6232
13.10.2025 21:45;40,6348
13.10.2025 22:00;38,8832
13.10.2025 22:15;37,4448
13.10.2025 22:30;38,28
13.10.2025 22:45;34,51
13.10.2025 23:00;35,09
13.10.2025 23:15;31,03
13.10.2025 23:30;31,32
13.10.2025 23:45;31,32
14.10.2025 00:00;30,74
14.10.2025 00:15;31,03
14.10.2025 00:30;31,32
14.10.2025 00:45;31,03
14.10.2025 01:00;31,32
14.10.2025 01:15;29,87
14.10.2025 01:30;29,87
14.10.2025 01:45;30,45
14.10.2025 02:00;30,45
14.10.2025 02:15;30,45
14.10.2025 02:30;29,58
14.10.2025 02:45;30,1832
14.10.2025 03:00;42,0848
14.10.2025 03:15;45,8548
14.10.2025 03:30;48,4532
14.10.2025 03:45;45,5648
14.10.2025 04:00;46,4232
14.10.2025 04:15;42,9548
14.10.2025 04:30;42,6532
14.10.2025 04:45;45,8548
14.10.2025 05:00;54,8332
14.10.2025 05:15;67,6048
14.10.2025 05:30;81,5132
14.10.2025 05:45;96,0248
14.10.2025 06:00;108,1932
14.10.2025 06:15;142,4132
14.10.2025 06:30;173,7216
14.10.2025 06:45;181,279
14.10.2025 07:00;190,8432
14.10.2025 07:15;156,0432
14.10.2025 07:30;172,5616
14.10.2025 07:45;182,7116
14.10.2025 08:00;163,8732
14.10.2025 08:15;190,8084
14.10.2025 08:30;153,9262
14.10.2025 08:45;138,7592
14.10.2025 09:00;153,8798
14.10.2025 09:15;179,858
14.10.2025 09:30;195,489
14.10.2025 09:45;193,5692
14.10.2025 10:00;195,1874
14.10.2025 10:15;180,6526
14.10.2025 10:30;178,8894
14.10.2025 10:45;170,839
14.10.2025 11:00;168,8496
14.10.2025 11:15;170,4852
14.10.2025 11:30;177,6424
14.10.2025 11:45;175,1832
14.10.2025 12:00;162,4
14.10.2025 12:15;142,2102
14.10.2025 12:30;151,2466
14.10.2025 12:45;161,1414
14.10.2025 13:00;179,9508
14.10.2025 13:15;190,4372
14.10.2025 13:30;178,0658
14.10.2025 13:45;182,1722
14.10.2025 14:00;173,9014
14.10.2025 14:15;129,2704
14.10.2025 14:30;115,7274
14.10.2025 14:45;115,4026
14.10.2025 15:00;106,0704
14.10.2025 15:15;101,5638
14.10.2025 15:30;89,6274
14.10.2025 15:45;89,755
14.10.2025 16:00;87,8004
14.10.2025 16:15;86,5186
14.10.2025 16:30;72,2506
14.10.2025 16:45;73,08
14.10.2025 17:00;78,1318
14.10.2025 17:15;72,9118
14.10.2025 17:30;59,769
14.10.2025 17:45;59,0266
14.10.2025 18:00;57,9362
14.10.2025 18:15;37,4216
14.10.2025 18:30;31,9754
14.10.2025 18:45;34,9044
14.10.2025 19:00;37,4332
14.10.2025 19:15;39,1848
14.10.2025 19:30;38,5932
14.10.2025 19:45;50,4832
14.10.2025 20:00;49,6248
14.10.2025 20:15;43,5232
14.10.2025 20:30;40,6232
14.10.2025 20:45;41,2148
14.10.2025 21:00;40,9132
14.10.2025 21:15;39,7532
14.10.2025 21:30;40,3448
14.10.2025 21:45;38,3032
14.10.2025 22:00;38,0248
14.10.2025 22:15;35,9832
14.10.2025 22:30;38,57
14.10.2025 22:45;33,93
14.10.2025 23:00;35,09
14.10.2025 23:15;28,13
14.10.2025 23:30;28,42
14.10.2025 23:45;30,16
15.10.2025 00:00;29,58
15.10.2025 00:15;29,87
15.10.2025 00:30;30,74
15.10.2025 00:45;31,03
15.10.2025 01:00;29,87
15.10.2025 01:15;29,58
15.10.2025 01:30;29,58
15.10.2025 01:45;30,16
15.10.2025 02:00;29,29
15.10.2025 02:15;29,29
15.10.2025 02:30;30,16
15.10.2025 02:45;31,3432
15.10.2025 03:00;36,5748
15.10.2025 03:15;46,1332
15.10.2025 03:30;46,7248
15.10.2025 03:45;49,9032
15.10.2025 04:00;46,7248
15.10.2025 04:15;43,819
15.10.2025 04:30;43,2448
15.10.2025 04:45;45,5532
15.10.2025 05:00;51,3648
15.10.2025 05:15;67,8832
15.10.2025 05:30;78,0448
15.10.2025 05:45;95,1432
15.10.2025 06:00;96,8832
15.10.2025 06:15;122,6874
15.10.2025 06:30;153,4158
15.10.2025 06:45;160,6716
15.10.2025 07:00;151,699
15.10.2025 07:15;135,7432
15.10.2025 07:30;148,5032
15.10.2025 07:45;153,7
15.10.2025 08:00;152,2616
15.10.2025 08:15;140,6732
15.10.2025 08:30;138,1734
15.10.2025 08:45;114,434
15.10.2025 09:00;134,0264
15.10.2025 09:15;169,1628
15.10.2025 09:30;160,6136
15.10.2025 09:45;158,3806
15.10.2025 10:00;152,424
15.10.2025 10:15;169,5978
15.10.2025 10:30;167,4402
15.10.2025 10:45;149,176
15.10.2025 11:00;153,7754
15.10.2025 11:15;147,8884
15.10.2025 11:30;153,0562
15.10.2025 11:45;139,345
15.10.2025 12:00;135,1806
15.10.2025 12:15;127,2462
15.10.2025 12:30;130,9582
15.10.2025 12:45;153,7696
15.10.2025 13:00;157,325
15.10.2025 13:15;140,9864
15.10.2025 13:30;139,0666
15.10.2025 13:45;158,195
15.10.2025 14:00;150,3012
15.10.2025 14:15;129,1254
15.10.2025 14:30;109,7128
15.10.2025 14:45;120,7154
15.10.2025 15:00;116,5684
15.10.2025 15:15;104,0984
15.10.2025 15:30;81,9946
15.10.2025 15:45;93,7106
15.10.2025 16:00;80,881
15.10.2025 16:15;76,8964
15.10.2025 16:30;69,9654
15.10.2025 16:45;57,9072
15.10.2025 17:00;58,551
15.10.2025 17:15;58,8294
15.10.2025 17:30;54,462
15.10.2025 17:45;54,7404
15.10.2025 18:00;33,8314
15.10.2025 18:15;32,0798
15.10.2025 18:30;34,394
15.10.2025 18:45;45,8432
15.10.2025 19:00;44,9732
15.10.2025 19:15;44,4048
15.10.2025 19:30;43,8132
15.10.2025 19:45;43,8132
15.10.2025 20:00;43,2448
15.10.2025 20:15;57,1532
15.10.2025 20:30;49,0332
15.10.2025 20:45;44,9848
15.10.2025 21:00;44,1032
15.10.2025 21:15;41,2032
15.10.2025 21:30;37,7348
15.10.2025 21:45;36,5632
15.10.2025 22:00;35,4032
15.10.2025 22:15;34,5448
15.10.2025 22:30;36,83
15.10.2025 22:45;35,09
15.10.2025 23:00;34,22
15.10.2025 23:15;30,16
15.10.2025 23:30;29,58
15.10.2025 23:45;29,58
16.10.2025 00:00;30,45
16.10.2025 00:15;30,16
16.10.2025 00:30;32,77
16.10.2025 00:45;29,87
16.10.2025 01:00;31,03
16.10.2025 01:15;29
16.10.2025 01:30;29,29
16.10.2025 01:45;29,87
16.10.2025 02:00;31,03
16.10.2025 02:15;30,74
16.10.2025 02:30;30,16
16.10.2025 02:45;30,7632
16.10.2025 03:00;41,7948
16.10.2025 03:15;46,1332
16.10.2025 03:30;46,1448
16.10.2025 03:45;48,7432
16.10.2025 04:00;44,9732
16.10.2025 04:15;42,3748
16.10.2025 04:30;43,2332
16.10.2025 04:45;42,6648
16.10.2025 05:00;42,6532
16.10.2025 05:15;49,0448
16.10.2025 05:30;69,6232
16.10.2025 05:45;94,2732
16.10.2025 06:00;103,8548
16.10.2025 06:15;130,5116
16.10.2025 06:30;163,5832
16.10.2025 06:45;173,1648
16.10.2025 07:00;181,2732
16.10.2025 07:15;171,129
16.10.2025 07:30;174,6032
16.10.2025 07:45;208,5332
16.10.2025 08:00;185,9132
16.10.2025 08:15;182,0678
16.10.2025 08:30;167,7476
16.10.2025 08:45;141,9724
16.10.2025 09:00;159,065
16.10.2025 09:15;186,8644
16.10.2025 09:30;179,394
16.10.2025 09:45;176,7956
16.10.2025 10:00;184,9794
16.10.2025 10:15;204,0614
16.10.2025 10:30;170,143
16.10.2025 10:45;179,133
16.10.2025 11:00;174,8584
16.10.2025 11:15;176,7028
16.10.2025 11:30;172,4804
16.10.2025 11:45;170,8796
16.10.2025 12:00;164,4706
16.10.2025 12:15;139,2696
16.10.2025 12:30;167,9564
16.10.2025 12:45;165,7756
16.10.2025 13:00;185,6174
16.10.2025 13:15;188,1984
16.10.2025 13:30;172,26
16.10.2025 13:45;172,608
16.10.2025 14:00;167,7882
16.10.2025 14:15;137,3092
16.10.2025 14:30;110,6234
16.10.2025 14:45;114,7066
16.10.2025 15:00;113,8714
16.10.2025 15:15;110,0898
16.10.2025 15:30;100,427
16.10.2025 15:45;91,727
16.10.2025 16:00;76,5484
16.10.2025 16:15;70,4178
16.10.2025 16:30;68,8576
16.10.2025 16:45;59,4674
16.10.2025 17:00;57,1822
16.10.2025 17:15;37,8508
16.10.2025 17:30;39,7184
16.10.2025 17:45;34,7768
16.10.2025 18:00;33,5298
16.10.2025 18:15;33,3674
16.10.2025 18:30;31,8594
16.10.2025 18:45;34,858
16.10.2025 19:00;34,5448
16.10.2025 19:15;36,5632
16.10.2025 19:30;36,5632
16.10.2025 19:45;53,3948
16.10.2025 20:00;41,4932
16.10.2025 20:15;40,0548
16.10.2025 20:30;40,3332
16.10.2025 20:45;38,8832
16.10.2025 21:00;37,1548
16.10.2025 21:15;36,5632
16.10.2025 21:30;38,6048
16.10.2025 21:45;35,6932
16.10.2025 22:00;36,8648
16.10.2025 22:15;33,0832
16.10.2025 22:30;36,83
16.10.2025 22:45;34,51
16.10.2025 23:00;33,06
16.10.2025 23:15;27,84
16.10.2025 23:30;28,71
16.10.2025 23:45;30,74
17.10.2025 00:00;30,16
17.10.2025 00:15;31,03
17.10.2025 00:30;29,58
17.10.2025 00:45;31,03
17.10.2025 01:00;29,29
17.10.2025 01:15;29,29
17.10.2025 01:30;29,87
17.10.2025 01:45;29,58
17.10.2025 02:00;29,58
17.10.2025 02:15;30,16
17.10.2025 02:30;31,32
17.10.2025 02:45;29,9048
17.10.2025 03:00;40,0432
17.10.2025 03:15;47,3048
17.10.2025 03:30;46,7132
17.10.2025 03:45;47,0148
17.10.2025 04:00;45,8606
17.10.2025 04:15;45,8432
17.10.2025 04:30;41,7948
17.10.2025 04:45;43,5232
17.10.2025 05:00;41,7948
17.10.2025 05:15;47,8732
17.10.2025 05:30;71,9548
17.10.2025 05:45;91,6632
17.10.2025 06:00;104,1448
17.10.2025 06:15;133,9916
17.10.2025 06:30;164,4532
17.10.2025 06:45;191,1332
17.10.2025 07:00;174,8932
17.10.2025 07:15;165,6016
17.10.2025 07:30;174,8816
17.10.2025 07:45;217,2332
17.10.2025 08:00;172,8516
17.10.2025 08:15;164,4996
17.10.2025 08:30;154,222
17.10.2025 08:45;136,4856
17.10.2025 09:00;152,3776
17.10.2025 09:15;176,2156
17.10.2025 09:30;170,3228
17.10.2025 09:45;149,5646
17.10.2025 10:00;167,6316
17.10.2025 10:15;162,9104
17.10.2025 10:30;149,6516
17.10.2025 10:45;148,9092
17.10.2025 11:00;151,2292
17.10.2025 11:15;162,0114
17.10.2025 11:30;153,265
17.10.2025 11:45;148,335
17.10.2025 12:00;151,6004
17.10.2025 12:15;119,074
17.10.2025 12:30;73,5498
17.10.2025 12:45;80,243
17.10.2025 13:00;79,7964
17.10.2025 13:15;75,168
17.10.2025 13:30;75,0114
17.10.2025 13:45;67,0074
17.10.2025 14:00;66,5666
17.10.2025 14:15;67,483
17.10.2025 14:30;66,526
17.10.2025 14:45;65,4182
17.10.2025 15:00;62,5008
17.10.2025 15:15;56,1556
17.10.2025 15:30;56,376
17.10.2025 15:45;68,1906
17.10.2025 16:00;61,7468
17.10.2025 16:15;61,6366
17.10.2025 16:30;64,1248
17.10.2025 16:45;61,5264
17.10.2025 17:00;60,1924
17.10.2025 17:15;60,146
17.10.2025 17:30;59,5254
17.10.2025 17:45;54,5722
17.10.2025 18:00;50,6746
17.10.2025 18:15;53,418
17.10.2025 18:30;53,0062
17.10.2025 18:45;55,6394
17.10.2025 19:00;56,3064
17.10.2025 19:15;56,8632
17.10.2025 19:30;59,1948
17.10.2025 19:45;58,3132
17.10.2025 20:00;58,6032
17.10.2025 20:15;59,4848
17.10.2025 20:30;58,3132
17.10.2025 20:45;58,0232
17.10.2025 21:00;59,4848
17.10.2025 21:15;57,1532
17.10.2025 21:30;57,7332
17.10.2025 21:45;58,6148
17.10.2025 22:00;55,9932
17.10.2025 22:15;55,1232
17.10.2025 22:30;57,42
17.10.2025 22:45;58
17.10.2025 23:00;56,26
17.10.2025 23:15;53,36
17.10.2025 23:30;52,2
17.10.2025 23:45;53,65
18.10.2025 00:00;53,94
18.10.2025 00:15;52,49
18.10.2025 00:30;53,94
18.10.2025 00:45;53,36
18.10.2025 01:00;53,65
18.10.2025 01:15;53,94
18.10.2025 01:30;53,65
18.10.2025 01:45;53,07
18.10.2025 02:00;53,36
18.10.2025 02:15;53,65
18.10.2025 02:30;51,91
18.10.2025 02:45;55,7032
18.10.2025 03:00;51,9448
18.10.2025 03:15;54,2532
18.10.2025 03:30;56,2948
18.10.2025 03:45;52,8032
18.10.2025 04:00;53,1048
18.10.2025 04:15;54,2532
18.10.2025 04:30;53,3948
18.10.2025 04:45;52,2232
18.10.2025 05:00;55,4248
18.10.2025 05:15;58,6032
18.10.2025 05:30;66,4448
18.10.2025 05:45;73,9732
18.10.2025 06:00;74,2748
18.10.2025 06:15;76,5832
18.10.2025 06:30;85,8748
18.10.2025 06:45;91,3732
18.10.2025 07:00;93,4032
18.10.2025 07:15;82,3948
18.10.2025 07:30;75,7132
18.10.2025 07:45;81,2348
18.10.2025 08:00;84,7032
18.10.2025 08:15;88,2412
18.10.2025 08:30;77,3952
18.10.2025 08:45;67,773
18.10.2025 09:00;72,9408
18.10.2025 09:15;80,7592
18.10.2025 09:30;83,4736
18.10.2025 09:45;78,5204
18.10.2025 10:00;76,1134
18.10.2025 10:15;69,8784
18.10.2025 10:30;71,7054
18.10.2025 10:45;76,473
18.10.2025 11:00;69,803
18.10.2025 11:15;59,6878
18.10.2025 11:30;50,7616
18.10.2025 11:45;47,7108
18.10.2025 12:00;48,7606
18.10.2025 12:15;49,126
18.10.2025 12:30;47,8848
18.10.2025 12:45;46,5566
18.10.2025 13:00;48,9868
18.10.2025 13:15;47,009
18.10.2025 13:30;47,3048
18.10.2025 13:45;48,3082
18.10.2025 14:00;47,2352
18.10.2025 14:15;46,4464
18.10.2025 14:30;47,4092
18.10.2025 14:45;47,1946
18.10.2025 15:00;45,9302
18.10.2025 15:15;48,1864
18.10.2025 15:30;46,835
18.10.2025 15:45;48,575
18.10.2025 16:00;48,8534
18.10.2025 16:15;47,705
18.10.2025 16:30;46,371
18.10.2025 16:45;49,8452
18.10.2025 17:00;48,5808
18.10.2025 17:15;49,1666
18.10.2025 17:30;50,4136
18.10.2025 17:45;48,1516
18.10.2025 18:00;48,43
18.10.2025 18:15;51,5388
18.10.2025 18:30;49,6132
18.10.2025 18:45;53,3948
18.10.2025 19:00;58,3248
18.10.2025 19:15;56,8748
18.10.2025 19:30;56,2948
18.10.2025 19:45;58,3248
18.10.2025 20:00;58,0348
18.10.2025 20:15;56,5848
18.10.2025 20:30;58,6032
18.10.2025 20:45;58,0348
18.10.2025 21:00;58,6148
18.10.2025 21:15;58,0348
18.10.2025 21:30;56,0048
18.10.2025 21:45;60,3548
18.10.2025 22:00;56,5848
18.10.2025 22:15;54,5548
18.10.2025 22:30;58,29
18.10.2025 22:45;56,26
18.10.2025 23:00;56,84
18.10.2025 23:15;53,36
18.10.2025 23:30;52,2
18.10.2025 23:45;52,78
19.10.2025 00:00;53,94
19.10.2025 00:15;52,49
19.10.2025 00:30;54,81
19.10.2025 00:45;52,49
19.10.2025 01:00;52,78
19.10.2025 01:15;55,1
19.10.2025 01:30;52,49
19.10.2025 01:45;53,07
19.10.2025 02:00;53,07
19.10.2025 02:15;53,36
19.10.2025 02:30;53,36
19.10.2025 02:45;53,1048
19.10.2025 03:00;51,9448
19.10.2025 03:15;54,5548
19.10.2025 03:30;52,8148
19.10.2025 03:45;52,2348
19.10.2025 04:00;55,7148
19.10.2025 04:15;51,9448
19.10.2025 04:30;52,5248
19.10.2025 04:45;53,9748
19.10.2025 05:00;53,6848
19.10.2025 05:15;57,7448
19.10.2025 05:30;58,6148
19.10.2025 05:45;57,4548
19.10.2025 06:00;58,3248
19.10.2025 06:15;59,1948
19.10.2025 06:30;55,7148
19.10.2025 06:45;61,8048
19.10.2025 07:00;59,2064
19.10.2025 07:15;56,5848
19.10.2025 07:30;58,3248
19.10.2025 07:45;59,1948
19.10.2025 08:00;55,7148
19.10.2025 08:15;51,3706
19.10.2025 08:30;49,2652
19.10.2025 08:45;50,1526
19.10.2025 09:00;51,533
19.10.2025 09:15;48,749
19.10.2025 09:30;49,3754
19.10.2025 09:45;52,461
19.10.2025 10:00;49,2188
19.10.2025 10:15;48,1516
19.10.2025 10:30;51,0226
19.10.2025 10:45;47,444
19.10.2025 11:00;46,8234
19.10.2025 11:15;49,6886
19.10.2025 11:30;47,5484
19.10.2025 11:45;47,3338
19.10.2025 12:00;49,4624
19.10.2025 12:15;47,7514
19.10.2025 12:30;47,9602
19.10.2025 12:45;48,7664
19.10.2025 13:00;47,6412
19.10.2025 13:15;49,2014
19.10.2025 13:30;49,2246
19.10.2025 13:45;47,0148
19.10.2025 14:00;48,8302
19.10.2025 14:15;47,6934
19.10.2025 14:30;48,8186
19.10.2025 14:45;48,9694
19.10.2025 15:00;47,1424
19.10.2025 15:15;47,1424
19.10.2025 15:30;49,1724
19.10.2025 15:45;48,952
19.10.2025 16:00;50,025
19.10.2025 16:15;49,01
19.10.2025 16:30;47,9196
19.10.2025 16:45;47,85
19.10.2025 17:00;49,59
19.10.2025 17:15;48,2386
19.10.2025 17:30;48,2734
19.10.2025 17:45;51,562
19.10.2025 18:00;48,1516
19.10.2025 18:15;47,7572
19.10.2025 18:30;52,1188
19.10.2025 18:45;53,9748
19.10.2025 19:00;54,8448
19.10.2025 19:15;58,0232
19.10.2025 19:30;55,1348
19.10.2025 19:45;55,4248
19.10.2025 20:00;58,6032
19.10.2025 20:15;56,0048
19.10.2025 20:30;55,7148
19.10.2025 20:45;59,4848
19.10.2025 21:00;55,9932
19.10.2025 21:15;56,5848
19.10.2025 21:30;57,4548
19.10.2025 21:45;56,5848
19.10.2025 22:00;55,9932
19.10.2025 22:15;55,4248
19.10.2025 22:30;54,52
19.10.2025 22:45;57,13
19.10.2025 23:00;54,52
19.10.2025 23:15;49,3
19.10.2025 23:30;54,52
19.10.2025 23:45;51,33
20.10.2025 00:00;64,96
20.10.2025 00:15;70,47
20.10.2025 00:30;68,44
20.10.2025 00:45;69,31
20.10.2025 01:00;66,7
20.10.2025 01:15;64,38
20.10.2025 01:30;66,41
20.10.2025 01:45;64,38
20.10.2025 02:00;64,67
20.10.2025 02:15;65,83
20.10.2025 02:30;64,67
20.10.2025 02:45;63,2548
20.10.2025 03:00;65,2732
20.10.2025 03:15;64,1248
20.10.2025 03:30;62,3848
20.10.2025 03:45;65,5748
20.10.2025 04:00;62,9648
20.10.2025 04:15;64,7048
20.10.2025 04:30;66,4332
20.10.2025 04:45;64,4148
20.10.2025 05:00;71,6648
20.10.2025 05:15;97,4748
20.10.2025 05:30;114,5848
20.10.2025 05:45;122,9832
20.10.2025 06:00;131,6948
20.10.2025 06:15;165,9206
20.10.2025 06:30;201,8574
20.10.2025 06:45;213,179
20.10.2025 07:00;196,359
20.10.2025 07:15;183,0132
20.10.2025 07:30;196,359
20.10.2025 07:45;208,539
20.10.2025 08:00;225,0516
20.10.2025 08:15;206,5206
20.10.2025 08:30;197,5132
20.10.2025 08:45;177,0218
20.10.2025 09:00;206,3756
20.10.2025 09:15;216,2878
20.10.2025 09:30;214,803
20.10.2025 09:45;186,499
20.10.2025 10:00;181,2442
20.10.2025 10:15;191,5972
20.10.2025 10:30;190,2284
20.10.2025 10:45;179,858
20.10.2025 11:00;187,253
20.10.2025 11:15;176,7782
20.10.2025 11:30;187,4908
20.10.2025 11:45;188,1868
20.10.2025 12:00;175,74
20.10.2025 12:15;146,856
20.10.2025 12:30;171,1
20.10.2025 12:45;194,3696
20.10.2025 13:00;181,5632
20.10.2025 13:15;185,7102
20.10.2025 13:30;182,7522
20.10.2025 13:45;184,4516
20.10.2025 14:00;167,8694
20.10.2025 14:15;149,2224
20.10.2025 14:30;124,3404
20.10.2025 14:45;121,1156
20.10.2025 15:00;117,3746
20.10.2025 15:15;115,3794
20.10.2025 15:30;90,132
20.10.2025 15:45;80,6316
20.10.2025 16:00;80,4286
20.10.2025 16:15;76,415
20.10.2025 16:30;64,7512
20.10.2025 16:45;61,799
20.10.2025 17:00;60,1866
20.10.2025 17:15;64,4148
20.10.2025 17:30;70,9398
20.10.2025 17:45;60,8826
20.10.2025 18:00;52,5074
20.10.2025 18:15;64,6352
20.10.2025 18:30;54,114
20.10.2025 18:45;57,1532
20.10.2025 19:00;58,0348
20.10.2025 19:15;60,0532
20.10.2025 19:30;58,6148
20.10.2025 19:45;58,3132
20.10.2025 20:00;58,9048
20.10.2025 20:15;66,4448
20.10.2025 20:30;67,3032
20.10.2025 20:45;64,7048
20.10.2025 21:00;64,4032
20.10.2025 21:15;59,7748
20.10.2025 21:30;59,7632
20.10.2025 21:45;63,8348
20.10.2025 22:00;62,3848
20.10.2025 22:15;53,9632
20.10.2025 22:30;53,36
20.10.2025 22:45;52,78
20.10.2025 23:00;53,36
20.10.2025 23:15;48,14
20.10.2025 23:30;49,01
20.10.2025 23:45;50,17
21.10.2025 00:00;49,3
21.10.2025 00:15;50,75
21.10.2025 00:30;50,75
21.10.2025 00:45;49,59
21.10.2025 01:00;49,88
21.10.2025 01:15;49,3
21.10.2025 01:30;49,59
21.10.2025 01:45;49,59
21.10.2025 02:00;49,01
21.10.2025 02:15;49,88
21.10.2025 02:30;53,36
21.10.2025 02:45;50,7848
21.10.2025 03:00;50,1932
21.10.2025 03:15;49,9148
21.10.2025 03:30;51,3648
21.10.2025 03:45;50,2048
21.10.2025 04:00;49,6132
21.10.2025 04:15;50,2048
21.10.2025 04:30;60,9348
21.10.2025 04:45;70,7832
21.10.2025 05:00;73,4048
21.10.2025 05:15;92,8348
21.10.2025 05:30;102,6832
21.10.2025 05:45;118,0648
21.10.2025 06:00;120,9648
21.10.2025 06:15;160,9616
21.10.2025 06:30;191,7248
21.10.2025 06:45;189,3932
21.10.2025 07:00;183,3206
21.10.2025 07:15;169,6732
21.10.2025 07:30;161,5648
21.10.2025 07:45;189,6832
21.10.2025 08:00;195,4948
21.10.2025 08:15;187,3632
21.10.2025 08:30;168,9714
21.10.2025 08:45;145,754
21.10.2025 09:00;164,4532
21.10.2025 09:15;194,4856
21.10.2025 09:30;189,8572
21.10.2025 09:45;198,418
21.10.2025 10:00;191,9394
21.10.2025 10:15;203,319
21.10.2025 10:30;181,9286
21.10.2025 10:45;170,6534
21.10.2025 11:00;186,0118
21.10.2025 11:15;184,15
21.10.2025 11:30;177,422
21.10.2025 11:45;173,4374
21.10.2025 12:00;168,8264
21.10.2025 12:15;146,2818
21.10.2025 12:30;155,3762
21.10.2025 12:45;189,0974
21.10.2025 13:00;191,5972
21.10.2025 13:15;182,0504
21.10.2025 13:30;169,6384
21.10.2025 13:45;173,1416
21.10.2025 14:00;171,5698
21.10.2025 14:15;153,7812
21.10.2025 14:30;119,3814
21.10.2025 14:45;119,0856
21.10.2025 15:00;118,3548
21.10.2025 15:15;116,0174
21.10.2025 15:30;104,5914
21.10.2025 15:45;94,3312
21.10.2025 16:00;84,1348
21.10.2025 16:15;86,8086
21.10.2025 16:30;84,2044
21.10.2025 16:45;85,8458
21.10.2025 17:00;80,4344
21.10.2025 17:15;65,685
21.10.2025 17:30;63,4462
21.10.2025 17:45;63,6434
21.10.2025 18:00;62,5124
21.10.2025 18:15;52,2174
21.10.2025 18:30;55,9932
21.10.2025 18:45;60,0532
21.10.2025 19:00;57,7448
21.10.2025 19:15;58,0232
21.10.2025 19:30;58,0232
21.10.2025 19:45;58,0348
21.10.2025 20:00;58,8932
21.10.2025 20:15;70,5048
21.10.2025 20:30;68,7532
21.10.2025 20:45;71,3748
21.10.2025 21:00;60,6332
21.10.2025 21:15;58,3248
21.10.2025 21:30;60,6332
21.10.2025 21:45;60,0648
21.10.2025 22:00;57,7332
21.10.2025 22:15;58,0348
21.10.2025 22:30;52,78
21.10.2025 22:45;52,78
21.10.2025 23:00;51,62
21.10.2025 23:15;47,85
21.10.2025 23:30;48,43
21.10.2025 23:45;49,3
22.10.2025 00:00;49,3
22.10.2025 00:15;49,59
22.10.2025 00:30;49,01
22.10.2025 00:45;49,3
22.10.2025 01:00;49,3
22.10.2025 01:15;49,88
22.10.2025 01:30;51,33
22.10.2025 01:45;49,01
22.10.2025 02:00;49,59
22.10.2025 02:15;49,59
22.10.2025 02:30;49,59
22.10.2025 02:45;50,4832
22.10.2025 03:00;49,3348
22.10.2025 03:15;48,7548
22.10.2025 03:30;50,4832
22.10.2025 03:45;49,0448
22.10.2025 04:00;49,6132
22.10.2025 04:15;49,6248
22.10.2025 04:30;65,5632
22.10.2025 04:45;70,7948
22.10.2025 05:00;70,5106
22.10.2025 05:15;84,7032
22.10.2025 05:30;98,6348
22.10.2025 05:45;116,8932
22.10.2025 06:00;132,5648
22.10.2025 06:15;154,8832
22.10.2025 06:30;179,829
22.10.2025 06:45;169,1048
22.10.2025 07:00;160,3932
22.10.2025 07:15;152,5632
22.10.2025 07:30;169,3948
22.10.2025 07:45;195,1932
22.10.2025 08:00;192,8848
22.10.2025 08:15;185,0432
22.10.2025 08:30;164,9752
22.10.2025 08:45;152,5574
22.10.2025 09:00;167,7882
22.10.2025 09:15;174,986
22.10.2025 09:30;180,0494
22.10.2025 09:45;187,6938
22.10.2025 10:00;192,1192
22.10.2025 10:15;188,1114
22.10.2025 10:30;178,205
22.10.2025 10:45;172,9792
22.10.2025 11:00;173,101
22.10.2025 11:15;167,5098
22.10.2025 11:30;182,903
22.10.2025 11:45;187,2878
22.10.2025 12:00;170,462
22.10.2025 12:15;145,3132
22.10.2025 12:30;157,2844
22.10.2025 12:45;174,2146
22.10.2025 13:00;171,4886
22.10.2025 13:15;168,026
22.10.2025 13:30;166,8138
22.10.2025 13:45;161,791
22.10.2025 14:00;157,8064
22.10.2025 14:15;142,2334
22.10.2025 14:30;125,6222
22.10.2025 14:45;130,2796
22.10.2025 15:00;126,4458
22.10.2025 15:15;119,1958
22.10.2025 15:30;99,6962
22.10.2025 15:45;94,8474
22.10.2025 16:00;96,9702
22.10.2025 16:15;84,4886
22.10.2025 16:30;70,3134
22.10.2025 16:45;67,0016
22.10.2025 17:00;67,2278
22.10.2025 17:15;62,8604
22.10.2025 17:30;63,6318
22.10.2025 17:45;62,582
22.10.2025 18:00;59,7168
22.10.2025 18:15;62,4138
22.10.2025 18:30;65,0238
22.10.2025 18:45;64,9832
22.10.2025 19:00;66,4448
22.10.2025 19:15;66,1432
22.10.2025 19:30;67,8832
22.10.2025 19:45;67,8948
22.10.2025 20:00;66,1432
22.10.2025 20:15;66,1548
22.10.2025 20:30;78,6132
22.10.2025 20:45;71,9548
22.10.2025 21:00;69,3332
22.10.2025 21:15;79,2048
22.10.2025 21:30;82,0932
22.10.2025 21:45;75,1448
22.10.2025 22:00;64,9948
22.10.2025 22:15;63,2432
22.10.2025 22:30;60,32
22.10.2025 22:45;61,77
22.10.2025 23:00;62,06
22.10.2025 23:15;54,52
22.10.2025 23:30;58,58
22.10.2025 23:45;56,55
23.10.2025 00:00;58,58
23.10.2025 00:15;57,71
23.10.2025 00:30;57,71
23.10.2025 00:45;57,71
23.10.2025 01:00;58
23.10.2025 01:15;58,29
23.10.2025 01:30;57,13
23.10.2025 01:45;58,29
23.10.2025 02:00;56,84
23.10.2025 02:15;57,71
23.10.2025 02:30;58
23.10.2025 02:45;55,9932
23.10.2025 03:00;57,4548
23.10.2025 03:15;57,4432
23.10.2025 03:30;57,4548
23.10.2025 03:45;58,9048
23.10.2025 04:00;57,7332
23.10.2025 04:15;59,7748
23.10.2025 04:30;76,5948
23.10.2025 04:45;78,6132
23.10.2025 05:00;81,2348
23.10.2025 05:15;96,8832
23.10.2025 05:30;107,6248
23.10.2025 05:45;126,4748
23.10.2025 06:00;129,0732
23.10.2025 06:15;158,3632
23.10.2025 06:30;175,4848
23.10.2025 06:45;185,0432
23.10.2025 07:00;187,9548
23.10.2025 07:15;159,8132
23.10.2025 07:30;174,9106
23.10.2025 07:45;195,4832
23.10.2025 08:00;203,6148
23.10.2025 08:15;186,7832
23.10.2025 08:30;175,2006
23.10.2025 08:45;157,0292
23.10.2025 09:00;166,7558
23.10.2025 09:15;184,6604
23.10.2025 09:30;195,6456
23.10.2025 09:45;188,8074
23.10.2025 10:00;187,8504
23.10.2025 10:15;185,2114
23.10.2025 10:30;190,7156
23.10.2025 10:45;186,5396
23.10.2025 11:00;156,6928
23.10.2025 11:15;164,2444
23.10.2025 11:30;176,9232
23.10.2025 11:45;181,8996
23.10.2025 12:00;162,7248
23.10.2025 12:15;140,8994
23.10.2025 12:30;153,2244
23.10.2025 12:45;166,8254
23.10.2025 13:00;174,29
23.10.2025 13:15;163,4556
23.10.2025 13:30;160,5034
23.10.2025 13:45;166,7326
23.10.2025 14:00;166,199
23.10.2025 14:15;134,0264
23.10.2025 14:30;114,5616
23.10.2025 14:45;114,4862
23.10.2025 15:00;108,112
23.10.2025 15:15;107,1782
23.10.2025 15:30;100,5372
23.10.2025 15:45;100,5198
23.10.2025 16:00;99,3308
23.10.2025 16:15;80,6548
23.10.2025 16:30;73,0916
23.10.2025 16:45;72,268
23.10.2025 17:00;74,2052
23.10.2025 17:15;68,498
23.10.2025 17:30;64,8672
23.10.2025 17:45;58,3538
23.10.2025 18:00;58,8932
23.10.2025 18:15;63,5332
23.10.2025 18:30;64,9948
23.10.2025 18:45;63,8232
23.10.2025 19:00;64,4148
23.10.2025 19:15;65,8532
23.10.2025 19:30;67,3148
23.10.2025 19:45;65,8648
23.10.2025 20:00;64,4032
23.10.2025 20:15;64,7048
23.10.2025 20:30;75,4232
23.10.2025 20:45;66,1548
23.10.2025 21:00;74,5532
23.10.2025 21:15;72,2448
23.10.2025 21:30;64,1248
23.10.2025 21:45;64,1132
23.10.2025 22:00;64,1248
23.10.2025 22:15;61,2132
23.10.2025 22:30;59,74
23.10.2025 22:45;58
23.10.2025 23:00;58
23.10.2025 23:15;55,68
23.10.2025 23:30;55,97
23.10.2025 23:45;56,84
24.10.2025 00:00;57,42
24.10.2025 00:15;57,42
24.10.2025 00:30;55,39
24.10.2025 00:45;56,26
24.10.2025 01:00;55,1
24.10.2025 01:15;55,97
24.10.2025 01:30;55,68
24.10.2025 01:45;56,26
24.10.2025 02:00;55,39
24.10.2025 02:15;55,39
24.10.2025 02:30;56,26
24.10.2025 02:45;54,8332
24.10.2025 03:00;56,8748
24.10.2025 03:15;55,1348
24.10.2025 03:30;57,1532
24.10.2025 03:45;57,7448
24.10.2025 04:00;57,4548
24.10.2025 04:15;58,0232
24.10.2025 04:30;69,3448
24.10.2025 04:45;73,1148
24.10.2025 05:00;72,8132
24.10.2025 05:15;76,5948
24.10.2025 05:30;103,8548
24.10.2025 05:45;122,4032
24.10.2025 06:00;130,5348
24.10.2025 06:15;147,9232
24.10.2025 06:30;176,0648
24.10.2025 06:45;181,2732
24.10.2025 07:00;172,2948
24.10.2025 07:15;157,499
24.10.2025 07:30;158,3748
24.10.2025 07:45;163,2932
24.10.2025 08:00;175,4848
24.10.2025 08:15;190,269
24.10.2025 08:30;158,1428
24.10.2025 08:45;144,2982
24.10.2025 09:00;160,7992
24.10.2025 09:15;166,8544
24.10.2025 09:30;157,1046
24.10.2025 09:45;159,0998
24.10.2025 10:00;162,4058
24.10.2025 10:15;163,7166
24.10.2025 10:30;144,7564
24.10.2025 10:45;149,6574
24.10.2025 11:00;155,5154
24.10.2025 11:15;173,507
24.10.2025 11:30;158,0442
24.10.2025 11:45;147,4766
24.10.2025 12:00;138,6142
24.10.2025 12:15;127,948
24.10.2025 12:30;115,13
24.10.2025 12:45;109,2894
24.10.2025 13:00;106,1168
24.10.2025 13:15;89,4998
24.10.2025 13:30;91,582
24.10.2025 13:45;87,319
24.10.2025 14:00;89,9058
24.10.2025 14:15;88,9778
24.10.2025 14:30;89,2272
24.10.2025 14:45;75,3246
24.10.2025 15:00;66,0214
24.10.2025 15:15;68,3994
24.10.2025 15:30;69,6232
24.10.2025 15:45;66,6072
24.10.2025 16:00;64,2466
24.10.2025 16:15;60,2736
24.10.2025 16:30;60,8594
24.10.2025 16:45;62,6806
24.10.2025 17:00;61,4452
24.10.2025 17:15;62,5182
24.10.2025 17:30;58,58
24.10.2025 17:45;58,5858
24.10.2025 18:00;58,6612
24.10.2025 18:15;58,435
24.10.2025 18:30;60,8072
24.10.2025 18:45;60,9348
24.10.2025 19:00;63,2432
24.10.2025 19:15;62,6632
24.10.2025 19:30;63,2548
24.10.2025 19:45;62,3732
24.10.2025 20:00;62,6748
24.10.2025 20:15;63,8232
24.10.2025 20:30;62,3848
24.10.2025 20:45;64,4032
24.10.2025 21:00;62,6748
24.10.2025 21:15;64,1132
24.10.2025 21:30;62,9532
24.10.2025 21:45;63,2548
24.10.2025 22:00;63,2432
24.10.2025 22:15;60,6448
24.10.2025 22:30;62,06
24.10.2025 22:45;62,06
24.10.2025 23:00;61,19
24.10.2025 23:15;58
24.10.2025 23:30;57,42
24.10.2025 23:45;58
25.10.2025 00:00;58,58
25.10.2025 00:15;57,13
25.10.2025 00:30;56,84
25.10.2025 00:45;58,58
25.10.2025 01:00;58,29
25.10.2025 01:15;60,61
25.10.2025 01:30;58
25.10.2025 01:45;57,71
25.10.2025 02:00;58,58
25.10.2025 02:15;58,29
25.10.2025 02:30;58,29
25.10.2025 02:45;58,6032
25.10.2025 03:00;58,3248
25.10.2025 03:15;58,6032
25.10.2025 03:30;59,1948
25.10.2025 03:45;58,3132
25.10.2025 04:00;57,4548
25.10.2025 04:15;58,3248
25.10.2025 04:30;58,3132
25.10.2025 04:45;58,0348
25.10.2025 05:00;59,4732
25.10.2025 05:15;63,8348
25.10.2025 05:30;63,8348
25.10.2025 05:45;66,4332
25.10.2025 06:00;88,4848
25.10.2025 06:15;89,0532
25.10.2025 06:30;92,5448
25.10.2025 06:45;92,2432
25.10.2025 07:00;92,8348
25.10.2025 07:15;91,0832
25.10.2025 07:30;90,8048
25.10.2025 07:45;94,8532
25.10.2025 08:00;92,5448
25.10.2025 08:15;89,0532
25.10.2025 08:30;81,8206
25.10.2025 08:45;83,5954
25.10.2025 09:00;84,2914
25.10.2025 09:15;88,0614
25.10.2025 09:30;86,6926
25.10.2025 09:45;88,4094
25.10.2025 10:00;85,8168
25.10.2025 10:15;88,5602
25.10.2025 10:30;83,6418
25.10.2025 10:45;85,8574
25.10.2025 11:00;83,3054
25.10.2025 11:15;81,2232
25.10.2025 11:30;74,2052
25.10.2025 11:45;52,8786
25.10.2025 12:00;53,0526
25.10.2025 12:15;50,0134
25.10.2025 12:30;51,1212
25.10.2025 12:45;52,171
25.10.2025 13:00;50,895
25.10.2025 13:15;50,6746
25.10.2025 13:30;52,5074
25.10.2025 13:45;52,8612
25.10.2025 14:00;50,4832
25.10.2025 14:15;50,2686
25.10.2025 14:30;50,9414
25.10.2025 14:45;50,0598
25.10.2025 15:00;51,649
25.10.2025 15:15;50,5122
25.10.2025 15:30;51,2256
25.10.2025 15:45;51,0806
25.10.2025 16:00;50,808
25.10.2025 16:15;51,7186
25.10.2025 16:30;51,4982
25.10.2025 16:45;50,4078
25.10.2025 17:00;50,982
25.10.2025 17:15;51,9912
25.10.2025 17:30;51,0342
25.10.2025 17:45;51,9622
25.10.2025 18:00;52,5886
25.10.2025 18:15;52,2522
25.10.2025 18:30;57,275
25.10.2025 18:45;57,4432
25.10.2025 19:00;59,7632
25.10.2025 19:15;58,6148
25.10.2025 19:30;59,1832
25.10.2025 19:45;60,6448
25.10.2025 20:00;59,1832
25.10.2025 20:15;60,6332
25.10.2025 20:30;60,9348
25.10.2025 20:45;59,7632
25.10.2025 21:00;58,9048
25.10.2025 21:15;59,7632
25.10.2025 21:30;60,6332
25.10.2025 21:45;59,7748
25.10.2025 22:00;58,3132
25.10.2025 22:15;58,8932
25.10.2025 22:30;57,71
25.10.2025 22:45;58,87
25.10.2025 23:00;58,29
25.10.2025 23:15;53,65
25.10.2025 23:30;53,65
25.10.2025 23:45;55,97
26.10.2025 00:00;54,81
26.10.2025 00:15;54,52
26.10.2025 00:30;55,1
26.10.2025 00:45;55,68
26.10.2025 01:00;54,23
26.10.2025 01:15;56,26
26.10.2025 01:30;54,23
26.10.2025 01:45;54,52
26.10.2025 02:00;55,39
26.10.2025 02:15;54,52
26.10.2025 02:30;53,94
26.10.2025 02:45;56,2832
26.10.2025 02:00;54,5548
26.10.2025 02:15;54,8332
26.10.2025 02:30;56,5848
26.10.2025 02:45;54,8332
26.10.2025 03:00;55,1348
26.10.2025 03:15;54,5432
26.10.2025 03:30;55,7148
26.10.2025 03:45;55,4132
26.10.2025 04:00;55,4248
26.10.2025 04:15;57,7332
26.10.2025 04:30;54,2532
26.10.2025 04:45;56,8748
26.10.2025 05:00;55,7032
26.10.2025 05:15;60,0706
26.10.2025 05:30;60,9348
26.10.2025 05:45;60,3432
26.10.2025 06:00;60,6448
26.10.2025 06:15;60,3432
26.10.2025 06:30;61,5148
26.10.2025 06:45;60,9232
26.10.2025 07:00;60,0648
26.10.2025 07:15;60,3432
26.10.2025 07:30;53,6848
26.10.2025 07:45;52,5132
26.10.2025 08:00;53,9284
26.10.2025 08:15;51,504
26.10.2025 08:30;52,2638
26.10.2025 08:45;52,7104
26.10.2025 09:00;52,1826
26.10.2025 09:15;51,1444
26.10.2025 09:30;52,4668
26.10.2025 09:45;50,8196
26.10.2025 10:00;50,3034
26.10.2025 10:15;51,0168
26.10.2025 10:30;51,0574
26.10.2025 10:45;51,5852
26.10.2025 11:00;52,2696
26.10.2025 11:15;50,8138
26.10.2025 11:30;50,721
26.10.2025 11:45;51,794
26.10.2025 12:00;53,0932
26.10.2025 12:15;51,0748
26.10.2025 12:30;51,4344
26.10.2025 12:45;50,982
26.10.2025 13:00;50,5644
26.10.2025 13:15;50,9704
26.10.2025 13:30;48,8766
26.10.2025 13:45;50,257
26.10.2025 14:00;50,344
26.10.2025 14:15;50,3788
26.10.2025 14:30;49,7988
26.10.2025 14:45;50,3208
26.10.2025 15:00;50,924
26.10.2025 15:15;50,1468
26.10.2025 15:30;50,17
26.10.2025 15:45;50,1642
26.10.2025 16:00;51,1328
26.10.2025 16:15;51,4982
26.10.2025 16:30;50,4484
26.10.2025 16:45;52,461
26.10.2025 17:00;51,1792
26.10.2025 17:15;53,592
26.10.2025 17:30;56,8632
26.10.2025 17:45;58,6032
26.10.2025 18:00;58,6148
26.10.2025 18:15;60,3432
26.10.2025 18:30;59,7748
26.10.2025 18:45;59,4732
26.10.2025 19:00;59,7748
26.10.2025 19:15;60,0532
26.10.2025 19:30;60,6448
26.10.2025 19:45;59,1832
26.10.2025 20:00;60,6448
26.10.2025 20:15;59,7748
26.10.2025 20:30;60,0532
26.10.2025 20:45;70,7948
26.10.2025 21:00;76,0032
26.10.2025 21:15;76,0148
26.10.2025 21:30;75,69
26.10.2025 21:45;73,08
26.10.2025 22:00;70,18
26.10.2025 22:15;71,34
26.10.2025 22:30;70,47
26.10.2025 22:45;70,76
26.10.2025 23:00;71,63
26.10.2025 23:15;66,4448
26.10.2025 23:30;65,8532
26.10.2025 23:45;66,1548
27.10.2025 00:00;67,3032
27.10.2025 00:15;66,1548
27.10.2025 00:30;65,5748
27.10.2025 00:45;67,5932
27.10.2025 01:00;66,1548
27.10.2025 01:15;66,7232
27.10.2025 01:30;67,0248
27.10.2025 01:45;66,4448
27.10.2025 02:00;66,4332
27.10.2025 02:15;67,0248
27.10.2025 02:30;67,0132
27.10.2025 02:45;65,5748
27.10.2025 03:00;66,4448
27.10.2025 03:15;67,3032
27.10.2025 03:30;66,4448
27.10.2025 03:45;67,0132
27.10.2025 04:00;67,0248
27.10.2025 04:15;67,6048
27.10.2025 04:30;66,7232
27.10.2025 04:45;70,7948
27.10.2025 05:00;72,5348
27.10.2025 05:15;91,6632
27.10.2025 05:30;109,0748
27.10.2025 05:45;126,1732
27.10.2025 06:00;133,4348
27.10.2025 06:15;145,0232
27.10.2025 06:30;165,0332
27.10.2025 06:45;175,7632
27.10.2025 07:00;185,0432
27.10.2025 07:15;173,7332
27.10.2025 07:30;174,0406
27.10.2025 07:45;183,3032
27.10.2025 08:00;174,1102
27.10.2025 08:15;171,1174
27.10.2025 08:30;166,7732
27.10.2025 08:45;157,4294
27.10.2025 09:00;176,2562
27.10.2025 09:15;189,399
27.10.2025 09:30;199,7694
27.10.2025 09:45;176,8072
27.10.2025 10:00;190,0776
27.10.2025 10:15;177,0624
27.10.2025 10:30;175,7574
27.10.2025 10:45;171,7264
27.10.2025 11:00;194,3232
27.10.2025 11:15;210,6386
27.10.2025 11:30;207,7502
27.10.2025 11:45;212,1756
27.10.2025 12:00;198,0004
27.10.2025 12:15;177,7004
27.10.2025 12:30;197,9366
27.10.2025 12:45;229,999
27.10.2025 13:00;240,5608
27.10.2025 13:15;197,6466
27.10.2025 13:30;190,907
27.10.2025 13:45;186,934
27.10.2025 14:00;180,2814
27.10.2025 14:15;151,6874
27.10.2025 14:30;125,0248
27.10.2025 14:45;124,7754
27.10.2025 15:00;118,494
27.10.2025 15:15;117,2412
27.10.2025 15:30;101,8596
27.10.2025 15:45;89,5346
27.10.2025 16:00;84,6974
27.10.2025 16:15;78,5088
27.10.2025 16:30;84,0594
27.10.2025 16:45;87,029
27.10.2025 17:00;79,2338
27.10.2025 17:15;81,6234
27.10.2025 17:30;83,8332
27.10.2025 17:45;81,8148
27.10.2025 18:00;69,6232
27.10.2025 18:15;65,5632
27.10.2025 18:30;66,7348
27.10.2025 18:45;63,8232
27.10.2025 19:00;64,1248
27.10.2025 19:15;71,9432
27.10.2025 19:30;69,9248
27.10.2025 19:45;75,1332
27.10.2025 20:00;68,4748
27.10.2025 20:15;69,9248
27.10.2025 20:30;69,6232
27.10.2025 20:45;75,7248
27.10.2025 21:00;67,8832
27.10.2025 21:15;64,9948
27.10.2025 21:30;66,1432
27.10.2025 21:45;66,4448
27.10.2025 22:00;66,7348
27.10.2025 22:15;67,3032
27.10.2025 22:30;64,7048
27.10.2025 22:45;68,1732
27.10.2025 23:00;62,3848
27.10.2025 23:15;60,3548
27.10.2025 23:30;58,0232
27.10.2025 23:45;58,6148
28.10.2025 00:00;58,6032
28.10.2025 00:15;57,71
28.10.2025 00:30;61,48
28.10.2025 00:45;57,13
28.10.2025 01:00;58,58
28.10.2025 01:15;58,29
28.10.2025 01:30;58,29
28.10.2025 01:45;59,16
28.10.2025 02:00;58,58
28.10.2025 02:15;59,16
28.10.2025 02:30;57,71
28.10.2025 02:45;59,1832
28.10.2025 03:00;59,4848
28.10.2025 03:15;59,4848
28.10.2025 03:30;58,3132
28.10.2025 03:45;58,0348
28.10.2025 04:00;58,319
28.10.2025 04:15;73,1148
28.10.2025 04:30;75,7248
28.10.2025 04:45;77,1632
28.10.2025 05:00;78,9148
28.10.2025 05:15;95,1548
28.10.2025 05:30;112,2532
28.10.2025 05:45;126,1848
28.10.2025 06:00;139,2232
28.10.2025 06:15;166,4948
28.10.2025 06:30;186,7658
28.10.2025 06:45;183,8832
28.10.2025 07:00;193,7548
28.10.2025 07:15;189,689
28.10.2025 07:30;182,149
28.10.2025 07:45;198,0816
28.10.2025 08:00;185,3738
28.10.2025 08:15;198,2382
28.10.2025 08:30;187,2298
28.10.2025 08:45;156,3158
28.10.2025 09:00;178,4892
28.10.2025 09:15;188,9988
28.10.2025 09:30;203,8526
28.10.2025 09:45;210,4878
28.10.2025 10:00;231,8434
28.10.2025 10:15;226,6118
28.10.2025 10:30;218,6252
28.10.2025 10:45;226,1652
28.10.2025 11:00;218,0394
28.10.2025 11:15;205,3896
28.10.2025 11:30;208,7652
28.10.2025 11:45;210,8996
28.10.2025 12:00;203,1566
28.10.2025 12:15;181,5052
28.10.2025 12:30;202,5418
28.10.2025 12:45;208,5158
28.10.2025 13:00;218,6658
28.10.2025 13:15;232,5452
28.10.2025 13:30;201,2948
28.10.2025 13:45;193,2386
28.10.2025 14:00;183,164
28.10.2025 14:15;162,7132
28.10.2025 14:30;119,1784
28.10.2025 14:45;118,3664
28.10.2025 15:00;115,449
28.10.2025 15:15;115,4548
28.10.2025 15:30;101,9118
28.10.2025 15:45;100,8214
28.10.2025 16:00;83,4098
28.10.2025 16:15;77,3952
28.10.2025 16:30;76,4034
28.10.2025 16:45;82,1744
28.10.2025 17:00;78,0912
28.10.2025 17:15;83,0386
28.10.2025 17:30;79,4832
28.10.2025 17:45;86,7448
28.10.2025 18:00;79,7732
28.10.2025 18:15;67,8832
28.10.2025 18:30;66,4448
28.10.2025 18:45;67,3032
28.10.2025 19:00;66,1548
28.10.2025 19:15;67,8832
28.10.2025 19:30;78,9032
28.10.2025 19:45;69,6348
28.10.2025 20:00;70,4932
28.10.2025 20:15;81,2348
28.10.2025 20:30;75,4232
28.10.2025 20:45;73,3932
28.10.2025 21:00;71,0848
28.10.2025 21:15;64,9832
28.10.2025 21:30;64,9948
28.10.2025 21:45;64,6932
28.10.2025 22:00;65,8648
28.10.2025 22:15;64,9832
28.10.2025 22:30;64,96
28.10.2025 22:45;66,12
28.10.2025 23:00;62,64
28.10.2025 23:15;59,45
28.10.2025 23:30;58,58
28.10.2025 23:45;58,29
29.10.2025 00:00;57,71
29.10.2025 00:15;58,29
29.10.2025 00:30;57,13
29.10.2025 00:45;60,03
29.10.2025 01:00;57,42
29.10.2025 01:15;57,71
29.10.2025 01:30;58,58
29.10.2025 01:45;57,71
29.10.2025 02:00;59,45
29.10.2025 02:15;58,87
29.10.2025 02:30;57,13
29.10.2025 02:45;58,3248
29.10.2025 03:00;57,1532
29.10.2025 03:15;58,0348
29.10.2025 03:30;59,1832
29.10.2025 03:45;59,1948
29.10.2025 04:00;58,8932
29.10.2025 04:15;65,5748
29.10.2025 04:30;74,2632
29.10.2025 04:45;81,2406
29.10.2025 05:00;81,2232
29.10.2025 05:15;96,6048
29.10.2025 05:30;108,7732
29.10.2025 05:45;124,7348
29.10.2025 06:00;131,1032
29.10.2025 06:15;158,079
29.10.2025 06:30;181,8648
29.10.2025 06:45;191,1216
29.10.2025 07:00;201,289
29.10.2025 07:15;189,6716
29.10.2025 07:30;181,279
29.10.2025 07:45;194,1608
29.10.2025 08:00;183,5526
29.10.2025 08:15;188,7494
29.10.2025 08:30;183,5352
29.10.2025 08:45;155,4748
29.10.2025 09:00;173,6578
29.10.2025 09:15;189,1438
29.10.2025 09:30;179,8464
29.10.2025 09:45;179,7536
29.10.2025 10:00;184,8924
29.10.2025 10:15;191,5218
29.10.2025 10:30;198,6094
29.10.2025 10:45;208,3418
29.10.2025 11:00;213,9446
29.10.2025 11:15;219,3386
29.10.2025 11:30;208,539
29.10.2025 11:45;203,986
29.10.2025 12:00;191,6784
29.10.2025 12:15;164,8882
29.10.2025 12:30;163,4672
29.10.2025 12:45;189,2366
29.10.2025 13:00;199,9318
29.10.2025 13:15;193,2908
29.10.2025 13:30;204,6008
29.10.2025 13:45;193,1284
29.10.2025 14:00;181,888
29.10.2025 14:15;150,8348
29.10.2025 14:30;116
29.10.2025 14:45;117,7806
29.10.2025 15:00;115,2576
29.10.2025 15:15;109,8868
29.10.2025 15:30;107,5668
29.10.2025 15:45;103,8026
29.10.2025 16:00;97,4922
29.10.2025 16:15;96,5062
29.10.2025 16:30;81,7974
29.10.2025 16:45;84,8308
29.10.2025 17:00;79,7558
29.10.2025 17:15;87,3132
29.10.2025 17:30;86,1532
29.10.2025 17:45;88,1832
29.10.2025 18:00;81,2348
29.10.2025 18:15;74,8432
29.10.2025 18:30;67,8832
29.10.2025 18:45;68,7648
29.10.2025 19:00;67,5932
29.10.2025 19:15;79,7848
29.10.2025 19:30;91,6632
29.10.2025 19:45;89,6332
29.10.2025 20:00;73,6948
29.10.2025 20:15;75,4232
29.10.2025 20:30;67,8832
29.10.2025 20:45;67,8948
29.10.2025 21:00;73,3932
29.10.2025 21:15;64,7048
29.10.2025 21:30;64,6932
29.10.2025 21:45;64,6932
29.10.2025 22:00;63,8348
29.10.2025 22:15;63,8232
29.10.2025 22:30;63,51
29.10.2025 22:45;62,64
29.10.2025 23:00;60,9
29.10.2025 23:15;54,81
29.10.2025 23:30;55,39
29.10.2025 23:45;54,81
30.10.2025 00:00;54,81
30.10.2025 00:15;54,52
30.10.2025 00:30;55,39
30.10.2025 00:45;55,1
30.10.2025 01:00;65,25
30.10.2025 01:15;70,47
30.10.2025 01:30;70,18
30.10.2025 01:45;65,83
30.10.2025 02:00;66,12
30.10.2025 02:15;65,54
30.10.2025 02:30;65,54
30.10.2025 02:45;64,1132
30.10.2025 03:00;67,0132
30.10.2025 03:15;65,8648
30.10.2025 03:30;63,5332
30.10.2025 03:45;66,7348
30.10.2025 04:00;65,2732
30.10.2025 04:15;64,4148
30.10.2025 04:30;64,9832
30.10.2025 04:45;66,4448
30.10.2025 05:00;73,3932
30.10.2025 05:15;91,0948
30.10.2025 05:30;105,8732
30.10.2025 05:45;119,2132
30.10.2025 06:00;131,4048
30.10.2025 06:15;162,1216
30.10.2025 06:30;183,3032
30.10.2025 06:45;186,4932
30.10.2025 07:00;194,0216
30.10.2025 07:15;173,7332
30.10.2025 07:30;180,409
30.10.2025 07:45;186,6324
30.10.2025 08:00;194,4508
30.10.2025 08:15;187,3284
30.10.2025 08:30;189,1844
30.10.2025 08:45;175,5138
30.10.2025 09:00;183,8252
30.10.2025 09:15;210,1224
30.10.2025 09:30;191,8698
30.10.2025 09:45;188,065
30.10.2025 10:00;194,1666
30.10.2025 10:15;198,534
30.10.2025 10:30;191,3884
30.10.2025 10:45;186,3366
30.10.2025 11:00;177,2364
30.10.2025 11:15;165,445
30.10.2025 11:30;160,3932
30.10.2025 11:45;162,9046
30.10.2025 12:00;155,6894
30.10.2025 12:15;140,6094
30.10.2025 12:30;158,282
30.10.2025 12:45;159,7784
30.10.2025 13:00;136,764
30.10.2025 13:15;109,9912
30.10.2025 13:30;107,2594
30.10.2025 13:45;107,9032
30.10.2025 14:00;104,8582
30.10.2025 14:15;114,3064
30.10.2025 14:30;113,8888
30.10.2025 14:45;112,3808
30.10.2025 15:00;111,882
30.10.2025 15:15;112,0212
30.10.2025 15:30;112,0386
30.10.2025 15:45;112,2126
30.10.2025 16:00;125,425
30.10.2025 16:15;130,1288
30.10.2025 16:30;130,9292
30.10.2025 16:45;134,7514
30.10.2025 17:00;132,6286
30.10.2025 17:15;131,4222
30.10.2025 17:30;99,7832
30.10.2025 17:45;88,1948
30.10.2025 18:00;89,3432
30.10.2025 18:15;79,7848
30.10.2025 18:30;65,8648
30.10.2025 18:45;64,1132
30.10.2025 19:00;62,0948
30.10.2025 19:15;68,1732
30.10.2025 19:30;71,9548
30.10.2025 19:45;70,2148
30.10.2025 20:00;66,1432
30.10.2025 20:15;63,5448
30.10.2025 20:30;64,9832
30.10.2025 20:45;65,2848
30.10.2025 21:00;60,0648
30.10.2025 21:15;60,0532
30.10.2025 21:30;58,9048
30.10.2025 21:45;63,2432
30.10.2025 22:00;60,0648
30.10.2025 22:15;59,1948
30.10.2025 22:30;60,61
30.10.2025 22:45;60,61
30.10.2025 23:00;59,45
30.10.2025 23:15;55,97
30.10.2025 23:30;54,81
30.10.2025 23:45;56,55
31.10.2025 00:00;54,52
31.10.2025 00:15;55,97
31.10.2025 00:30;54,23
31.10.2025 00:45;55,68
31.10.2025 01:00;55,1
31.10.2025 01:15;55,1
31.10.2025 01:30;55,97
31.10.2025 01:45;54,52
31.10.2025 02:00;54,52
31.10.2025 02:15;57,13
31.10.2025 02:30;54,52
31.10.2025 02:45;55,4132
31.10.2025 03:00;56,0048
31.10.2025 03:15;55,7148
31.10.2025 03:30;55,7148
31.10.2025 03:45;55,1232
31.10.2025 04:00;55,4248
31.10.2025 04:15;55,7148
31.10.2025 04:30;54,8332
31.10.2025 04:45;55,1348
31.10.2025 05:00;56,0048
31.10.2025 05:15;61,2248
31.10.2025 05:30;60,6332
31.10.2025 05:45;62,3848
31.10.2025 06:00;61,5148
31.10.2025 06:15;62,0832
31.10.2025 06:30;60,3548
31.10.2025 06:45;60,9348
31.10.2025 07:00;61,5148
31.10.2025 07:15;60,3432
31.10.2025 07:30;57,1706
31.10.2025 07:45;53,0294
31.10.2025 08:00;54,0792
31.10.2025 08:15;52,7394
31.10.2025 08:30;53,2092
31.10.2025 08:45;52,9482
31.10.2025 09:00;52,2812
31.10.2025 09:15;53,0178
31.10.2025 09:30;52,925
31.10.2025 09:45;53,302
31.10.2025 10:00;52,6698
31.10.2025 10:15;52,519
31.10.2025 10:30;54,6012
31.10.2025 10:45;52,0086
31.10.2025 11:00;52,432
31.10.2025 11:15;51,9564
31.10.2025 11:30;51,2314
31.10.2025 11:45;51,5794
31.10.2025 12:00;51,562
31.10.2025 12:15;51,0458
31.10.2025 12:30;50,9298
31.10.2025 12:45;51,5446
31.10.2025 13:00;51,1676
31.10.2025 13:15;50,5064
31.10.2025 13:30;51,4112
31.10.2025 13:45;51,1096
31.10.2025 14:00;50,46
31.10.2025 14:15;51,069
31.10.2025 14:30;50,9066
31.10.2025 14:45;49,6596
31.10.2025 15:00;51,5446
31.10.2025 15:15;51,0226
31.10.2025 15:30;51,1154
31.10.2025 15:45;51,301
31.10.2025 16:00;52,577
31.10.2025 16:15;59,74
31.10.2025 16:30;59,2992
31.10.2025 16:45;52,1942
31.10.2025 17:00;51,3938
31.10.2025 17:15;56,8632
31.10.2025 17:30;58,6148
31.10.2025 17:45;58,8932
31.10.2025 18:00;59,1948
31.10.2025 18:15;59,7632
31.10.2025 18:30;59,4848
31.10.2025 18:45;59,1832
31.10.2025 19:00;59,1948
31.10.2025 19:15;58,8932
31.10.2025 19:30;59,4848
31.10.2025 19:45;59,4732
31.10.2025 20:00;60,0648
31.10.2025 20:15;59,4848
31.10.2025 20:30;59,7632
31.10.2025 20:45;60,0648
31.10.2025 21:00;58,0232
31.10.2025 21:15;57,4548
31.10.2025 21:30;58,3248
31.10.2025 21:45;58,0232
31.10.2025 22:00;57,1648
31.10.2025 22:15;58,8932
31.10.2025 22:30;58,87
31.10.2025 22:45;59,45
31.10.2025 23:00;59,45
31.10.2025 23:15;55,68
31.10.2025 23:30;55,97
31.10.2025 23:45;53,94
01.11.2025 00:00;55,39
01.11.2025 00:15;54,52
01.11.2025 00:30;54,23
01.11.2025 00:45;54,81
01.11.2025 01:00;55,39
01.11.2025 01:15;54,81
01.11.2025 01:30;53,94
01.11.2025 01:45;55,39
01.11.2025 02:00;54,81
01.11.2025 02:15;54,52
01.11.2025 02:30;54,23
01.11.2025 02:45;56,0048
01.11.2025 03:00;55,7148
01.11.2025 03:15;54,8332
01.11.2025 03:30;56,0048
01.11.2025 03:45;55,4248
01.11.2025 04:00;54,8332
01.11.2025 04:15;53,9748
01.11.2025 04:30;54,8448
01.11.2025 04:45;55,9932
01.11.2025 05:00;55,1348
01.11.2025 05:15;60,9348
01.11.2025 05:30;60,6332
01.11.2025 05:45;60,0648
01.11.2025 06:00;60,3548
01.11.2025 06:15;60,0532
01.11.2025 06:30;60,9348
01.11.2025 06:45;62,3848
01.11.2025 07:00;60,3432
01.11.2025 07:15;60,0648
01.11.2025 07:30;56,2948
01.11.2025 07:45;51,794
01.11.2025 08:00;52,0376
01.11.2025 08:15;52,1884
01.11.2025 08:30;51,4402
01.11.2025 08:45;51,5968
01.11.2025 09:00;52,78
01.11.2025 09:15;52,0956
01.11.2025 09:30;51,4808
01.11.2025 09:45;51,388
01.11.2025 10:00;51,2952
01.11.2025 10:15;51,6664
01.11.2025 10:30;52,1652
01.11.2025 10:45;51,9274
01.11.2025 11:00;51,533
01.11.2025 11:15;51,0168
01.11.2025 11:30;52,4088
01.11.2025 11:45;51,2836
01.11.2025 12:00;51,2256
01.11.2025 12:15;50,2338
01.11.2025 12:30;50,808
01.11.2025 12:45;50,8892
01.11.2025 13:00;50,3092
01.11.2025 13:15;51,4112
01.11.2025 13:30;51,8114
01.11.2025 13:45;51,0922
01.11.2025 14:00;50,6456
01.11.2025 14:15;51,2256
01.11.2025 14:30;53,2788
01.11.2025 14:45;50,2396
01.11.2025 15:00;50,1584
01.11.2025 15:15;51,5214
01.11.2025 15:30;51,2024
01.11.2025 15:45;50,8312
01.11.2025 16:00;50,75
01.11.2025 16:15;51,8288
01.11.2025 16:30;51,33
01.11.2025 16:45;51,6838
01.11.2025 17:00;51,3996
01.11.2025 17:15;58,3538
01.11.2025 17:30;58,0232
01.11.2025 17:45;59,4732
01.11.2025 18:00;59,4848
01.11.2025 18:15;58,8932
01.11.2025 18:30;58,9048
01.11.2025 18:45;59,1832
01.11.2025 19:00;60,3548
01.11.2025 19:15;58,6148
01.11.2025 19:30;58,3132
01.11.2025 19:45;59,7748
01.11.2025 20:00;59,1832
01.11.2025 20:15;59,7748
01.11.2025 20:30;59,1832
01.11.2025 20:45;60,6448
01.11.2025 21:00;58,8932
01.11.2025 21:15;58,3248
01.11.2025 21:30;58,9048
01.11.2025 21:45;57,7332
01.11.2025 22:00;57,4548
01.11.2025 22:15;58,0348
01.11.2025 22:30;61,77
01.11.2025 22:45;59,45
01.11.2025 23:00;59,45
01.11.2025 23:15;54,52
01.11.2025 23:30;54,81
01.11.2025 23:45;53,94
02.11.2025 00:00;54,23
02.11.2025 00:15;55,1
02.11.2025 00:30;54,23
02.11.2025 00:45;54,81
02.11.2025 01:00;56,55
02.11.2025 01:15;54,81
02.11.2025 01:30;54,52
02.11.2025 01:45;53,65
02.11.2025 02:00;54,52
02.11.2025 02:15;55,1
02.11.2025 02:30;54,52
02.11.2025 02:45;54,5432
02.11.2025 03:00;55,1348
02.11.2025 03:15;54,2648
02.11.2025 03:30;54,8332
02.11.2025 03:45;55,4248
02.11.2025 04:00;55,1348
02.11.2025 04:15;55,4132
02.11.2025 04:30;55,7148
02.11.2025 04:45;54,8448
02.11.2025 05:00;54,2532
02.11.2025 05:15;59,1948
02.11.2025 05:30;60,3548
02.11.2025 05:45;59,4732
02.11.2025 06:00;58,9048
02.11.2025 06:15;59,4848
02.11.2025 06:30;59,4732
02.11.2025 06:45;60,3548
02.11.2025 07:00;59,7748
02.11.2025 07:15;59,4732
02.11.2025 07:30;56,5848
02.11.2025 07:45;51,6548
02.11.2025 08:00;52,026
02.11.2025 08:15;51,4344
02.11.2025 08:30;50,8138
02.11.2025 08:45;51,1734
02.11.2025 09:00;51,3532
02.11.2025 09:15;50,779
02.11.2025 09:30;51,5272
02.11.2025 09:45;51,0226
02.11.2025 10:00;51,0458
02.11.2025 10:15;51,1502
02.11.2025 10:30;50,837
02.11.2025 10:45;52,0086
02.11.2025 11:00;51,2082
02.11.2025 11:15;51,765
02.11.2025 11:30;50,9298
02.11.2025 11:45;49,88
02.11.2025 12:00;50,5006
02.11.2025 12:15;49,474
02.11.2025 12:30;50,5528
02.11.2025 12:45;50,17
02.11.2025 13:00;49,4334
02.11.2025 13:15;50,4078
02.11.2025 13:30;50,054
02.11.2025 13:45;50,315
02.11.2025 14:00;49,6364
02.11.2025 14:15;49,9322
02.11.2025 14:30;50,6514
02.11.2025 14:45;50,431
02.11.2025 15:00;53,4006
02.11.2025 15:15;53,7544
02.11.2025 15:30;50,9588
02.11.2025 15:45;50,6166
02.11.2025 16:00;50,5702
02.11.2025 16:15;50,9356
02.11.2025 16:30;50,2976
02.11.2025 16:45;51,0458
02.11.2025 17:00;51,0632
02.11.2025 17:15;56,2948
02.11.2025 17:30;56,2832
02.11.2025 17:45;59,7748
02.11.2025 18:00;58,8932
02.11.2025 18:15;58,9048
02.11.2025 18:30;59,1832
02.11.2025 18:45;59,4848
02.11.2025 19:00;58,6032
02.11.2025 19:15;58,6148
02.11.2025 19:30;58,6032
02.11.2025 19:45;58,6148
02.11.2025 20:00;58,3132
02.11.2025 20:15;59,1948
02.11.2025 20:30;59,1948
02.11.2025 20:45;58,6032
02.11.2025 21:00;58,3248
02.11.2025 21:15;58,0232
02.11.2025 21:30;59,1948
02.11.2025 21:45;58,3248
02.11.2025 22:00;56,5732
02.11.2025 22:15;57,4548
02.11.2025 22:30;59,16
02.11.2025 22:45;58,87
02.11.2025 23:00;59,16
02.11.2025 23:15;54,23
02.11.2025 23:30;55,39
02.11.2025 23:45;54,81
03.11.2025 00:00;53,94
03.11.2025 00:15;54,23
03.11.2025 00:30;55,39
03.11.2025 00:45;55,1
03.11.2025 01:00;53,94
03.11.2025 01:15;54,23
03.11.2025 01:30;54,52
03.11.2025 01:45;53,36
03.11.2025 02:00;53,94
03.11.2025 02:15;55,1
03.11.2025 02:30;54,52
03.11.2025 02:45;54,5548
03.11.2025 03:00;54,2532
03.11.2025 03:15;54,8448
03.11.2025 03:30;56,2948
03.11.2025 03:45;55,4132
03.11.2025 04:00;55,1348
03.11.2025 04:15;55,7032
03.11.2025 04:30;55,1348
03.11.2025 04:45;56,8748
03.11.2025 05:00;67,3032
03.11.2025 05:15;81,5248
03.11.2025 05:30;91,6632
03.11.2025 05:45;118,6448
03.11.2025 06:00;136,0448
03.11.2025 06:15;161,5532
03.11.2025 06:30;172,2658
03.11.2025 06:45;182,4448
03.11.2025 07:00;179,8232
03.11.2025 07:15;165,3116
03.11.2025 07:30;163,8616
03.11.2025 07:45;168,4494
03.11.2025 08:00;177,2654
03.11.2025 08:15;180,641
03.11.2025 08:30;173,913
03.11.2025 08:45;154,715
03.11.2025 09:00;168,3102
03.11.2025 09:15;171,3088
03.11.2025 09:30;172,4108
03.11.2025 09:45;173,536
03.11.2025 10:00;171,7438
03.11.2025 10:15;170,6244
03.11.2025 10:30;179,0808
03.11.2025 10:45;177,2828
03.11.2025 11:00;178,1006
03.11.2025 11:15;187,427
03.11.2025 11:30;189,3642
03.11.2025 11:45;180,0784
03.11.2025 12:00;171,8598
03.11.2025 12:15;166,4426
03.11.2025 12:30;189,2482
03.11.2025 12:45;220,7422
03.11.2025 13:00;199,9956
03.11.2025 13:15;188,6392
03.11.2025 13:30;209,1596
03.11.2025 13:45;203,0986
03.11.2025 14:00;184,4516
03.11.2025 14:15;151,6584
03.11.2025 14:30;111,8704
03.11.2025 14:45;122,5888
03.11.2025 15:00;122,4728
03.11.2025 15:15;118,6042
03.11.2025 15:30;102,3352
03.11.2025 15:45;91,1934
03.11.2025 16:00;78,59
03.11.2025 16:15;74,7446
03.11.2025 16:30;82,2266
03.11.2025 16:45;78,1608
03.11.2025 17:00;74,2864
03.11.2025 17:15;67,8948
03.11.2025 17:30;66,4332
03.11.2025 17:45;67,8832
03.11.2025 18:00;68,4748
03.11.2025 18:15;66,4332
03.11.2025 18:30;68,4748
03.11.2025 18:45;66,4332
03.11.2025 19:00;66,7348
03.11.2025 19:15;67,8832
03.11.2025 19:30;65,5748
03.11.2025 19:45;76,2932
03.11.2025 20:00;78,0332
03.11.2025 20:15;67,6048
03.11.2025 20:30;65,2732
03.11.2025 20:45;65,2848
03.11.2025 21:00;70,2148
03.11.2025 21:15;67,3032
03.11.2025 21:30;64,4148
03.11.2025 21:45;64,6932
03.11.2025 22:00;64,4148
03.11.2025 22:15;63,5332
03.11.2025 22:30;60,9
03.11.2025 22:45;60,61
03.11.2025 23:00;61,19
03.11.2025 23:15;57,71
03.11.2025 23:30;57,42
03.11.2025 23:45;54,81
04.11.2025 00:00;56,84
04.11.2025 00:15;54,81
04.11.2025 00:30;56,55
04.11.2025 00:45;62,93
04.11.2025 01:00;72,79
04.11.2025 01:15;73,08
04.11.2025 01:30;72,21
04.11.2025 01:45;68,15
04.11.2025 02:00;65,54
04.11.2025 02:15;68,15
04.11.2025 02:30;66,99
04.11.2025 02:45;67,3148
04.11.2025 03:00;67,5932
04.11.2025 03:15;67,3148
04.11.2025 03:30;67,6048
04.11.2025 03:45;66,4332
04.11.2025 04:00;67,0248
04.11.2025 04:15;63,8232
04.11.2025 04:30;67,8948
04.11.2025 04:45;71,0848
04.11.2025 05:00;74,2632
04.11.2025 05:15;92,8348
04.11.2025 05:30;105,8732
04.11.2025 05:45;124,1548
04.11.2025 06:00;145,0232
04.11.2025 06:15;174,3248
04.11.2025 06:30;207,9532
04.11.2025 06:45;215,4932
04.11.2025 07:00;210,2616
04.11.2025 07:15;193,1516
04.11.2025 07:30;218,979
04.11.2025 07:45;223,3348
04.11.2025 08:00;221,1946
04.11.2025 08:15;213,5212
04.11.2025 08:30;206,0044
04.11.2025 08:45;171,8134
04.11.2025 09:00;197,664
04.11.2025 09:15;210,5806
04.11.2025 09:30;215,8934
04.11.2025 09:45;232,8294
04.11.2025 10:00;204,189
04.11.2025 10:15;184,0862
04.11.2025 10:30;185,5826
04.11.2025 10:45;186,7774
04.11.2025 11:00;199,0328
04.11.2025 11:15;174,1856
04.11.2025 11:30;173,5592
04.11.2025 11:45;177,6076
04.11.2025 12:00;172,753
04.11.2025 12:15;166,518
04.11.2025 12:30;164,3082
04.11.2025 12:45;191,2318
04.11.2025 13:00;212,3032
04.11.2025 13:15;199,143
04.11.2025 13:30;192,6296
04.11.2025 13:45;185,6522
04.11.2025 14:00;174,7946
04.11.2025 14:15;140,766
04.11.2025 14:30;116,3248
04.11.2025 14:45;118,8826
04.11.2025 15:00;126,5038
04.11.2025 15:15;129,775
04.11.2025 15:30;125,5178
04.11.2025 15:45;125,4482
04.11.2025 16:00;116,551
04.11.2025 16:15;115,6984
04.11.2025 16:30;115,072
04.11.2025 16:45;114,3992
04.11.2025 17:00;118,1228
04.11.2025 17:15;114,8748
04.11.2025 17:30;98,0432
04.11.2025 17:45;95,7348
04.11.2025 18:00;83,8332
04.11.2025 18:15;82,6848
04.11.2025 18:30;77,7432
04.11.2025 18:45;68,7648
04.11.2025 19:00;67,0248
04.11.2025 19:15;67,3032
04.11.2025 19:30;78,0448
04.11.2025 19:45;77,1632
04.11.2025 20:00;67,3148
04.11.2025 20:15;69,0432
04.11.2025 20:30;87,3248
04.11.2025 20:45;82,1048
04.11.2025 21:00;84,7032
04.11.2025 21:15;76,0148
04.11.2025 21:30;79,7848
04.11.2025 21:45;73,1032
04.11.2025 22:00;74,2748
04.11.2025 22:15;74,8548
04.11.2025 22:30;73,08
04.11.2025 22:45;75,11
04.11.2025 23:00;73,08
04.11.2025 23:15;73,37
04.11.2025 23:30;66,12
04.11.2025 23:45;71,05
05.11.2025 00:00;68,73
05.11.2025 00:15;69,02
05.11.2025 00:30;71,05
05.11.2025 00:45;68,15
05.11.2025 01:00;70,47
05.11.2025 01:15;69,02
05.11.2025 01:30;72,5
05.11.2025 01:45;68,15
05.11.2025 02:00;70,76
05.11.2025 02:15;69,89
05.11.2025 02:30;69,31
05.11.2025 02:45;71,3748
05.11.2025 03:00;67,6048
05.11.2025 03:15;72,5348
05.11.2025 03:30;69,9132
05.11.2025 03:45;69,0548
05.11.2025 04:00;70,2148
05.11.2025 04:15;69,0432
05.11.2025 04:30;71,0848
05.11.2025 04:45;71,9548
05.11.2025 05:00;78,9148
05.11.2025 05:15;87,3132
05.11.2025 05:30;96,3148
05.11.2025 05:45;122,1248
05.11.2025 06:00;121,8232
05.11.2025 06:15;160,6948
05.11.2025 06:30;182,7232
05.11.2025 06:45;188,2448
05.11.2025 07:00;182,7232
05.11.2025 07:15;167,9506
05.11.2025 07:30;171,1232
05.11.2025 07:45;181,3776
05.11.2025 08:00;186,3772
05.11.2025 08:15;179,742
05.11.2025 08:30;162,806
05.11.2025 08:45;146,2818
05.11.2025 09:00;166,8834
05.11.2025 09:15;185,4666
05.11.2025 09:30;176,6854
05.11.2025 09:45;170,607
05.11.2025 10:00;164,0588
05.11.2025 10:15;165,7872
05.11.2025 10:30;155,0282
05.11.2025 10:45;153,8798
05.11.2025 11:00;155,2312
05.11.2025 11:15;161,2458
05.11.2025 11:30;164,7374
05.11.2025 11:45;168,838
05.11.2025 12:00;170,7346
05.11.2025 12:15;145,2494
05.11.2025 12:30;153,2998
05.11.2025 12:45;190,1124
05.11.2025 13:00;200,0768
05.11.2025 13:15;164,6678
05.11.2025 13:30;165,1376
05.11.2025 13:45;162,922
05.11.2025 14:00;167,3126
05.11.2025 14:15;146,6298
05.11.2025 14:30;118,3374
05.11.2025 14:45;123,3196
05.11.2025 15:00;122,2988
05.11.2025 15:15;120,0484
05.11.2025 15:30;107,851
05.11.2025 15:45;111,0062
05.11.2025 16:00;104,9916
05.11.2025 16:15;83,6998
05.11.2025 16:30;82,4006
05.11.2025 16:45;86,6056
05.11.2025 17:00;88,6588
05.11.2025 17:15;84,4248
05.11.2025 17:30;84,1348
05.11.2025 17:45;84,9932
05.11.2025 18:00;86,1648
05.11.2025 18:15;87,9048
05.11.2025 18:30;81,8148
05.11.2025 18:45;70,2032
05.11.2025 19:00;71,6648
05.11.2025 19:15;71,0848
05.11.2025 19:30;71,9548
05.11.2025 19:45;69,3448
05.11.2025 20:00;88,7632
05.11.2025 20:15;81,8148
05.11.2025 20:30;72,8248
05.11.2025 20:45;74,5648
05.11.2025 21:00;74,5648
05.11.2025 21:15;68,7648
05.11.2025 21:30;70,2032
05.11.2025 21:45;69,3448
05.11.2025 22:00;67,0248
05.11.2025 22:15;68,4748
05.11.2025 22:30;67,57
05.11.2025 22:45;66,12
05.11.2025 23:00;65,54
05.11.2025 23:15;62,93
05.11.2025 23:30;61,48
05.11.2025 23:45;63,22
06.11.2025 00:00;63,51
06.11.2025 00:15;61,19
06.11.2025 00:30;61,48
06.11.2025 00:45;66,99
06.11.2025 01:00;78,01
06.11.2025 01:15;79,17
06.11.2025 01:30;75,98
06.11.2025 01:45;73,37
06.11.2025 02:00;72,5
06.11.2025 02:15;74,24
06.11.2025 02:30;72,5
06.11.2025 02:45;74,2748
06.11.2025 03:00;72,5348
06.11.2025 03:15;72,2332
06.11.2025 03:30;71,3748
06.11.2025 03:45;72,5348
06.11.2025 04:00;73,9848
06.11.2025 04:15;73,4048
06.11.2025 04:30;73,1148
06.11.2025 04:45;77,1748
06.11.2025 05:00;82,3832
06.11.2025 05:15;92,8348
06.11.2025 05:30;97,4748
06.11.2025 05:45;124,1548
06.11.2025 06:00;128,7948
06.11.2025 06:15;144,4432
06.11.2025 06:30;172,8806
06.11.2025 06:45;176,6448
06.11.2025 07:00;182,729
06.11.2025 07:15;169,1048
06.11.2025 07:30;165,0506
06.11.2025 07:45;178,263
06.11.2025 08:00;173,507
06.11.2025 08:15;173,9768
06.11.2025 08:30;165,2536
06.11.2025 08:45;153,0968
06.11.2025 09:00;171,419
06.11.2025 09:15;175,4442
06.11.2025 09:30;185,4376
06.11.2025 09:45;178,0716
06.11.2025 10:00;173,7274
06.11.2025 10:15;161,704
06.11.2025 10:30;164,691
06.11.2025 10:45;165,6306
06.11.2025 11:00;159,8828
06.11.2025 11:15;169,157
06.11.2025 11:30;182,207
06.11.2025 11:45;183,2974
06.11.2025 12:00;180,2292
06.11.2025 12:15;156,2868
06.11.2025 12:30;177,9034
06.11.2025 12:45;173,0024
06.11.2025 13:00;193,3198
06.11.2025 13:15;184,7068
06.11.2025 13:30;168,8148
06.11.2025 13:45;155,5386
06.11.2025 14:00;146,0672
06.11.2025 14:15;132,7098
06.11.2025 14:30;112,3634
06.11.2025 14:45;125,3322
06.11.2025 15:00;124,7928
06.11.2025 15:15;127,1882
06.11.2025 15:30;131,8688
06.11.2025 15:45;128,876
06.11.2025 16:00;123,7198
06.11.2025 16:15;107,2942
06.11.2025 16:30;105,299
06.11.2025 16:45;108,1758
06.11.2025 17:00;107,822
06.11.2025 17:15;109,0748
06.11.2025 17:30;108,1932
06.11.2025 17:45;110,5248
06.11.2025 18:00;115,7448
06.11.2025 18:15;117,1832
06.11.2025 18:30;105,5948
06.11.2025 18:45;98,6348
06.11.2025 19:00;98,0548
06.11.2025 19:15;96,3032
06.11.2025 19:30;93,7048
06.11.2025 19:45;104,7248
06.11.2025 20:00;98,0432
06.11.2025 20:15;92,2548
06.11.2025 20:30;93,7048
06.11.2025 20:45;91,3848
06.11.2025 21:00;91,9532
06.11.2025 21:15;89,3548
06.11.2025 21:30;90,8048
06.11.2025 21:45;90,2248
06.11.2025 22:00;87,8932
06.11.2025 22:15;86,4548
06.11.2025 22:30;86,13
06.11.2025 22:45;87
06.11.2025 23:00;88,16
06.11.2025 23:15;82,65
06.11.2025 23:30;82,65
06.11.2025 23:45;83,23
07.11.2025 00:00;93,38
07.11.2025 00:15;99,76
07.11.2025 00:30;97,44
07.11.2025 00:45;92,8
07.11.2025 01:00;93,38
07.11.2025 01:15;93,09
07.11.2025 01:30;93,38
07.11.2025 01:45;93,67
07.11.2025 02:00;94,83
07.11.2025 02:15;93,67
07.11.2025 02:30;93,96
07.11.2025 02:45;92,8348
07.11.2025 03:00;93,7048
07.11.2025 03:15;91,3848
07.11.2025 03:30;92,5332
07.11.2025 03:45;93,1248
07.11.2025 04:00;92,2548
07.11.2025 04:15;92,5448
07.11.2025 04:30;92,2548
07.11.2025 04:45;97,4632
07.11.2025 05:00;100,9548
07.11.2025 05:15;118,0648
07.11.2025 05:30;141,2648
07.11.2025 05:45;148,7932
07.11.2025 06:00;154,0248
07.11.2025 06:15;163,5948
07.11.2025 06:30;195,1932
07.11.2025 06:45;189,4048
07.11.2025 07:00;195,2048
07.11.2025 07:15;180,989
07.11.2025 07:30;189,1148
07.11.2025 07:45;180,7048
07.11.2025 08:00;201,9328
07.11.2025 08:15;189,0394
07.11.2025 08:30;176,3664
07.11.2025 08:45;172,3528
07.11.2025 09:00;181,7256
07.11.2025 09:15;178,814
07.11.2025 09:30;182,3694
07.11.2025 09:45;180,0552
07.11.2025 10:00;165,6016
07.11.2025 10:15;170,7984
07.11.2025 10:30;178,669
07.11.2025 10:45;178,263
07.11.2025 11:00;181,3892
07.11.2025 11:15;167,968
07.11.2025 11:30;158,6184
07.11.2025 11:45;150,713
07.11.2025 12:00;154,454
07.11.2025 12:15;134,6528
07.11.2025 12:30;112,4446
07.11.2025 12:45;106,6156
07.11.2025 13:00;103,5242
07.11.2025 13:15;98,8668
07.11.2025 13:30;95,3114
07.11.2025 13:45;91,4486
07.11.2025 14:00;100,3748
07.11.2025 14:15;93,554
07.11.2025 14:30;88,1194
07.11.2025 14:45;89,0938
07.11.2025 15:00;88,5834
07.11.2025 15:15;87,6264
07.11.2025 15:30;85,8748
07.11.2025 15:45;64,2988
07.11.2025 16:00;61,5786
07.11.2025 16:15;58,5974
07.11.2025 16:30;60,1518
07.11.2025 16:45;62,8662
07.11.2025 17:00;65,7198
07.11.2025 17:15;64,4148
07.11.2025 17:30;65,8532
07.11.2025 17:45;67,0248
07.11.2025 18:00;64,1248
07.11.2025 18:15;63,2432
07.11.2025 18:30;63,8348
07.11.2025 18:45;63,2548
07.11.2025 19:00;65,5632
07.11.2025 19:15;65,8648
07.11.2025 19:30;66,4448
07.11.2025 19:45;63,2432
07.11.2025 20:00;63,5448
07.11.2025 20:15;64,1248
07.11.2025 20:30;63,2548
07.11.2025 20:45;63,2432
07.11.2025 21:00;64,9948
07.11.2025 21:15;62,9648
07.11.2025 21:30;62,6748
07.11.2025 21:45;62,0948
07.11.2025 22:00;62,3732
07.11.2025 22:15;61,5148
07.11.2025 22:30;61,77
07.11.2025 22:45;64,38
07.11.2025 23:00;64,38
07.11.2025 23:15;59,16
07.11.2025 23:30;59,45
07.11.2025 23:45;58
08.11.2025 00:00;58,87
08.11.2025 00:15;59,45
08.11.2025 00:30;60,32
08.11.2025 00:45;59,74
08.11.2025 01:00;60,32
08.11.2025 01:15;60,03
08.11.2025 01:30;58,58
08.11.2025 01:45;58,87
08.11.2025 02:00;58,58
08.11.2025 02:15;58,29
08.11.2025 02:30;59,45
08.11.2025 02:45;58,0232
08.11.2025 03:00;58,6148
08.11.2025 03:15;60,9348
08.11.2025 03:30;59,4848
08.11.2025 03:45;58,0348
08.11.2025 04:00;59,7632
08.11.2025 04:15;58,9048
08.11.2025 04:30;58,3248
08.11.2025 04:45;59,1948
08.11.2025 05:00;59,4732
08.11.2025 05:15;64,4148
08.11.2025 05:30;71,6648
08.11.2025 05:45;74,2748
08.11.2025 06:00;78,6248
08.11.2025 06:15;78,0448
08.11.2025 06:30;79,4832
08.11.2025 06:45;80,6548
08.11.2025 07:00;80,6548
08.11.2025 07:15;81,2348
08.11.2025 07:30;90,2132
08.11.2025 07:45;80,6606
08.11.2025 08:00;83,172
08.11.2025 08:15;79,866
08.11.2025 08:30;81,0434
08.11.2025 08:45;74,7446
08.11.2025 09:00;86,8608
08.11.2025 09:15;94,5922
08.11.2025 09:30;91,7096
08.11.2025 09:45;87,551
08.11.2025 10:00;81,577
08.11.2025 10:15;75,9046
08.11.2025 10:30;75,8988
08.11.2025 10:45;76,7746
08.11.2025 11:00;70,0176
08.11.2025 11:15;63,1388
08.11.2025 11:30;61,7062
08.11.2025 11:45;61,2016
08.11.2025 12:00;60,1402
08.11.2025 12:15;50,9646
08.11.2025 12:30;52,7162
08.11.2025 12:45;50,9704
08.11.2025 13:00;50,837
08.11.2025 13:15;50,7616
08.11.2025 13:30;49,9496
08.11.2025 13:45;50,8196
08.11.2025 14:00;52,3798
08.11.2025 14:15;49,358
08.11.2025 14:30;49,8684
08.11.2025 14:45;49,822
08.11.2025 15:00;50,373
08.11.2025 15:15;51,0342
08.11.2025 15:30;51,1038
08.11.2025 15:45;52,983
08.11.2025 16:00;51,2024
08.11.2025 16:15;51,2198
08.11.2025 16:30;52,1768
08.11.2025 16:45;50,953
08.11.2025 17:00;56,0048
08.11.2025 17:15;57,7332
08.11.2025 17:30;60,3548
08.11.2025 17:45;61,7932
08.11.2025 18:00;59,1948
08.11.2025 18:15;59,7748
08.11.2025 18:30;59,1832
08.11.2025 18:45;58,9048
08.11.2025 19:00;60,6448
08.11.2025 19:15;59,4848
08.11.2025 19:30;61,5032
08.11.2025 19:45;59,1948
08.11.2025 20:00;61,2248
08.11.2025 20:15;60,0532
08.11.2025 20:30;59,1948
08.11.2025 20:45;58,6148
08.11.2025 21:00;59,7632
08.11.2025 21:15;59,1948
08.11.2025 21:30;58,3248
08.11.2025 21:45;57,7448
08.11.2025 22:00;57,4432
08.11.2025 22:15;58,6148
08.11.2025 22:30;58,87
08.11.2025 22:45;61,19
08.11.2025 23:00;60,03
08.11.2025 23:15;55,1
08.11.2025 23:30;54,81
08.11.2025 23:45;55,1
09.11.2025 00:00;54,23
09.11.2025 00:15;55,68
09.11.2025 00:30;57,42
09.11.2025 00:45;54,23
09.11.2025 01:00;55,1
09.11.2025 01:15;54,52
09.11.2025 01:30;54,52
09.11.2025 01:45;55,39
09.11.2025 02:00;55,68
09.11.2025 02:15;56,26
09.11.2025 02:30;55,1
09.11.2025 02:45;56,0048
09.11.2025 03:00;54,8448
09.11.2025 03:15;55,1348
09.11.2025 03:30;54,2648
09.11.2025 03:45;59,1832
09.11.2025 04:00;56,2948
09.11.2025 04:15;54,2648
09.11.2025 04:30;55,7148
09.11.2025 04:45;55,4248
09.11.2025 05:00;55,4248
09.11.2025 05:15;59,1832
09.11.2025 05:30;60,3548
09.11.2025 05:45;60,6448
09.11.2025 06:00;60,0648
09.11.2025 06:15;59,4848
09.11.2025 06:30;59,4732
09.11.2025 06:45;60,6448
09.11.2025 07:00;59,1948
09.11.2025 07:15;60,9348
09.11.2025 07:30;60,6448
09.11.2025 07:45;53,9632
09.11.2025 08:00;51,9506
09.11.2025 08:15;52,3508
09.11.2025 08:30;51,2256
09.11.2025 08:45;51,5852
09.11.2025 09:00;52,316
09.11.2025 09:15;53,0584
09.11.2025 09:30;52,5538
09.11.2025 09:45;50,3672
09.11.2025 10:00;51,0806
09.11.2025 10:15;51,4982
09.11.2025 10:30;51,2546
09.11.2025 10:45;52,9018
09.11.2025 11:00;51,9912
09.11.2025 11:15;51,0516
09.11.2025 11:30;51,3416
09.11.2025 11:45;50,924
09.11.2025 12:00;51,7592
09.11.2025 12:15;52,606
09.11.2025 12:30;51,8056
09.11.2025 12:45;61,248
09.11.2025 13:00;68,1848
09.11.2025 13:15;67,86
09.11.2025 13:30;66,0678
09.11.2025 13:45;67,4482
09.11.2025 14:00;66,2012
09.11.2025 14:15;65,7372
09.11.2025 14:30;65,0122
09.11.2025 14:45;62,7966
09.11.2025 15:00;63,3012
09.11.2025 15:15;63,0866
09.11.2025 15:30;65,3138
09.11.2025 15:45;64,1712
09.11.2025 16:00;62,7966
09.11.2025 16:15;62,7908
09.11.2025 16:30;61,3582
09.11.2025 16:45;62,8198
09.11.2025 17:00;68,9678
09.11.2025 17:15;70,2032
09.11.2025 17:30;69,6348
09.11.2025 17:45;69,0432
09.11.2025 18:00;71,6648
09.11.2025 18:15;70,2032
09.11.2025 18:30;72,2332
09.11.2025 18:45;69,6348
09.11.2025 19:00;80,9332
09.11.2025 19:15;91,0948
09.11.2025 19:30;89,9232
09.11.2025 19:45;81,8148
09.11.2025 20:00;71,9432
09.11.2025 20:15;71,9548
09.11.2025 20:30;76,0032
09.11.2025 20:45;69,3448
09.11.2025 21:00;68,7532
09.11.2025 21:15;71,0848
09.11.2025 21:30;70,7832
09.11.2025 21:45;67,6048
09.11.2025 22:00;69,3332
09.11.2025 22:15;70,5048
09.11.2025 22:30;68,73
09.11.2025 22:45;71,05
09.11.2025 23:00;73,08
09.11.2025 23:15;66,99
09.11.2025 23:30;64,96
09.11.2025 23:45;66,41
10.11.2025 00:00;66,41
10.11.2025 00:15;66,7
10.11.2025 00:30;66,7
10.11.2025 00:45;65,83
10.11.2025 01:00;66,99
10.11.2025 01:15;65,25
10.11.2025 01:30;65,54
10.11.2025 01:45;69,31
10.11.2025 02:00;65,25
10.11.2025 02:15;66,7
10.11.2025 02:30;68,15
10.11.2025 02:45;65,2848
10.11.2025 03:00;67,8832
10.11.2025 03:15;68,7648
10.11.2025 03:30;66,1548
10.11.2025 03:45;66,1432
10.11.2025 04:00;68,1848
10.11.2025 04:15;67,3032
10.11.2025 04:30;68,1848
10.11.2025 04:45;69,9248
10.11.2025 05:00;75,7132
10.11.2025 05:15;90,8048
10.11.2025 05:30;105,8732
10.11.2025 05:45;123,0006
10.11.2025 06:00;131,3932
10.11.2025 06:15;158,6648
10.11.2025 06:30;179,2432
10.11.2025 06:45;187,0732
10.11.2025 07:00;181,2964
10.11.2025 07:15;166,779
10.11.2025 07:30;187,0848
10.11.2025 07:45;197,8032
10.11.2025 08:00;189,7006
10.11.2025 08:15;194,7524
10.11.2025 08:30;189,9036
10.11.2025 08:45;165,0506
10.11.2025 09:00;185,89
10.11.2025 09:15;206,4684
10.11.2025 09:30;205,523
10.11.2025 09:45;202,0778
10.11.2025 10:00;197,3276
10.11.2025 10:15;196,6142
10.11.2025 10:30;180,9368
10.11.2025 10:45;183,4076
10.11.2025 11:00;176,3664
10.11.2025 11:15;181,9808
10.11.2025 11:30;181,221
10.11.2025 11:45;193,0066
10.11.2025 12:00;198,1396
10.11.2025 12:15;160,4628
10.11.2025 12:30;177,915
10.11.2025 12:45;199,6998
10.11.2025 13:00;201,6428
10.11.2025 13:15;186,093
10.11.2025 13:30;172,3238
10.11.2025 13:45;180,6178
10.11.2025 14:00;174,6264
10.11.2025 14:15;153,8798
10.11.2025 14:30;124,7058
10.11.2025 14:45;125,3322
10.11.2025 15:00;122,0668
10.11.2025 15:15;120,3268
10.11.2025 15:30;113,4364
10.11.2025 15:45;111,6036
10.11.2025 16:00;107,909
10.11.2025 16:15;103,7678
10.11.2025 16:30;102,5266
10.11.2025 16:45;107,474
10.11.2025 17:00;91,6748
10.11.2025 17:15;90,2132
10.11.2025 17:30;72,5232
10.11.2025 17:45;72,5348
10.11.2025 18:00;68,7532
10.11.2025 18:15;69,0432
10.11.2025 18:30;71,0848
10.11.2025 18:45;71,3632
10.11.2025 19:00;72,5232
10.11.2025 19:15;74,8548
10.11.2025 19:30;83,8332
10.11.2025 19:45;73,6948
10.11.2025 20:00;69,9132
10.11.2025 20:15;71,0848
10.11.2025 20:30;69,6232
10.11.2025 20:45;69,3332
10.11.2025 21:00;64,7048
10.11.2025 21:15;64,4032
10.11.2025 21:30;65,8648
10.11.2025 21:45;64,1132
10.11.2025 22:00;64,7048
10.11.2025 22:15;64,1132
10.11.2025 22:30;67,86
10.11.2025 22:45;68,44
10.11.2025 23:00;61,19
10.11.2025 23:15;57,71
10.11.2025 23:30;55,68
10.11.2025 23:45;57,13
11.11.2025 00:00;58,29
11.11.2025 00:15;58
11.11.2025 00:30;56,55
11.11.2025 00:45;57,13
11.11.2025 01:00;56,55
11.11.2025 01:15;58
11.11.2025 01:30;56,84
11.11.2025 01:45;56,55
11.11.2025 02:00;55,1
11.11.2025 02:15;59,45
11.11.2025 02:30;59,74
11.11.2025 02:45;56,8632
11.11.2025 03:00;55,7148
11.11.2025 03:15;64,6932
11.11.2025 03:30;74,2748
11.11.2025 03:45;73,9732
11.11.2025 04:00;72,2448
11.11.2025 04:15;73,9732
11.11.2025 04:30;71,0848
11.11.2025 04:45;77,4532
11.11.2025 05:00;81,5248
11.11.2025 05:15;94,8532
11.11.2025 05:30;108,2048
11.11.2025 05:45;121,8232
11.11.2025 06:00;138,6548
11.11.2025 06:15;163,8732
11.11.2025 06:30;198,6732
11.11.2025 06:45;198,6732
11.11.2025 07:00;193,4416
11.11.2025 07:15;182,439
11.11.2025 07:30;183,0132
11.11.2025 07:45;198,6616
11.11.2025 08:00;202,2634
11.11.2025 08:15;190,6866
11.11.2025 08:30;193,3372
11.11.2025 08:45;163,2758
11.11.2025 09:00;191,226
11.11.2025 09:15;212,5584
11.11.2025 09:30;201,7646
11.11.2025 09:45;192,6354
11.11.2025 10:00;192,1424
11.11.2025 10:15;204,4036
11.11.2025 10:30;200,477
11.11.2025 10:45;203,2784
11.11.2025 11:00;211,1548
11.11.2025 11:15;188,4594
11.11.2025 11:30;189,7702
11.11.2025 11:45;196,2662
11.11.2025 12:00;182,5144
11.11.2025 12:15;159,1114
11.11.2025 12:30;177,9846
11.11.2025 12:45;186,0466
11.11.2025 13:00;201,8342
11.11.2025 13:15;183,6222
11.11.2025 13:30;170,9376
11.11.2025 13:45;175,392
11.11.2025 14:00;164,749
11.11.2025 14:15;144,7912
11.11.2025 14:30;126,5618
11.11.2025 14:45;122,8382
11.11.2025 15:00;122,786
11.11.2025 15:15;117,2006
11.11.2025 15:30;117,9662
11.11.2025 15:45;107,8626
11.11.2025 16:00;105,734
11.11.2025 16:15;104,1332
11.11.2025 16:30;90,944
11.11.2025 16:45;78,5378
11.11.2025 17:00;90,2248
11.11.2025 17:15;90,5032
11.11.2025 17:30;91,3732
11.11.2025 17:45;87,6148
11.11.2025 18:00;85,5732
11.11.2025 18:15;89,6332
11.11.2025 18:30;83,2648
11.11.2025 18:45;72,8132
11.11.2025 19:00;72,5348
11.11.2025 19:15;72,5232
11.11.2025 19:30;81,2348
11.11.2025 19:45;74,8432
11.11.2025 20:00;73,9848
11.11.2025 20:15;75,7132
11.11.2025 20:30;74,2748
11.11.2025 20:45;64,4032
11.11.2025 21:00;62,9532
11.11.2025 21:15;63,8348
11.11.2025 21:30;67,5932
11.11.2025 21:45;61,8048
11.11.2025 22:00;59,7632
11.11.2025 22:15;62,0948
11.11.2025 22:30;60,32
11.11.2025 22:45;64,67
11.11.2025 23:00;60,61
11.11.2025 23:15;55,39
11.11.2025 23:30;55,1
11.11.2025 23:45;57,13
12.11.2025 00:00;55,68
12.11.2025 00:15;55,1
12.11.2025 00:30;56,55
12.11.2025 00:45;54,81
12.11.2025 01:00;54,81
12.11.2025 01:15;69,02
12.11.2025 01:30;71,92
12.11.2025 01:45;71,92
12.11.2025 02:00;71,92
12.11.2025 02:15;71,05
12.11.2025 02:30;68,15
12.11.2025 02:45;68,4748
12.11.2025 03:00;68,7532
12.11.2025 03:15;67,8948
12.11.2025 03:30;67,0248
12.11.2025 03:45;68,7532
12.11.2025 04:00;67,8948
12.11.2025 04:15;67,3032
12.11.2025 04:30;67,0248
12.11.2025 04:45;71,6532
12.11.2025 05:00;80,3648
12.11.2025 05:15;91,9532
12.11.2025 05:30;106,4648
12.11.2025 05:45;120,3732
12.11.2025 06:00;125,6048
12.11.2025 06:15;156,339
12.11.2025 06:30;200,7032
12.11.2025 06:45;200,999
12.11.2025 07:00;177,2132
12.11.2025 07:15;178,6632
12.11.2025 07:30;172,2832
12.11.2025 07:45;204,1832
12.11.2025 08:00;195,1816
12.11.2025 08:15;173,2924
12.11.2025 08:30;172,4688
12.11.2025 08:45;148,0276
12.11.2025 09:00;168,6524
12.11.2025 09:15;183,5874
12.11.2025 09:30;183,3728
12.11.2025 09:45;199,2358
12.11.2025 10:00;185,8436
12.11.2025 10:15;196,069
12.11.2025 10:30;187,3168
12.11.2025 10:45;194,0912
12.11.2025 11:00;204,4326
12.11.2025 11:15;198,4586
12.11.2025 11:30;208,6144
12.11.2025 11:45;207,2688
12.11.2025 12:00;180,8324
12.11.2025 12:15;166,257
12.11.2025 12:30;167,2024
12.11.2025 12:45;170,3634
12.11.2025 13:00;186,9108
12.11.2025 13:15;216,6706
12.11.2025 13:30;173,4664
12.11.2025 13:45;167,8694
12.11.2025 14:00;174,4756
12.11.2025 14:15;181,0296
12.11.2025 14:30;135,3082
12.11.2025 14:45;131,0916
12.11.2025 15:00;129,5082
12.11.2025 15:15;129,9548
12.11.2025 15:30;109,4982
12.11.2025 15:45;96,7208
12.11.2025 16:00;94,3544
12.11.2025 16:15;92,22
12.11.2025 16:30;83,1256
12.11.2025 16:45;81,8612
12.11.2025 17:00;86,0198
12.11.2025 17:15;85,0338
12.11.2025 17:30;82,9632
12.11.2025 17:45;80,0748
12.11.2025 18:00;81,5132
12.11.2025 18:15;81,2348
12.11.2025 18:30;78,0332
12.11.2025 18:45;79,2048
12.11.2025 19:00;69,9248
12.11.2025 19:15;77,1632
12.11.2025 19:30;87,0348
12.11.2025 19:45;83,5432
12.11.2025 20:00;68,4748
12.11.2025 20:15;65,8648
12.11.2025 20:30;68,1848
12.11.2025 20:45;63,5332
12.11.2025 21:00;63,2548
12.11.2025 21:15;64,6932
12.11.2025 21:30;60,9348
12.11.2025 21:45;62,0948
12.11.2025 22:00;61,7932
12.11.2025 22:15;62,3848
12.11.2025 22:30;61,19
12.11.2025 22:45;65,25
12.11.2025 23:00;62,06
12.11.2025 23:15;55,68
12.11.2025 23:30;54,81
12.11.2025 23:45;58
13.11.2025 00:00;56,55
13.11.2025 00:15;56,55
13.11.2025 00:30;55,68
13.11.2025 00:45;56,84
13.11.2025 01:00;54,81
13.11.2025 01:15;54,81
13.11.2025 01:30;67,86
13.11.2025 01:45;73,37
13.11.2025 02:00;73,08
13.11.2025 02:15;73,37
13.11.2025 02:30;71,92
13.11.2025 02:45;70,5048
13.11.2025 03:00;69,3448
13.11.2025 03:15;68,1732
13.11.2025 03:30;69,6348
13.11.2025 03:45;68,7648
13.11.2025 04:00;69,3332
13.11.2025 04:15;67,3148
13.11.2025 04:30;70,2148
13.11.2025 04:45;72,2332
13.11.2025 05:00;76,3048
13.11.2025 05:15;92,5332
13.11.2025 05:30;109,3648
13.11.2025 05:45;123,8648
13.11.2025 06:00;135,7432
13.11.2025 06:15;176,3548
13.11.2025 06:30;198,969
13.11.2025 06:45;201,0048
13.11.2025 07:00;196,0632
13.11.2025 07:15;183,8832
13.11.2025 07:30;191,719
13.11.2025 07:45;191,4232
13.11.2025 08:00;254,0574
13.11.2025 08:15;219,3966
13.11.2025 08:30;218,7122
13.11.2025 08:45;168,9018
13.11.2025 09:00;198,7834
13.11.2025 09:15;212,9934
13.11.2025 09:30;197,8438
13.11.2025 09:45;198,2092
13.11.2025 10:00;201,4978
13.11.2025 10:15;196,7186
13.11.2025 10:30;190,501
13.11.2025 10:45;183,6338
13.11.2025 11:00;186,6614
13.11.2025 11:15;186,9688
13.11.2025 11:30;186,296
13.11.2025 11:45;186,644
13.11.2025 12:00;169,8878
13.11.2025 12:15;151,4496
13.11.2025 12:30;167,5272
13.11.2025 12:45;184,2138
13.11.2025 13:00;181,7082
13.11.2025 13:15;182,2244
13.11.2025 13:30;168,8844
13.11.2025 13:45;175,4906
13.11.2025 14:00;179,1214
13.11.2025 14:15;151,7222
13.11.2025 14:30;132,9592
13.11.2025 14:45;130,529
13.11.2025 15:00;129,63
13.11.2025 15:15;137,1816
13.11.2025 15:30;117,8444
13.11.2025 15:45;104,487
13.11.2025 16:00;90,2886
13.11.2025 16:15;81,316
13.11.2025 16:30;80,8694
13.11.2025 16:45;78,0448
13.11.2025 17:00;91,0832
13.11.2025 17:15;92,5332
13.11.2025 17:30;85,8748
13.11.2025 17:45;80,6432
13.11.2025 18:00;78,9148
13.11.2025 18:15;69,0432
13.11.2025 18:30;62,9648
13.11.2025 18:45;64,6932
13.11.2025 19:00;66,1432
13.11.2025 19:15;73,6948
13.11.2025 19:30;83,2532
13.11.2025 19:45;65,5748
13.11.2025 20:00;65,8532
13.11.2025 20:15;65,5748
13.11.2025 20:30;64,1132
13.11.2025 20:45;62,9532
13.11.2025 21:00;60,9348
13.11.2025 21:15;61,5032
13.11.2025 21:30;62,6748
13.11.2025 21:45;60,0532
13.11.2025 22:00;60,3548
13.11.2025 22:15;61,2132
13.11.2025 22:30;60,9
13.11.2025 22:45;64,38
13.11.2025 23:00;62,64
13.11.2025 23:15;57,13
13.11.2025 23:30;55,68
13.11.2025 23:45;57,42
14.11.2025 00:00;55,97
14.11.2025 00:15;55,39
14.11.2025 00:30;55,97
14.11.2025 00:45;53,94
14.11.2025 01:00;55,97
14.11.2025 01:15;57,71
14.11.2025 01:30;74,24
14.11.2025 01:45;72,21
14.11.2025 02:00;70,47
14.11.2025 02:15;67,86
14.11.2025 02:30;69,02
14.11.2025 02:45;67,0248
14.11.2025 03:00;66,4332
14.11.2025 03:15;65,2848
14.11.2025 03:30;64,9832
14.11.2025 03:45;66,1548
14.11.2025 04:00;67,0132
14.11.2025 04:15;66,1548
14.11.2025 04:30;66,4332
14.11.2025 04:45;67,0248
14.11.2025 05:00;67,0132
14.11.2025 05:15;91,6748
14.11.2025 05:30;112,2648
14.11.2025 05:45;119,5032
14.11.2025 06:00;123,5748
14.11.2025 06:15;143,5616
14.11.2025 06:30;168,7916
14.11.2025 06:45;175,4674
14.11.2025 07:00;171,7206
14.11.2025 07:15;150,22
14.11.2025 07:30;156,9016
14.11.2025 07:45;195,7732
14.11.2025 08:00;187,9432
14.11.2025 08:15;193,749
14.11.2025 08:30;193,256
14.11.2025 08:45;164,8534
14.11.2025 09:00;186,2612
14.11.2025 09:15;207,5704
14.11.2025 09:30;197,8032
14.11.2025 09:45;193,8592
14.11.2025 10:00;196,4866
14.11.2025 10:15;197,5016
14.11.2025 10:30;188,4594
14.11.2025 10:45;180,1538
14.11.2025 11:00;176,4592
14.11.2025 11:15;180,6758
14.11.2025 11:30;174,1566
14.11.2025 11:45;161,1704
14.11.2025 12:00;160,0916
14.11.2025 12:15;130,7552
14.11.2025 12:30;117,5022
14.11.2025 12:45;113,3958
14.11.2025 13:00;112,8158
14.11.2025 13:15;107,996
14.11.2025 13:30;104,0752
14.11.2025 13:45;101,9582
14.11.2025 14:00;95,236
14.11.2025 14:15;96,9644
14.11.2025 14:30;97,1674
14.11.2025 14:45;94,3776
14.11.2025 15:00;99,3714
14.11.2025 15:15;98,542
14.11.2025 15:30;94,7604
14.11.2025 15:45;81,2754
14.11.2025 16:00;71,601
14.11.2025 16:15;61,5032
14.11.2025 16:30;58,8932
14.11.2025 16:45;61,5148
14.11.2025 17:00;64,4032
14.11.2025 17:15;67,3032
14.11.2025 17:30;65,2848
14.11.2025 17:45;63,8232
14.11.2025 18:00;62,0832
14.11.2025 18:15;68,7648
14.11.2025 18:30;62,0832
14.11.2025 18:45;59,7632
14.11.2025 19:00;59,7748
14.11.2025 19:15;61,5032
14.11.2025 19:30;59,4848
14.11.2025 19:45;59,4732
14.11.2025 20:00;60,3432
14.11.2025 20:15;61,5148
14.11.2025 20:30;61,2132
14.11.2025 20:45;61,2248
14.11.2025 21:00;59,4732
14.11.2025 21:15;58,3132
14.11.2025 21:30;58,6148
14.11.2025 21:45;58,8932
14.11.2025 22:00;59,1948
14.11.2025 22:15;60,6332
14.11.2025 22:30;59,45
14.11.2025 22:45;61,48
14.11.2025 23:00;60,32
14.11.2025 23:15;56,55
14.11.2025 23:30;55,39
14.11.2025 23:45;55,1
15.11.2025 00:00;57,13
15.11.2025 00:15;55,97
15.11.2025 00:30;54,23
15.11.2025 00:45;55,39
15.11.2025 01:00;56,26
15.11.2025 01:15;55,1
15.11.2025 01:30;55,97
15.11.2025 01:45;56,55
15.11.2025 02:00;55,1
15.11.2025 02:15;54,52
15.11.2025 02:30;55,97
15.11.2025 02:45;56,8748
15.11.2025 03:00;56,5732
15.11.2025 03:15;56,8748
15.11.2025 03:30;54,8332
15.11.2025 03:45;55,1348
15.11.2025 04:00;56,5732
15.11.2025 04:15;54,2648
15.11.2025 04:30;56,2832
15.11.2025 04:45;58,6148
15.11.2025 05:00;55,9932
15.11.2025 05:15;61,8048
15.11.2025 05:30;64,4032
15.11.2025 05:45;81,8148
15.11.2025 06:00;84,1232
15.11.2025 06:15;86,1648
15.11.2025 06:30;90,2132
15.11.2025 06:45;93,7048
15.11.2025 07:00;94,2732
15.11.2025 07:15;88,4848
15.11.2025 07:30;87,6032
15.11.2025 07:45;93,9948
15.11.2025 08:00;85,8632
15.11.2025 08:15;82,1048
15.11.2025 08:30;82,3832
15.11.2025 08:45;77,0356
15.11.2025 09:00;79,8138
15.11.2025 09:15;84,1522
15.11.2025 09:30;83,5432
15.11.2025 09:45;85,2368
15.11.2025 10:00;80,8114
15.11.2025 10:15;79,7268
15.11.2025 10:30;78,01
15.11.2025 10:45;80,678
15.11.2025 11:00;78,4972
15.11.2025 11:15;72,6276
15.11.2025 11:30;62,2456
15.11.2025 11:45;53,6442
15.11.2025 12:00;53,3368
15.11.2025 12:15;53,389
15.11.2025 12:30;52,2116
15.11.2025 12:45;53,1454
15.11.2025 13:00;55,4596
15.11.2025 13:15;52,9424
15.11.2025 13:30;54,288
15.11.2025 13:45;53,4702
15.11.2025 14:00;52,9308
15.11.2025 14:15;53,7544
15.11.2025 14:30;54,2938
15.11.2025 14:45;55,2218
15.11.2025 15:00;54,2126
15.11.2025 15:15;54,7926
15.11.2025 15:30;77,9984
15.11.2025 15:45;56,7124
15.11.2025 16:00;54,8912
15.11.2025 16:15;53,882
15.11.2025 16:30;53,8878
15.11.2025 16:45;59,1948
15.11.2025 17:00;61,7932
15.11.2025 17:15;62,6632
15.11.2025 17:30;64,1132
15.11.2025 17:45;61,2248
15.11.2025 18:00;61,2132
15.11.2025 18:15;62,6632
15.11.2025 18:30;60,9348
15.11.2025 18:45;61,5032
15.11.2025 19:00;61,8048
15.11.2025 19:15;60,6332
15.11.2025 19:30;62,3732
15.11.2025 19:45;63,2548
15.11.2025 20:00;61,5032
15.11.2025 20:15;61,5148
15.11.2025 20:30;62,6632
15.11.2025 20:45;62,3732
15.11.2025 21:00;59,7748
15.11.2025 21:15;61,2132
15.11.2025 21:30;59,7748
15.11.2025 21:45;60,0532
15.11.2025 22:00;62,6748
15.11.2025 22:15;60,3432
15.11.2025 22:30;62,35
15.11.2025 22:45;62,06
15.11.2025 23:00;61,19
15.11.2025 23:15;55,97
15.11.2025 23:30;57,13
15.11.2025 23:45;55,97
16.11.2025 00:00;56,55
16.11.2025 00:15;57,71
16.11.2025 00:30;55,1
16.11.2025 00:45;54,81
16.11.2025 01:00;56,26
16.11.2025 01:15;54,81
16.11.2025 01:30;54,81
16.11.2025 01:45;56,55
16.11.2025 02:00;56,55
16.11.2025 02:15;55,1
16.11.2025 02:30;55,97
16.11.2025 02:45;55,1232
16.11.2025 03:00;54,8448
16.11.2025 03:15;55,7032
16.11.2025 03:30;55,7148
16.11.2025 03:45;56,8632
16.11.2025 04:00;58,0232
16.11.2025 04:15;57,1648
16.11.2025 04:30;54,5432
16.11.2025 04:45;55,7148
16.11.2025 05:00;54,5432
16.11.2025 05:15;60,6448
16.11.2025 05:30;62,9532
16.11.2025 05:45;69,3448
16.11.2025 06:00;68,1732
16.11.2025 06:15;69,0548
16.11.2025 06:30;75,4232
16.11.2025 06:45;70,2148
16.11.2025 07:00;69,9132
16.11.2025 07:15;68,4748
16.11.2025 07:30;70,2032
16.11.2025 07:45;67,5932
16.11.2025 08:00;62,0948
16.11.2025 08:15;61,509
16.11.2025 08:30;59,9662
16.11.2025 08:45;59,6414
16.11.2025 09:00;60,4998
16.11.2025 09:15;60,0416
16.11.2025 09:30;61,2016
16.11.2025 09:45;60,2214
16.11.2025 10:00;59,6588
16.11.2025 10:15;60,9522
16.11.2025 10:30;62,0658
16.11.2025 10:45;59,4674
16.11.2025 11:00;57,3794
16.11.2025 11:15;51,3358
16.11.2025 11:30;50,431
16.11.2025 11:45;50,7848
16.11.2025 12:00;49,9902
16.11.2025 12:15;51,7476
16.11.2025 12:30;51,5098
16.11.2025 12:45;50,9646
16.11.2025 13:00;52,1826
16.11.2025 13:15;50,431
16.11.2025 13:30;51,301
16.11.2025 13:45;51,8694
16.11.2025 14:00;51,5272
16.11.2025 14:15;51,2198
16.11.2025 14:30;52,0956
16.11.2025 14:45;51,2894
16.11.2025 15:00;51,2488
16.11.2025 15:15;51,8346
16.11.2025 15:30;49,8394
16.11.2025 15:45;50,2628
16.11.2025 16:00;51,7708
16.11.2025 16:15;50,4078
16.11.2025 16:30;51,9622
16.11.2025 16:45;54,5548
16.11.2025 17:00;58,0232
16.11.2025 17:15;60,9232
16.11.2025 17:30;58,8932
16.11.2025 17:45;61,2248
16.11.2025 18:00;76,5832
16.11.2025 18:15;76,0032
16.11.2025 18:30;76,8848
16.11.2025 18:45;73,3932
16.11.2025 19:00;73,1032
16.11.2025 19:15;72,5348
16.11.2025 19:30;71,9432
16.11.2025 19:45;73,1032
16.11.2025 20:00;71,6648
16.11.2025 20:15;72,8132
16.11.2025 20:30;73,1148
16.11.2025 20:45;71,6532
16.11.2025 21:00;71,9432
16.11.2025 21:15;69,0548
16.11.2025 21:30;71,6532
16.11.2025 21:45;69,9248
16.11.2025 22:00;70,7832
16.11.2025 22:15;72,2448
16.11.2025 22:30;70,47
16.11.2025 22:45;72,5
16.11.2025 23:00;70,18
16.11.2025 23:15;67,28
16.11.2025 23:30;67,57
16.11.2025 23:45;66,7
17.11.2025 00:00;69,02
17.11.2025 00:15;68,15
17.11.2025 00:30;68,15
17.11.2025 00:45;65,83
17.11.2025 01:00;67,86
17.11.2025 01:15;67,57
17.11.2025 01:30;66,12
17.11.2025 01:45;67,57
17.11.2025 02:00;65,83
17.11.2025 02:15;68,15
17.11.2025 02:30;64,96
17.11.2025 02:45;67,3148
17.11.2025 03:00;67,0132
17.11.2025 03:15;66,4448
17.11.2025 03:30;67,5932
17.11.2025 03:45;65,8532
17.11.2025 04:00;67,6048
17.11.2025 04:15;68,7532
17.11.2025 04:30;67,3148
17.11.2025 04:45;69,3332
17.11.2025 05:00;66,4448
17.11.2025 05:15;73,1032
17.11.2025 05:30;95,7348
17.11.2025 05:45;126,4632
17.11.2025 06:00;134,3048
17.11.2025 06:15;156,6116
17.11.2025 06:30;172,5732
17.11.2025 06:45;177,2132
17.11.2025 07:00;179,2432
17.11.2025 07:15;174,6032
17.11.2025 07:30;183,8716
17.11.2025 07:45;200,9932
17.11.2025 08:00;207,9532
17.11.2025 08:15;184,44
17.11.2025 08:30;188,0708
17.11.2025 08:45;165,2594
17.11.2025 09:00;188,1462
17.11.2025 09:15;198,4238
17.11.2025 09:30;205,2156
17.11.2025 09:45;203,9802
17.11.2025 10:00;184,5154
17.11.2025 10:15;185,3622
17.11.2025 10:30;176,7956
17.11.2025 10:45;169,447
17.11.2025 11:00;168,2812
17.11.2025 11:15;181,7836
17.11.2025 11:30;161,0892
17.11.2025 11:45;161,4894
17.11.2025 12:00;177,393
17.11.2025 12:15;152,2094
17.11.2025 12:30;165,1898
17.11.2025 12:45;191,6088
17.11.2025 13:00;197,0956
17.11.2025 13:15;190,5068
17.11.2025 13:30;180,1828
17.11.2025 13:45;177,0508
17.11.2025 14:00;173,0082
17.11.2025 14:15;172,724
17.11.2025 14:30;140,273
17.11.2025 14:45;147,7434
17.11.2025 15:00;137,46
17.11.2025 15:15;136,9496
17.11.2025 15:30;112,4504
17.11.2025 15:45;114,3354
17.11.2025 16:00;114,289
17.11.2025 16:15;105,0264
17.11.2025 16:30;99,2264
17.11.2025 16:45;98,3274
17.11.2025 17:00;102,9732
17.11.2025 17:15;102,4048
17.11.2025 17:30;100,3632
17.11.2025 17:45;98,9248
17.11.2025 18:00;100,6532
17.11.2025 18:15;85,5848
17.11.2025 18:30;78,9032
17.11.2025 18:45;82,6848
17.11.2025 19:00;78,6132
17.11.2025 19:15;78,9148
17.11.2025 19:30;81,5132
17.11.2025 19:45;88,7748
17.11.2025 20:00;83,5432
17.11.2025 20:15;80,0748
17.11.2025 20:30;81,5248
17.11.2025 20:45;77,4532
17.11.2025 21:00;73,6948
17.11.2025 21:15;73,1032
17.11.2025 21:30;72,2448
17.11.2025 21:45;72,5348
17.11.2025 22:00;73,9732
17.11.2025 22:15;70,2148
17.11.2025 22:30;74,82
17.11.2025 22:45;90,77
17.11.2025 23:00;89,9
17.11.2025 23:15;81,2
17.11.2025 23:30;78,01
17.11.2025 23:45;77,72
18.11.2025 00:00;80,91
18.11.2025 00:15;80,04
18.11.2025 00:30;78,01
18.11.2025 00:45;77,43
18.11.2025 01:00;78,3
18.11.2025 01:15;79,46
18.11.2025 01:30;78,88
18.11.2025 01:45;77,43
18.11.2025 02:00;79,75
18.11.2025 02:15;80,62
18.11.2025 02:30;79,46
18.11.2025 02:45;78,6132
18.11.2025 03:00;78,0448
18.11.2025 03:15;78,6132
18.11.2025 03:30;79,7848
18.11.2025 03:45;78,9148
18.11.2025 04:00;77,7432
18.11.2025 04:15;78,0448
18.11.2025 04:30;78,9032
18.11.2025 04:45;83,5548
18.11.2025 05:00;85,5848
18.11.2025 05:15;104,1332
18.11.2025 05:30;116,0348
18.11.2025 05:45;136,6132
18.11.2025 06:00;160,6948
18.11.2025 06:15;165,3232
18.11.2025 06:30;180,67
18.11.2025 06:45;198,1048
18.11.2025 07:00;187,0732
18.11.2025 07:15;179,5448
18.11.2025 07:30;189,1032
18.11.2025 07:45;216,0732
18.11.2025 08:00;242,1848
18.11.2025 08:15;207,5646
18.11.2025 08:30;198,4122
18.11.2025 08:45;180,4554
18.11.2025 09:00;190,0892
18.11.2025 09:15;204,6704
18.11.2025 09:30;214,281
18.11.2025 09:45;223,1086
18.11.2025 10:00;202,1532
18.11.2025 10:15;204,1426
18.11.2025 10:30;214,5942
18.11.2025 10:45;209,4728
18.11.2025 11:00;205,1228
18.11.2025 11:15;212,628
18.11.2025 11:30;206,1204
18.11.2025 11:45;192,0264
18.11.2025 12:00;180,9426
18.11.2025 12:15;171,2624
18.11.2025 12:30;190,82
18.11.2025 12:45;214,4724
18.11.2025 13:00;201,8226
18.11.2025 13:15;180,9368
18.11.2025 13:30;190,1182
18.11.2025 13:45;178,4138
18.11.2025 14:00;175,2354
18.11.2025 14:15;163,4672
18.11.2025 14:30;136,822
18.11.2025 14:45;130,529
18.11.2025 15:00;132,8258
18.11.2025 15:15;129,195
18.11.2025 15:30;124,5376
18.11.2025 15:45;118,8304
18.11.2025 16:00;114,1382
18.11.2025 16:15;103,5532
18.11.2025 16:30;98,9248
18.11.2025 16:45;103,2632
18.11.2025 17:00;89,6332
18.11.2025 17:15;89,9348
18.11.2025 17:30;86,4432
18.11.2025 17:45;81,8032
18.11.2025 18:00;80,6548
18.11.2025 18:15;82,6732
18.11.2025 18:30;80,0748
18.11.2025 18:45;79,4832
18.11.2025 19:00;81,2348
18.11.2025 19:15;80,9332
18.11.2025 19:30;80,0748
18.11.2025 19:45;78,6132
18.11.2025 20:00;79,4948
18.11.2025 20:15;82,6732
18.11.2025 20:30;79,7848
18.11.2025 20:45;89,0532
18.11.2025 21:00;85,5732
18.11.2025 21:15;85,0048
18.11.2025 21:30;84,9932
18.11.2025 21:45;79,4948
18.11.2025 22:00;77,4532
18.11.2025 22:15;75,4348
18.11.2025 22:30;74,82
18.11.2025 22:45;75,4
18.11.2025 23:00;76,56
18.11.2025 23:15;71,92
18.11.2025 23:30;71,34
18.11.2025 23:45;70,47
19.11.2025 00:00;71,92
19.11.2025 00:15;71,92
19.11.2025 00:30;72,5
19.11.2025 00:45;74,53
19.11.2025 01:00;86,71
19.11.2025 01:15;87,58
19.11.2025 01:30;87
19.11.2025 01:45;84,1
19.11.2025 02:00;82,65
19.11.2025 02:15;82,36
19.11.2025 02:30;82,07
19.11.2025 02:45;82,9632
19.11.2025 03:00;81,8148
19.11.2025 03:15;81,8032
19.11.2025 03:30;81,2348
19.11.2025 03:45;83,2648
19.11.2025 04:00;83,2532
19.11.2025 04:15;81,8148
19.11.2025 04:30;81,2232
19.11.2025 04:45;85,8748
19.11.2025 05:00;93,1132
19.11.2025 05:15;110,5248
19.11.2025 05:30;114,8632
19.11.2025 05:45;138,0632
19.11.2025 06:00;142,7148
19.11.2025 06:15;164,4532
19.11.2025 06:30;213,7532
19.11.2025 06:45;178,3848
19.11.2025 07:00;178,0832
19.11.2025 07:15;179,539
19.11.2025 07:30;207,0948
19.11.2025 07:45;215,4932
19.11.2025 08:00;230,5732
19.11.2025 08:15;234,3548
19.11.2025 08:30;220,1448
19.11.2025 08:45;194,3058
19.11.2025 09:00;211,9668
19.11.2025 09:15;217,9002
19.11.2025 09:30;225,3706
19.11.2025 09:45;225,2952
19.11.2025 10:00;192,0496
19.11.2025 10:15;193,2038
19.11.2025 10:30;193,8128
19.11.2025 10:45;196,2546
19.11.2025 11:00;215,6324
19.11.2025 11:15;198,157
19.11.2025 11:30;207,5588
19.11.2025 11:45;201,8748
19.11.2025 12:00;186,4584
19.11.2025 12:15;162,9626
19.11.2025 12:30;170,4156
19.11.2025 12:45;201,753
19.11.2025 13:00;205,4766
19.11.2025 13:15;192,5078
19.11.2025 13:30;193,5692
19.11.2025 13:45;181,395
19.11.2025 14:00;193,749
19.11.2025 14:15;165,7292
19.11.2025 14:30;148,5264
19.11.2025 14:45;146,1136
19.11.2025 15:00;143,7298
19.11.2025 15:15;141,9666
19.11.2025 15:30;123,743
19.11.2025 15:45;123,1688
19.11.2025 16:00;119,1726
19.11.2025 16:15;116,6032
19.11.2025 16:30;115,1532
19.11.2025 16:45;116,0348
19.11.2025 17:00;117,1832
19.11.2025 17:15;111,6732
19.11.2025 17:30;120,9648
19.11.2025 17:45;109,3532
19.11.2025 18:00;108,1932
19.11.2025 18:15;90,2248
19.11.2025 18:30;88,4732
19.11.2025 18:45;86,1532
19.11.2025 19:00;86,7448
19.11.2025 19:15;86,1532
19.11.2025 19:30;85,5848
19.11.2025 19:45;87,3132
19.11.2025 20:00;86,7448
19.11.2025 20:15;85,5732
19.11.2025 20:30;97,1732
19.11.2025 20:45;98,6348
19.11.2025 21:00;91,0832
19.11.2025 21:15;85,8748
19.11.2025 21:30;88,7632
19.11.2025 21:45;85,0048
19.11.2025 22:00;81,8032
19.11.2025 22:15;80,9332
19.11.2025 22:30;82,65
19.11.2025 22:45;85,26
19.11.2025 23:00;82,65
19.11.2025 23:15;75,4
19.11.2025 23:30;76,27
19.11.2025 23:45;76,56
20.11.2025 00:00;78,3
20.11.2025 00:15;79,75
20.11.2025 00:30;78,3
20.11.2025 00:45;76,85
20.11.2025 01:00;75,98
20.11.2025 01:15;79,46
20.11.2025 01:30;78,3
20.11.2025 01:45;80,04
20.11.2025 02:00;79,46
20.11.2025 02:15;80,62
20.11.2025 02:30;77,43
20.11.2025 02:45;78,3348
20.11.2025 03:00;80,9332
20.11.2025 03:15;81,5248
20.11.2025 03:30;78,9032
20.11.2025 03:45;80,9448
20.11.2025 04:00;78,3232
20.11.2025 04:15;79,4832
20.11.2025 04:30;81,2348
20.11.2025 04:45;82,6732
20.11.2025 05:00;89,6448
20.11.2025 05:15;106,7432
20.11.2025 05:30;118,6448
20.11.2025 05:45;139,5132
20.11.2025 06:00;147,6332
20.11.2025 06:15;179,2548
20.11.2025 06:30;192,5832
20.11.2025 06:45;215,4932
20.11.2025 07:00;210,5748
20.11.2025 07:15;196,649
20.11.2025 07:30;202,739
20.11.2025 07:45;212,0132
20.11.2025 08:00;226,5248
20.11.2025 08:15;209,235
20.11.2025 08:30;198,0642
20.11.2025 08:45;181,018
20.11.2025 09:00;202,3678
20.11.2025 09:15;240,9784
20.11.2025 09:30;220,5624
20.11.2025 09:45;213,1152
20.11.2025 10:00;201,376
20.11.2025 10:15;210,7488
20.11.2025 10:30;203,8758
20.11.2025 10:45;187,4386
20.11.2025 11:00;185,4202
20.11.2025 11:15;176,8246
20.11.2025 11:30;175,16
20.11.2025 11:45;168,9888
20.11.2025 12:00;177,0218
20.11.2025 12:15;153,2882
20.11.2025 12:30;165,0042
20.11.2025 12:45;164,1226
20.11.2025 13:00;171,5582
20.11.2025 13:15;189,312
20.11.2025 13:30;191,9162
20.11.2025 13:45;192,3744
20.11.2025 14:00;173,8666
20.11.2025 14:15;152,7256
20.11.2025 14:30;121,2606
20.11.2025 14:45;119,132
20.11.2025 15:00;124,7058
20.11.2025 15:15;116,783
20.11.2025 15:30;115,2866
20.11.2025 15:45;117,1078
20.11.2025 16:00;110,5248
20.11.2025 16:15;108,4252
20.11.2025 16:30;103,9186
20.11.2025 16:45;110,8148
20.11.2025 17:00;100,9432
20.11.2025 17:15;86,7448
20.11.2025 17:30;88,7748
20.11.2025 17:45;89,0648
20.11.2025 18:00;86,1532
20.11.2025 18:15;70,7948
20.11.2025 18:30;64,9948
20.11.2025 18:45;64,4148
20.11.2025 19:00;62,0948
20.11.2025 19:15;62,3848
20.11.2025 19:30;66,1432
20.11.2025 19:45;66,7348
20.11.2025 20:00;82,6848
20.11.2025 20:15;72,5348
20.11.2025 20:30;64,1248
20.11.2025 20:45;67,3148
20.11.2025 21:00;66,1548
20.11.2025 21:15;64,9948
20.11.2025 21:30;61,2132
20.11.2025 21:45;63,2548
20.11.2025 22:00;61,5148
20.11.2025 22:15;59,4848
20.11.2025 22:30;59,16
20.11.2025 22:45;60,61
20.11.2025 23:00;60,03
20.11.2025 23:15;58,29
20.11.2025 23:30;55,1
20.11.2025 23:45;55,39
21.11.2025 00:00;55,97
21.11.2025 00:15;55,39
21.11.2025 00:30;54,52
21.11.2025 00:45;55,68
21.11.2025 01:00;56,84
21.11.2025 01:15;55,97
21.11.2025 01:30;53,07
21.11.2025 01:45;54,23
21.11.2025 02:00;56,55
21.11.2025 02:15;57,42
21.11.2025 02:30;55,39
21.11.2025 02:45;54,5548
21.11.2025 03:00;53,9748
21.11.2025 03:15;57,7448
21.11.2025 03:30;57,4548
21.11.2025 03:45;55,4248
21.11.2025 04:00;54,2648
21.11.2025 04:15;56,8748
21.11.2025 04:30;55,1232
21.11.2025 04:45;60,0648
21.11.2025 05:00;64,9948
21.11.2025 05:15;83,8448
21.11.2025 05:30;92,2548
21.11.2025 05:45;111,9748
21.11.2025 06:00;123,8532
21.11.2025 06:15;168,2406
21.11.2025 06:30;174,3248
21.11.2025 06:45;162,139
21.11.2025 07:00;153,4506
21.11.2025 07:15;167,9506
21.11.2025 07:30;179,2432
21.11.2025 07:45;194,0448
21.11.2025 08:00;193,1806
21.11.2025 08:15;201,8458
21.11.2025 08:30;182,3172
21.11.2025 08:45;163,3048
21.11.2025 09:00;184,4922
21.11.2025 09:15;187,8388
21.11.2025 09:30;199,23
21.11.2025 09:45;184,7706
21.11.2025 10:00;190,1356
21.11.2025 10:15;183,2104
21.11.2025 10:30;175,972
21.11.2025 10:45;189,0626
21.11.2025 11:00;178,8952
21.11.2025 11:15;178,3964
21.11.2025 11:30;177,7062
21.11.2025 11:45;173,478
21.11.2025 12:00;160,08
21.11.2025 12:15;126,4342
21.11.2025 12:30;118,2388
21.11.2025 12:45;105,705
21.11.2025 13:00;86,1474
21.11.2025 13:15;87,2088
21.11.2025 13:30;83,2184
21.11.2025 13:45;70,1452
21.11.2025 14:00;67,657
21.11.2025 14:15;68,3182
21.11.2025 14:30;68,9678
21.11.2025 14:45;64,6236
21.11.2025 15:00;63,9566
21.11.2025 15:15;64,3626
21.11.2025 15:30;62,1992
21.11.2025 15:45;64,8266
21.11.2025 16:00;58,087
21.11.2025 16:15;59,6356
21.11.2025 16:30;60,9522
21.11.2025 16:45;62,2862
21.11.2025 17:00;63,8348
21.11.2025 17:15;66,7348
21.11.2025 17:30;65,5632
21.11.2025 17:45;65,8648
21.11.2025 18:00;67,0248
21.11.2025 18:15;67,8948
21.11.2025 18:30;68,1848
21.11.2025 18:45;64,9948
21.11.2025 19:00;66,4332
21.11.2025 19:15;69,0548
21.11.2025 19:30;65,2848
21.11.2025 19:45;66,1548
21.11.2025 20:00;67,0248
21.11.2025 20:15;68,4748
21.11.2025 20:30;67,5932
21.11.2025 20:45;66,1548
21.11.2025 21:00;64,9948
21.11.2025 21:15;69,3448
21.11.2025 21:30;62,9648
21.11.2025 21:45;65,5748
21.11.2025 22:00;65,8648
21.11.2025 22:15;65,2732
21.11.2025 22:30;66,41
21.11.2025 22:45;66,41
21.11.2025 23:00;66,12
21.11.2025 23:15;64,09
21.11.2025 23:30;59,16
21.11.2025 23:45;60,61
22.11.2025 00:00;63,22
22.11.2025 00:15;61,48
22.11.2025 00:30;60,61
22.11.2025 00:45;60,9
22.11.2025 01:00;63,8
22.11.2025 01:15;61,19
22.11.2025 01:30;60,61
22.11.2025 01:45;60,03
22.11.2025 02:00;62,93
22.11.2025 02:15;58,87
22.11.2025 02:30;60,61
22.11.2025 02:45;61,8048
22.11.2025 03:00;61,5148
22.11.2025 03:15;61,5148
22.11.2025 03:30;58,6148
22.11.2025 03:45;62,3732
22.11.2025 04:00;61,8048
22.11.2025 04:15;60,0648
22.11.2025 04:30;59,4848
22.11.2025 04:45;64,4148
22.11.2025 05:00;60,0648
22.11.2025 05:15;66,7348
22.11.2025 05:30;70,7832
22.11.2025 05:45;86,4548
22.11.2025 06:00;86,7448
22.11.2025 06:15;93,1248
22.11.2025 06:30;106,4648
22.11.2025 06:45;113,1348
22.11.2025 07:00;111,6732
22.11.2025 07:15;104,7248
22.11.2025 07:30;111,1048
22.11.2025 07:45;112,2648
22.11.2025 08:00;109,9448
22.11.2025 08:15;104,7306
22.11.2025 08:30;106,7258
22.11.2025 08:45;96,7092
22.11.2025 09:00;102,2134
22.11.2025 09:15;103,733
22.11.2025 09:30;107,8452
22.11.2025 09:45;111,012
22.11.2025 10:00;104,0752
22.11.2025 10:15;116,2958
22.11.2025 10:30;108,7384
22.11.2025 10:45;116,4118
22.11.2025 11:00;102,1438
22.11.2025 11:15;81,3624
22.11.2025 11:30;67,367
22.11.2025 11:45;59,9604
22.11.2025 12:00;60,5404
22.11.2025 12:15;61,7236
22.11.2025 12:30;61,2364
22.11.2025 12:45;58,551
22.11.2025 13:00;60,175
22.11.2025 13:15;61,9672
22.11.2025 13:30;60,03
22.11.2025 13:45;60,1054
22.11.2025 14:00;60,1576
22.11.2025 14:15;59,7052
22.11.2025 14:30;59,7052
22.11.2025 14:45;59,1194
22.11.2025 15:00;61,6308
22.11.2025 15:15;60,0764
22.11.2025 15:30;58,9338
22.11.2025 15:45;61,8976
22.11.2025 16:00;60,8188
22.11.2025 16:15;59,6356
22.11.2025 16:30;61,9846
22.11.2025 16:45;67,5584
22.11.2025 17:00;67,3032
22.11.2025 17:15;67,6048
22.11.2025 17:30;71,3632
22.11.2025 17:45;67,6048
22.11.2025 18:00;62,6748
22.11.2025 18:15;65,8532
22.11.2025 18:30;61,5148
22.11.2025 18:45;63,8232
22.11.2025 19:00;63,5448
22.11.2025 19:15;63,2548
22.11.2025 19:30;63,5448
22.11.2025 19:45;62,6632
22.11.2025 20:00;63,5448
22.11.2025 20:15;63,8232
22.11.2025 20:30;61,8048
22.11.2025 20:45;66,1548
22.11.2025 21:00;61,2132
22.11.2025 21:15;62,3848
22.11.2025 21:30;64,1248
22.11.2025 21:45;61,2132
22.11.2025 22:00;60,9348
22.11.2025 22:15;62,9648
22.11.2025 22:30;62,93
22.11.2025 22:45;63,51
22.11.2025 23:00;61,77
22.11.2025 23:15;59,45
22.11.2025 23:30;58,29
22.11.2025 23:45;56,26
23.11.2025 00:00;60,61
23.11.2025 00:15;56,26
23.11.2025 00:30;58,29
23.11.2025 00:45;60,61
23.11.2025 01:00;56,26
23.11.2025 01:15;58,29
23.11.2025 01:30;59,16
23.11.2025 01:45;57,13
23.11.2025 02:00;58,58
23.11.2025 02:15;57,13
23.11.2025 02:30;61,19
23.11.2025 02:45;57,4548
23.11.2025 03:00;58,6148
23.11.2025 03:15;59,7632
23.11.2025 03:30;56,2948
23.11.2025 03:45;59,4848
23.11.2025 04:00;58,6032
23.11.2025 04:15;58,0348
23.11.2025 04:30;58,0348
23.11.2025 04:45;58,9048
23.11.2025 05:00;58,6032
23.11.2025 05:15;62,6748
23.11.2025 05:30;63,8348
23.11.2025 05:45;63,2548
23.11.2025 06:00;68,4632
23.11.2025 06:15;70,5048
23.11.2025 06:30;70,2148
23.11.2025 06:45;76,5948
23.11.2025 07:00;71,9432
23.11.2025 07:15;66,4448
23.11.2025 07:30;76,0148
23.11.2025 07:45;68,1732
23.11.2025 08:00;70,5048
23.11.2025 08:15;64,2466
23.11.2025 08:30;59,1136
23.11.2025 08:45;61,654
23.11.2025 09:00;60,6854
23.11.2025 09:15;60,8304
23.11.2025 09:30;66,6768
23.11.2025 09:45;68,5618
23.11.2025 10:00;73,834
23.11.2025 10:15;93,6468
23.11.2025 10:30;75,5044
23.11.2025 10:45;64,003
23.11.2025 11:00;52,4842
23.11.2025 11:15;52,8786
23.11.2025 11:30;53,4238
23.11.2025 11:45;51,6606
23.11.2025 12:00;51,475
23.11.2025 12:15;52,4726
23.11.2025 12:30;49,6886
23.11.2025 12:45;50,3092
23.11.2025 13:00;52,9192
23.11.2025 13:15;51,5852
23.11.2025 13:30;49,4392
23.11.2025 13:45;54,8216
23.11.2025 14:00;51,7186
23.11.2025 14:15;49,4972
23.11.2025 14:30;53,3484
23.11.2025 14:45;51,0226
23.11.2025 15:00;50,228
23.11.2025 15:15;54,4736
23.11.2025 15:30;50,9008
23.11.2025 15:45;50,3846
23.11.2025 16:00;54,1024
23.11.2025 16:15;51,5504
23.11.2025 16:30;51,9448
23.11.2025 16:45;60,9232
23.11.2025 17:00;59,1948
23.11.2025 17:15;58,8932
23.11.2025 17:30;63,5448
23.11.2025 17:45;58,6032
23.11.2025 18:00;59,1948
23.11.2025 18:15;63,5332
23.11.2025 18:30;58,9048
23.11.2025 18:45;59,1832
23.11.2025 19:00;62,9648
23.11.2025 19:15;59,1948
23.11.2025 19:30;61,5032
23.11.2025 19:45;63,5448
23.11.2025 20:00;59,7632
23.11.2025 20:15;62,0948
23.11.2025 20:30;60,3432
23.11.2025 20:45;60,9348
23.11.2025 21:00;60,3548
23.11.2025 21:15;58,3132
23.11.2025 21:30;59,7748
23.11.2025 21:45;60,3548
23.11.2025 22:00;57,7332
23.11.2025 22:15;58,9048
23.11.2025 22:30;61,77
23.11.2025 22:45;61,48
23.11.2025 23:00;59,74
23.11.2025 23:15;56,84
23.11.2025 23:30;55,68
23.11.2025 23:45;55,39
24.11.2025 00:00;56,84
24.11.2025 00:15;54,81
24.11.2025 00:30;55,97
24.11.2025 00:45;55,39
24.11.2025 01:00;53,94
24.11.2025 01:15;57,13
24.11.2025 01:30;55,1
24.11.2025 01:45;56,55
24.11.2025 02:00;57,13
24.11.2025 02:15;54,81
24.11.2025 02:30;54,23
24.11.2025 02:45;58,9048
24.11.2025 03:00;53,3948
24.11.2025 03:15;54,2532
24.11.2025 03:30;58,3248
24.11.2025 03:45;54,2648
24.11.2025 04:00;55,4248
24.11.2025 04:15;58,0232
24.11.2025 04:30;55,7148
24.11.2025 04:45;61,8048
24.11.2025 05:00;64,9832
24.11.2025 05:15;81,8148
24.11.2025 05:30;90,5148
24.11.2025 05:45;123,5632
24.11.2025 06:00;149,6748
24.11.2025 06:15;182,4332
24.11.2025 06:30;203,6032
24.11.2025 06:45;204,7632
24.11.2025 07:00;205,9232
24.11.2025 07:15;205,6506
24.11.2025 07:30;204,7632
24.11.2025 07:45;224,5006
24.11.2025 08:00;244,7716
24.11.2025 08:15;214,9132
24.11.2025 08:30;199,0386
24.11.2025 08:45;168,8148
24.11.2025 09:00;168,0724
24.11.2025 09:15;184,15
24.11.2025 09:30;177,4394
24.11.2025 09:45;174,4756
24.11.2025 10:00;176,465
24.11.2025 10:15;172,1208
24.11.2025 10:30;172,869
24.11.2025 10:45;171,361
24.11.2025 11:00;174,8584
24.11.2025 11:15;187,6416
24.11.2025 11:30;175,4268
24.11.2025 11:45;178,9764
24.11.2025 12:00;185,6928
24.11.2025 12:15;156,0838
24.11.2025 12:30;177,103
24.11.2025 12:45;182,4854
24.11.2025 13:00;198,07
24.11.2025 13:15;185,9828
24.11.2025 13:30;187,2356
24.11.2025 13:45;181,1572
24.11.2025 14:00;178,0136
24.11.2025 14:15;159,442
24.11.2025 14:30;138,7592
24.11.2025 14:45;165,8568
24.11.2025 15:00;162,052
24.11.2025 15:15;157,8586
24.11.2025 15:30;136,1086
24.11.2025 15:45;147,4534
24.11.2025 16:00;136,1028
24.11.2025 16:15;115,5244
24.11.2025 16:30;102,3932
24.11.2025 16:45;109,9332
24.11.2025 17:00;107,6248
24.11.2025 17:15;104,7132
24.11.2025 17:30;97,7648
24.11.2025 17:45;77,4532
24.11.2025 18:00;67,0248
24.11.2025 18:15;67,0132
24.11.2025 18:30;66,4448
24.11.2025 18:45;65,5632
24.11.2025 19:00;65,5748
24.11.2025 19:15;72,5232
24.11.2025 19:30;80,6548
24.11.2025 19:45;74,8432
24.11.2025 20:00;69,0548
24.11.2025 20:15;68,7532
24.11.2025 20:30;71,6648
24.11.2025 20:45;64,4032
24.11.2025 21:00;62,3848
24.11.2025 21:15;62,6632
24.11.2025 21:30;61,8048
24.11.2025 21:45;63,2432
24.11.2025 22:00;61,8048
24.11.2025 22:15;61,2132
24.11.2025 22:30;63,8
24.11.2025 22:45;69,02
24.11.2025 23:00;62,93
24.11.2025 23:15;59,16
24.11.2025 23:30;58,29
24.11.2025 23:45;58
25.11.2025 00:00;58
25.11.2025 00:15;57,13
25.11.2025 00:30;58
25.11.2025 00:45;72,5
25.11.2025 01:00;74,53
25.11.2025 01:15;74,82
25.11.2025 01:30;71,92
25.11.2025 01:45;69,6
25.11.2025 02:00;68,73
25.11.2025 02:15;67,57
25.11.2025 02:30;67,28
25.11.2025 02:45;69,3332
25.11.2025 03:00;70,7948
25.11.2025 03:15;68,7648
25.11.2025 03:30;69,3332
25.11.2025 03:45;67,3148
25.11.2025 04:00;68,4632
25.11.2025 04:15;69,0548
25.11.2025 04:30;69,0548
25.11.2025 04:45;72,5232
25.11.2025 05:00;77,4648
25.11.2025 05:15;94,2732
25.11.2025 05:30;100,3748
25.11.2025 05:45;127,049
25.11.2025 06:00;142,7148
25.11.2025 06:15;174,3132
25.11.2025 06:30;192,5832
25.11.2025 06:45;195,7732
25.11.2025 07:00;186,499
25.11.2025 07:15;174,9048
25.11.2025 07:30;182,1432
25.11.2025 07:45;193,1632
25.11.2025 08:00;199,5548
25.11.2025 08:15;200,4132
25.11.2025 08:30;186,8354
25.11.2025 08:45;163,8732
25.11.2025 09:00;187,5662
25.11.2025 09:15;191,6378
25.11.2025 09:30;222,0182
25.11.2025 09:45;197,7278
25.11.2025 10:00;196,9622
25.11.2025 10:15;192,7456
25.11.2025 10:30;189,051
25.11.2025 10:45;193,7838
25.11.2025 11:00;193,604
25.11.2025 11:15;190,7968
25.11.2025 11:30;191,4174
25.11.2025 11:45;176,8536
25.11.2025 12:00;178,9938
25.11.2025 12:15;162,9278
25.11.2025 12:30;162,8234
25.11.2025 12:45;175,943
25.11.2025 13:00;185,6406
25.11.2025 13:15;202,3388
25.11.2025 13:30;174,2552
25.11.2025 13:45;166,8254
25.11.2025 14:00;162,4464
25.11.2025 14:15;155,701
25.11.2025 14:30;131,515
25.11.2025 14:45;137,6804
25.11.2025 15:00;135,9172
25.11.2025 15:15;119,2944
25.11.2025 15:30;110,5132
25.11.2025 15:45;116,928
25.11.2025 16:00;113,477
25.11.2025 16:15;112,1314
25.11.2025 16:30;110,8032
25.11.2025 16:45;107,0448
25.11.2025 17:00;93,1132
25.11.2025 17:15;87,6032
25.11.2025 17:30;73,6948
25.11.2025 17:45;76,0032
25.11.2025 18:00;71,9548
25.11.2025 18:15;75,1332
25.11.2025 18:30;73,3932
25.11.2025 18:45;71,9548
25.11.2025 19:00;72,2332
25.11.2025 19:15;76,3048
25.11.2025 19:30;80,9332
25.11.2025 19:45;76,0148
25.11.2025 20:00;72,2332
25.11.2025 20:15;78,9032
25.11.2025 20:30;72,2448
25.11.2025 20:45;71,9432
25.11.2025 21:00;67,6048
25.11.2025 21:15;70,7832
25.11.2025 21:30;70,7948
25.11.2025 21:45;71,0732
25.11.2025 22:00;69,9248
25.11.2025 22:15;70,4932
25.11.2025 22:30;75,4
25.11.2025 22:45;91,64
25.11.2025 23:00;88,16
25.11.2025 23:15;80,62
25.11.2025 23:30;81,49
25.11.2025 23:45;77,43
26.11.2025 00:00;81,2
26.11.2025 00:15;78,88
26.11.2025 00:30;76,85
26.11.2025 00:45;77,43
26.11.2025 01:00;75,98
26.11.2025 01:15;76,56
26.11.2025 01:30;80,04
26.11.2025 01:45;75,98
26.11.2025 02:00;78,3
26.11.2025 02:15;75,11
26.11.2025 02:30;75,4
26.11.2025 02:45;78,6248
26.11.2025 03:00;76,0032
26.11.2025 03:15;77,7548
26.11.2025 03:30;78,9032
26.11.2025 03:45;75,4348
26.11.2025 04:00;77,4532
26.11.2025 04:15;76,5948
26.11.2025 04:30;77,1748
26.11.2025 04:45;82,3832
26.11.2025 05:00;83,5548
26.11.2025 05:15;102,1032
26.11.2025 05:30;109,3648
26.11.2025 05:45;132,5532
26.11.2025 06:00;147,6332
26.11.2025 06:15;166,1816
26.11.2025 06:30;183,3032
26.11.2025 06:45;201,0048
26.11.2025 07:00;196,0632
26.11.2025 07:15;187,9432
26.11.2025 07:30;201,5732
26.11.2025 07:45;209,6932
26.11.2025 08:00;211,4332
26.11.2025 08:15;205,0648
26.11.2025 08:30;185,4028
26.11.2025 08:45;165,996
26.11.2025 09:00;190,6518
26.11.2025 09:15;210,9518
26.11.2025 09:30;210,3892
26.11.2025 09:45;210,3602
26.11.2025 10:00;205,4128
26.11.2025 10:15;212,9122
26.11.2025 10:30;204,4558
26.11.2025 10:45;186,3598
26.11.2025 11:00;188,5812
26.11.2025 11:15;197,5712
26.11.2025 11:30;194,4334
26.11.2025 11:45;190,6402
26.11.2025 12:00;180,8034
26.11.2025 12:15;165,7176
26.11.2025 12:30;182,2244
26.11.2025 12:45;210,6966
26.11.2025 13:00;206,2422
26.11.2025 13:15;182,7464
26.11.2025 13:30;197,5538
26.11.2025 13:45;218,7064
26.11.2025 14:00;192,27
26.11.2025 14:15;162,0926
26.11.2025 14:30;137,895
26.11.2025 14:45;128,818
26.11.2025 15:00;129,9142
26.11.2025 15:15;123,2326
26.11.2025 15:30;114,9096
26.11.2025 15:45;116,957
26.11.2025 16:00;116,0928
26.11.2025 16:15;109,7418
26.11.2025 16:30;106,1748
26.11.2025 16:45;105,5832
26.11.2025 17:00;98,0432
26.11.2025 17:15;103,5648
26.11.2025 17:30;99,2032
26.11.2025 17:45;84,4248
26.11.2025 18:00;72,5232
26.11.2025 18:15;72,2332
26.11.2025 18:30;71,9548
26.11.2025 18:45;73,6832
26.11.2025 19:00;72,5348
26.11.2025 19:15;81,5132
26.11.2025 19:30;71,6648
26.11.2025 19:45;74,2632
26.11.2025 20:00;76,3048
26.11.2025 20:15;70,4932
26.11.2025 20:30;71,6648
26.11.2025 20:45;70,2032
26.11.2025 21:00;70,5048
26.11.2025 21:15;68,1848
26.11.2025 21:30;69,9132
26.11.2025 21:45;70,7948
26.11.2025 22:00;66,7232
26.11.2025 22:15;67,6048
26.11.2025 22:30;66,41
26.11.2025 22:45;69,6
26.11.2025 23:00;71,34
26.11.2025 23:15;60,9
26.11.2025 23:30;64,09
26.11.2025 23:45;63,8
27.11.2025 00:00;61,48
27.11.2025 00:15;62,64
27.11.2025 00:30;59,16
27.11.2025 00:45;62,64
27.11.2025 01:00;62,06
27.11.2025 01:15;62,64
27.11.2025 01:30;64,09
27.11.2025 01:45;59,74
27.11.2025 02:00;62,35
27.11.2025 02:15;61,19
27.11.2025 02:30;62,64
27.11.2025 02:45;63,8232
27.11.2025 03:00;61,8048
27.11.2025 03:15;63,2432
27.11.2025 03:30;61,2248
27.11.2025 03:45;71,3632
27.11.2025 04:00;80,6548
27.11.2025 04:15;78,0332
27.11.2025 04:30;77,1748
27.11.2025 04:45;77,1632
27.11.2025 05:00;85,0048
27.11.2025 05:15;102,6832
27.11.2025 05:30;107,3348
27.11.2025 05:45;131,3932
27.11.2025 06:00;134,0148
27.11.2025 06:15;169,3832
27.11.2025 06:30;203,9048
27.11.2025 06:45;179,8232
27.11.2025 07:00;183,0132
27.11.2025 07:15;171,4248
27.11.2025 07:30;191,429
27.11.2025 07:45;214,919
27.11.2025 08:00;210,5748
27.11.2025 08:15;207,9532
27.11.2025 08:30;181,2906
27.11.2025 08:45;158,9026
27.11.2025 09:00;191,226
27.11.2025 09:15;215,5744
27.11.2025 09:30;200,8308
27.11.2025 09:45;200,8308
27.11.2025 10:00;214,2172
27.11.2025 10:15;210,1746
27.11.2025 10:30;188,7668
27.11.2025 10:45;177,4916
27.11.2025 11:00;184,3124
27.11.2025 11:15;195,7732
27.11.2025 11:30;192,7456
27.11.2025 11:45;176,8304
27.11.2025 12:00;173,594
27.11.2025 12:15;156,2462
27.11.2025 12:30;180,1596
27.11.2025 12:45;189,4686
27.11.2025 13:00;202,9652
27.11.2025 13:15;192,27
27.11.2025 13:30;165,0274
27.11.2025 13:45;174,2842
27.11.2025 14:00;183,541
27.11.2025 14:15;155,6198
27.11.2025 14:30;134,8964
27.11.2025 14:45;129,8736
27.11.2025 15:00;130,1926
27.11.2025 15:15;127,3854
27.11.2025 15:30;127,2752
27.11.2025 15:45;126,6256
27.11.2025 16:00;124,6072
27.11.2025 16:15;110,2232
27.11.2025 16:30;105,5832
27.11.2025 16:45;106,1748
27.11.2025 17:00;107,6132
27.11.2025 17:15;92,8232
27.11.2025 17:30;89,0648
27.11.2025 17:45;88,7632
27.11.2025 18:00;89,6332
27.11.2025 18:15;87,6148
27.11.2025 18:30;87,6032
27.11.2025 18:45;85,8748
27.11.2025 19:00;70,4932
27.11.2025 19:15;61,5148
27.11.2025 19:30;63,8232
27.11.2025 19:45;73,6832
27.11.2025 20:00;70,5048
27.11.2025 20:15;66,4332
27.11.2025 20:30;65,8648
27.11.2025 20:45;67,5932
27.11.2025 21:00;65,2848
27.11.2025 21:15;68,1732
27.11.2025 21:30;64,1248
27.11.2025 21:45;63,5448
27.11.2025 22:00;66,4332
27.11.2025 22:15;62,0948
27.11.2025 22:30;61,48
27.11.2025 22:45;68,73
27.11.2025 23:00;64,09
27.11.2025 23:15;57,71
27.11.2025 23:30;60,32
27.11.2025 23:45;56,55
28.11.2025 00:00;58
28.11.2025 00:15;58
28.11.2025 00:30;58,29
28.11.2025 00:45;57,42
28.11.2025 01:00;60,32
28.11.2025 01:15;57,13
28.11.2025 01:30;58,58
28.11.2025 01:45;58,58
28.11.2025 02:00;58,29
28.11.2025 02:15;57,42
28.11.2025 02:30;59,74
28.11.2025 02:45;56,5848
28.11.2025 03:00;55,9932
28.11.2025 03:15;58,9048
28.11.2025 03:30;58,6148
28.11.2025 03:45;74,5532
28.11.2025 04:00;77,4648
28.11.2025 04:15;73,1032
28.11.2025 04:30;71,6648
28.11.2025 04:45;78,0332
28.11.2025 05:00;78,6248
28.11.2025 05:15;97,4632
28.11.2025 05:30;105,0148
28.11.2025 05:45;125,3032
28.11.2025 06:00;144,1648
28.11.2025 06:15;168,2232
28.11.2025 06:30;199,8506
28.11.2025 06:45;210,5632
28.11.2025 07:00;209,6932
28.11.2025 07:15;186,7948
28.11.2025 07:30;196,9332
28.11.2025 07:45;223,9148
28.11.2025 08:00;205,3432
28.11.2025 08:15;208,8232
28.11.2025 08:30;199,2532
28.11.2025 08:45;169,6094
28.11.2025 09:00;196,9332
28.11.2025 09:15;209,0842
28.11.2025 09:30;205,0648
28.11.2025 09:45;205,61
28.11.2025 10:00;198,563
28.11.2025 10:15;192,4846
28.11.2025 10:30;170,2474
28.11.2025 10:45;177,9904
28.11.2025 11:00;177,9904
28.11.2025 11:15;184,4342
28.11.2025 11:30;195,3208
28.11.2025 11:45;175,653
28.11.2025 12:00;146,8328
28.11.2025 12:15;132,7794
28.11.2025 12:30;99,354
28.11.2025 12:45;100,8736
28.11.2025 13:00;90,1494
28.11.2025 13:15;77,0994
28.11.2025 13:30;75,545
28.11.2025 13:45;67,7556
28.11.2025 14:00;71,63
28.11.2025 14:15;65,047
28.11.2025 14:30;75,3188
28.11.2025 14:45;70,5048
28.11.2025 15:00;63,8174
28.11.2025 15:15;71,485
28.11.2025 15:30;65,2326
28.11.2025 15:45;56,2948
28.11.2025 16:00;56,7008
28.11.2025 16:15;53,9748
28.11.2025 16:30;58,6032
28.11.2025 16:45;64,6932
28.11.2025 17:00;64,9948
28.11.2025 17:15;65,8532
28.11.2025 17:30;63,2432
28.11.2025 17:45;64,4148
28.11.2025 18:00;60,3432
28.11.2025 18:15;68,7532
28.11.2025 18:30;65,2848
28.11.2025 18:45;61,5032
28.11.2025 19:00;59,1948
28.11.2025 19:15;61,5032
28.11.2025 19:30;63,8232
28.11.2025 19:45;61,2248
28.11.2025 20:00;58,8932
28.11.2025 20:15;60,6448
28.11.2025 20:30;63,2432
28.11.2025 20:45;60,9232
28.11.2025 21:00;60,9348
28.11.2025 21:15;60,6332
28.11.2025 21:30;59,1948
28.11.2025 21:45;57,7332
28.11.2025 22:00;60,9348
28.11.2025 22:15;60,6332
28.11.2025 22:30;62,06
28.11.2025 22:45;59,74
28.11.2025 23:00;62,64
28.11.2025 23:15;56,26
28.11.2025 23:30;57,13
28.11.2025 23:45;57,13
29.11.2025 00:00;57,13
29.11.2025 00:15;54,52
29.11.2025 00:30;55,97
29.11.2025 00:45;58,87
29.11.2025 01:00;57,42
29.11.2025 01:15;55,39
29.11.2025 01:30;58
29.11.2025 01:45;55,39
29.11.2025 02:00;56,84
29.11.2025 02:15;56,84
29.11.2025 02:30;56,84
29.11.2025 02:45;55,1348
29.11.2025 03:00;54,8332
29.11.2025 03:15;60,9348
29.11.2025 03:30;55,7032
29.11.2025 03:45;55,4248
29.11.2025 04:00;58,3132
29.11.2025 04:15;56,5848
29.11.2025 04:30;55,4132
29.11.2025 04:45;58,0348
29.11.2025 05:00;57,7332
29.11.2025 05:15;60,9348
29.11.2025 05:30;61,2132
29.11.2025 05:45;82,9748
29.11.2025 06:00;88,1948
29.11.2025 06:15;89,9232
29.11.2025 06:30;97,4748
29.11.2025 06:45;95,4332
29.11.2025 07:00;93,9832
29.11.2025 07:15;92,2548
29.11.2025 07:30;96,3032
29.11.2025 07:45;95,4448
29.11.2025 08:00;92,8232
29.11.2025 08:15;90,8048
29.11.2025 08:30;84,4132
29.11.2025 08:45;82,4064
29.11.2025 09:00;82,5166
29.11.2025 09:15;80,6258
29.11.2025 09:30;82,4644
29.11.2025 09:45;88,4848
29.11.2025 10:00;82,795
29.11.2025 10:15;81,6408
29.11.2025 10:30;82,4006
29.11.2025 10:45;85,927
29.11.2025 11:00;79,0018
29.11.2025 11:15;69,8552
29.11.2025 11:30;70,9456
29.11.2025 11:45;67,6338
29.11.2025 12:00;68,1268
29.11.2025 12:15;59,7632
29.11.2025 12:30;51,5968
29.11.2025 12:45;52,1536
29.11.2025 13:00;52,5596
29.11.2025 13:15;50,9066
29.11.2025 13:30;51,6142
29.11.2025 13:45;53,7196
29.11.2025 14:00;51,3068
29.11.2025 14:15;52,9308
29.11.2025 14:30;53,2498
29.11.2025 14:45;51,9738
29.11.2025 15:00;52,2638
29.11.2025 15:15;54,201
29.11.2025 15:30;50,8138
29.11.2025 15:45;51,562
29.11.2025 16:00;54,5548
29.11.2025 16:15;53,7196
29.11.2025 16:30;54,0444
29.11.2025 16:45;60,6332
29.11.2025 17:00;58,3132
29.11.2025 17:15;60,9232
29.11.2025 17:30;62,9648
29.11.2025 17:45;61,2132
29.11.2025 18:00;58,3132
29.11.2025 18:15;62,3732
29.11.2025 18:30;60,9348
29.11.2025 18:45;60,9232
29.11.2025 19:00;62,0832
29.11.2025 19:15;59,7748
29.11.2025 19:30;59,4732
29.11.2025 19:45;62,3848
29.11.2025 20:00;61,7932
29.11.2025 20:15;58,8932
29.11.2025 20:30;62,0948
29.11.2025 20:45;58,8932
29.11.2025 21:00;60,9232
29.11.2025 21:15;60,9348
29.11.2025 21:30;58,6032
29.11.2025 21:45;59,4848
29.11.2025 22:00;60,9232
29.11.2025 22:15;59,1948
29.11.2025 22:30;60,03
29.11.2025 22:45;62,06
29.11.2025 23:00;58,87
29.11.2025 23:15;55,39
29.11.2025 23:30;56,55
29.11.2025 23:45;55,97
30.11.2025 00:00;56,84
30.11.2025 00:15;54,81
30.11.2025 00:30;53,94
30.11.2025 00:45;58
30.11.2025 01:00;55,39
30.11.2025 01:15;56,84
30.11.2025 01:30;57,71
30.11.2025 01:45;54,52
30.11.2025 02:00;56,26
30.11.2025 02:15;55,68
30.11.2025 02:30;58,58
30.11.2025 02:45;57,1648
30.11.2025 03:00;55,9932
30.11.2025 03:15;54,2648
30.11.2025 03:30;57,7332
30.11.2025 03:45;55,4248
30.11.2025 04:00;56,8632
30.11.2025 04:15;56,8632
30.11.2025 04:30;55,7148
30.11.2025 04:45;55,1232
30.11.2025 05:00;58,9048
30.11.2025 05:15;60,9232
30.11.2025 05:30;61,8048
30.11.2025 05:45;64,9832
30.11.2025 06:00;67,3148
30.11.2025 06:15;71,9432
30.11.2025 06:30;80,6548
30.11.2025 06:45;83,8332
30.11.2025 07:00;79,7848
30.11.2025 07:15;74,2632
30.11.2025 07:30;82,9748
30.11.2025 07:45;87,0232
30.11.2025 08:00;83,5606
30.11.2025 08:15;77,7432
30.11.2025 08:30;70,209
30.11.2025 08:45;68,8344
30.11.2025 09:00;70,8934
30.11.2025 09:15;74,0718
30.11.2025 09:30;72,152
30.11.2025 09:45;77,6562
30.11.2025 10:00;70,5222
30.11.2025 10:15;68,2138
30.11.2025 10:30;73,6136
30.11.2025 10:45;74,6576
30.11.2025 11:00;57,043
30.11.2025 11:15;52,548
30.11.2025 11:30;51,1502
30.11.2025 11:45;51,2778
30.11.2025 12:00;54,2706
30.11.2025 12:15;49,3348
30.11.2025 12:30;50,4426
30.11.2025 12:45;52,2406
30.11.2025 13:00;51,8172
30.11.2025 13:15;52,8206
30.11.2025 13:30;56,3934
30.11.2025 13:45;50,3324
30.11.2025 14:00;52,5248
30.11.2025 14:15;51,2604
30.11.2025 14:30;51,7186
30.11.2025 14:45;54,549
30.11.2025 15:00;51,5678
30.11.2025 15:15;51,4054
30.11.2025 15:30;54,317
30.11.2025 15:45;50,3092
30.11.2025 16:00;53,0468
30.11.2025 16:15;53,9052
30.11.2025 16:30;55,7148
30.11.2025 16:45;59,4732
30.11.2025 17:00;59,4848
30.11.2025 17:15;59,1832
30.11.2025 17:30;60,6332
30.11.2025 17:45;62,0948
30.11.2025 18:00;60,6332
30.11.2025 18:15;62,6748
30.11.2025 18:30;59,7632
30.11.2025 18:45;58,9048
30.11.2025 19:00;61,5032
30.11.2025 19:15;61,2248
30.11.2025 19:30;76,8732
30.11.2025 19:45;79,2048
30.11.2025 20:00;75,1332
30.11.2025 20:15;73,9848
30.11.2025 20:30;73,1032
30.11.2025 20:45;71,6648
30.11.2025 21:00;73,3932
30.11.2025 21:15;71,6648
30.11.2025 21:30;70,7832
30.11.2025 21:45;71,6648
30.11.2025 22:00;69,0432
30.11.2025 22:15;71,3748
30.11.2025 22:30;73,95
30.11.2025 22:45;72,21
30.11.2025 23:00;73,08
30.11.2025 23:15;68,15
30.11.2025 23:30;64,67
30.11.2025 23:45;69,02
01.12.2025 00:00;67,57
01.12.2025 00:15;68,15
01.12.2025 00:30;70,47
01.12.2025 00:45;65,25
01.12.2025 01:00;66,7
01.12.2025 01:15;66,99
01.12.2025 01:30;69,6
01.12.2025 01:45;68,44
01.12.2025 02:00;68,44
01.12.2025 02:15;66,12
01.12.2025 02:30;68,73
01.12.2025 02:45;66,1548
01.12.2025 03:00;67,5932
01.12.2025 03:15;71,0848
01.12.2025 03:30;65,8648
01.12.2025 03:45;67,3032
01.12.2025 04:00;67,6048
01.12.2025 04:15;68,1732
01.12.2025 04:30;69,9248
01.12.2025 04:45;74,5532
01.12.2025 05:00;76,3048
01.12.2025 05:15;94,2848
01.12.2025 05:30;115,7332
01.12.2025 05:45;128,5048
01.12.2025 06:00;142,999
01.12.2025 06:15;167,069
01.12.2025 06:30;189,6716
01.12.2025 06:45;176,9116
01.12.2025 07:00;187,659
01.12.2025 07:15;184,1616
01.12.2025 07:30;206,2306
01.12.2025 07:45;214,6232
01.12.2025 08:00;207,9532
01.12.2025 08:15;198,3774
01.12.2025 08:30;180,583
01.12.2025 08:45;164,72
01.12.2025 09:00;188,587
01.12.2025 09:15;217,6508
01.12.2025 09:30;205,146
01.12.2025 09:45;201,6022
01.12.2025 10:00;192,3106
01.12.2025 10:15;194,1028
01.12.2025 10:30;192,9428
01.12.2025 10:45;175,6124
01.12.2025 11:00;181,801
01.12.2025 11:15;192,1308
01.12.2025 11:30;184,237
01.12.2025 11:45;198,7196
01.12.2025 12:00;182,555
01.12.2025 12:15;154,9354
01.12.2025 12:30;165,7234
01.12.2025 12:45;184,6662
01.12.2025 13:00;191,023
01.12.2025 13:15;182,5782
01.12.2025 13:30;174,7888
01.12.2025 13:45;185,5304
01.12.2025 14:00;181,221
01.12.2025 14:15;172,8342
01.12.2025 14:30;133,081
01.12.2025 14:45;128,3946
01.12.2025 15:00;126,0282
01.12.2025 15:15;117,247
01.12.2025 15:30;98,0548
01.12.2025 15:45;98,7624
01.12.2025 16:00;96,6164
01.12.2025 16:15;97,4052
01.12.2025 16:30;99,9572
01.12.2025 16:45;87,0232
01.12.2025 17:00;87,9048
01.12.2025 17:15;80,0632
01.12.2025 17:30;65,2848
01.12.2025 17:45;66,7232
01.12.2025 18:00;66,7232
01.12.2025 18:15;66,7348
01.12.2025 18:30;64,6932
01.12.2025 18:45;66,4448
01.12.2025 19:00;67,0132
01.12.2025 19:15;64,1248
01.12.2025 19:30;64,1132
01.12.2025 19:45;65,2848
01.12.2025 20:00;64,9832
01.12.2025 20:15;65,5748
01.12.2025 20:30;69,0432
01.12.2025 20:45;63,8348
01.12.2025 21:00;61,7932
01.12.2025 21:15;64,4148
01.12.2025 21:30;64,6932
01.12.2025 21:45;63,5448
01.12.2025 22:00;64,6932
01.12.2025 22:15;64,4148
01.12.2025 22:30;62,64
01.12.2025 22:45;63,8
01.12.2025 23:00;65,83
01.12.2025 23:15;61,77
01.12.2025 23:30;59,45
01.12.2025 23:45;62,93
02.12.2025 00:00;59,16
02.12.2025 00:15;58,29
02.12.2025 00:30;61,19
02.12.2025 00:45;58
02.12.2025 01:00;60,03
02.12.2025 01:15;61,19
02.12.2025 01:30;61,19
02.12.2025 01:45;58
02.12.2025 02:00;59,74
02.12.2025 02:15;60,32
02.12.2025 02:30;66,7
02.12.2025 02:45;77,7432
02.12.2025 03:00;79,2048
02.12.2025 03:15;74,5532
02.12.2025 03:30;75,1448
02.12.2025 03:45;74,8432
02.12.2025 04:00;72,8248
02.12.2025 04:15;73,1148
02.12.2025 04:30;73,9732
02.12.2025 04:45;74,2748
02.12.2025 05:00;81,5132
02.12.2025 05:15;99,5048
02.12.2025 05:30;112,8332
02.12.2025 05:45;126,7648
02.12.2025 06:00;139,809
02.12.2025 06:15;176,9232
02.12.2025 06:30;203,3016
02.12.2025 06:45;232,8932
02.12.2025 07:00;217,5232
02.12.2025 07:15;194,9032
02.12.2025 07:30;209,1132
02.12.2025 07:45;222,7432
02.12.2025 08:00;234,3432
02.12.2025 08:15;226,2232
02.12.2025 08:30;205,0416
02.12.2025 08:45;182,7232
02.12.2025 09:00;197,2406
02.12.2025 09:15;224,0946
02.12.2025 09:30;224,5412
02.12.2025 09:45;234,4766
02.12.2025 10:00;239,4878
02.12.2025 10:15;232,9686
02.12.2025 10:30;229,1406
02.12.2025 10:45;208,9218
02.12.2025 11:00;231,2286
02.12.2025 11:15;230,1614
02.12.2025 11:30;202,9942
02.12.2025 11:45;196,2894
02.12.2025 12:00;226,7046
02.12.2025 12:15;168,7162
02.12.2025 12:30;180,5772
02.12.2025 12:45;209,0088
02.12.2025 13:00;216,0674
02.12.2025 13:15;215,0698
02.12.2025 13:30;240,2418
02.12.2025 13:45;215,8006
02.12.2025 14:00;215,7658
02.12.2025 14:15;196,127
02.12.2025 14:30;162,98
02.12.2025 14:45;158,891
02.12.2025 15:00;139,5596
02.12.2025 15:15;125,4598
02.12.2025 15:30;106,691
02.12.2025 15:45;99,8876
02.12.2025 16:00;99,6324
02.12.2025 16:15;102,1728
02.12.2025 16:30;106,0066
02.12.2025 16:45;94,5632
02.12.2025 17:00;82,9748
02.12.2025 17:15;85,5732
02.12.2025 17:30;84,9932
02.12.2025 17:45;82,6848
02.12.2025 18:00;84,1232
02.12.2025 18:15;84,1232
02.12.2025 18:30;81,5248
02.12.2025 18:45;78,6132
02.12.2025 19:00;78,6132
02.12.2025 19:15;80,0748
02.12.2025 19:30;79,7732
02.12.2025 19:45;75,4232
02.12.2025 20:00;79,7848
02.12.2025 20:15;79,7732
02.12.2025 20:30;93,1248
02.12.2025 20:45;80,3532
02.12.2025 21:00;77,7432
02.12.2025 21:15;79,4948
02.12.2025 21:30;79,1932
02.12.2025 21:45;76,0032
02.12.2025 22:00;78,3348
02.12.2025 22:15;73,6832
02.12.2025 22:30;71,05
02.12.2025 22:45;72,79
02.12.2025 23:00;72,21
02.12.2025 23:15;66,99
02.12.2025 23:30;68,15
02.12.2025 23:45;68,73
03.12.2025 00:00;68,73
03.12.2025 00:15;68,44
03.12.2025 00:30;68,73
03.12.2025 00:45;68,73
03.12.2025 01:00;68,44
03.12.2025 01:15;66,99
03.12.2025 01:30;66,99
03.12.2025 01:45;66,99
03.12.2025 02:00;71,34
03.12.2025 02:15;78,01
03.12.2025 02:30;85,84
03.12.2025 02:45;85,2832
03.12.2025 03:00;85,8748
03.12.2025 03:15;84,4132
03.12.2025 03:30;82,6848
03.12.2025 03:45;80,6432
03.12.2025 04:00;80,9448
03.12.2025 04:15;81,8032
03.12.2025 04:30;82,1048
03.12.2025 04:45;85,8632
03.12.2025 05:00;90,8048
03.12.2025 05:15;105,0032
03.12.2025 05:30;122,4032
03.12.2025 05:45;135,4648
03.12.2025 06:00;144,4432
03.12.2025 06:15;158,3632
03.12.2025 06:30;210,569
03.12.2025 06:45;235,509
03.12.2025 07:00;216,0732
03.12.2025 07:15;179,2432
03.12.2025 07:30;179,8116
03.12.2025 07:45;198,3774
03.12.2025 08:00;209,1132
03.12.2025 08:15;215,789
03.12.2025 08:30;199,0212
03.12.2025 08:45;151,5076
03.12.2025 09:00;184,2892
03.12.2025 09:15;220,7422
03.12.2025 09:30;210,1804
03.12.2025 09:45;213,8808
03.12.2025 10:00;177,2016
03.12.2025 10:15;180,003
03.12.2025 10:30;173,8086
03.12.2025 10:45;161,965
03.12.2025 11:00;180,9194
03.12.2025 11:15;183,2684
03.12.2025 11:30;181,2268
03.12.2025 11:45;197,0202
03.12.2025 12:00;178,1876
03.12.2025 12:15;149,2688
03.12.2025 12:30;161,965
03.12.2025 12:45;200,4074
03.12.2025 13:00;202,6056
03.12.2025 13:15;217,2042
03.12.2025 13:30;201,5848
03.12.2025 13:45;188,4884
03.12.2025 14:00;164,3894
03.12.2025 14:15;139,838
03.12.2025 14:30;130,4304
03.12.2025 14:45;122,5598
03.12.2025 15:00;125,454
03.12.2025 15:15;122,5018
03.12.2025 15:30;92,0518
03.12.2025 15:45;78,7466
03.12.2025 16:00;78,7118
03.12.2025 16:15;77,836
03.12.2025 16:30;82,7776
03.12.2025 16:45;86,4432
03.12.2025 17:00;89,3548
03.12.2025 17:15;90,5032
03.12.2025 17:30;89,9232
03.12.2025 17:45;84,7148
03.12.2025 18:00;77,4532
03.12.2025 18:15;77,4532
03.12.2025 18:30;67,3148
03.12.2025 18:45;70,7832
03.12.2025 19:00;73,4048
03.12.2025 19:15;69,9132
03.12.2025 19:30;72,5232
03.12.2025 19:45;71,9548
03.12.2025 20:00;67,8832
03.12.2025 20:15;71,0848
03.12.2025 20:30;69,0432
03.12.2025 20:45;70,2148
03.12.2025 21:00;69,6232
03.12.2025 21:15;68,4632
03.12.2025 21:30;65,2848
03.12.2025 21:45;65,8532
03.12.2025 22:00;64,7048
03.12.2025 22:15;64,6932
03.12.2025 22:30;69,02
03.12.2025 22:45;66,7
03.12.2025 23:00;67,57
03.12.2025 23:15;62,35
03.12.2025 23:30;60,9
03.12.2025 23:45;60,03
04.12.2025 00:00;62,64
04.12.2025 00:15;60,03
04.12.2025 00:30;63,51
04.12.2025 00:45;64,67
04.12.2025 01:00;59,45
04.12.2025 01:15;61,77
04.12.2025 01:30;60,9
04.12.2025 01:45;61,48
04.12.2025 02:00;71,92
04.12.2025 02:15;78,59
04.12.2025 02:30;79,17
04.12.2025 02:45;78,6248
04.12.2025 03:00;72,8132
04.12.2025 03:15;74,2748
04.12.2025 03:30;75,7132
04.12.2025 03:45;73,1148
04.12.2025 04:00;74,8432
04.12.2025 04:15;72,5348
04.12.2025 04:30;73,3932
04.12.2025 04:45;79,2048
04.12.2025 05:00;78,6132
04.12.2025 05:15;98,3448
04.12.2025 05:30;108,7732
04.12.2025 05:45;131,6832
04.12.2025 06:00;155,7648
04.12.2025 06:15;176,0532
04.12.2025 06:30;215,4816
04.12.2025 06:45;222,4706
04.12.2025 07:00;204,7516
04.12.2025 07:15;192,2874
04.12.2025 07:30;207,3732
04.12.2025 07:45;212,8948
04.12.2025 08:00;219,2574
04.12.2025 08:15;229,1116
04.12.2025 08:30;214,629
04.12.2025 08:45;173,4606
04.12.2025 09:00;193,9172
04.12.2025 09:15;235,4046
04.12.2025 09:30;222,1168
04.12.2025 09:45;214,078
04.12.2025 10:00;228,0502
04.12.2025 10:15;214,3158
04.12.2025 10:30;222,1052
04.12.2025 10:45;187,5546
04.12.2025 11:00;188,4362
04.12.2025 11:15;195,9588
04.12.2025 11:30;194,2768
04.12.2025 11:45;190,211
04.12.2025 12:00;187,079
04.12.2025 12:15;155,7938
04.12.2025 12:30;176,1982
04.12.2025 12:45;204,5428
04.12.2025 13:00;208,3824
04.12.2025 13:15;198,4992
04.12.2025 13:30;188,4884
04.12.2025 13:45;206,5264
04.12.2025 14:00;181,8242
04.12.2025 14:15;158,9722
04.12.2025 14:30;149,5298
04.12.2025 14:45;144,2228
04.12.2025 15:00;108,9124
04.12.2025 15:15;102,5846
04.12.2025 15:30;84,6394
04.12.2025 15:45;83,3866
04.12.2025 16:00;83,2764
04.12.2025 16:15;78,8394
04.12.2025 16:30;84,1058
04.12.2025 16:45;84,4248
04.12.2025 17:00;82,6732
04.12.2025 17:15;87,3132
04.12.2025 17:30;80,0632
04.12.2025 17:45;78,6248
04.12.2025 18:00;66,7232
04.12.2025 18:15;61,7932
04.12.2025 18:30;65,5748
04.12.2025 18:45;65,2732
04.12.2025 19:00;64,1132
04.12.2025 19:15;65,5748
04.12.2025 19:30;64,1132
04.12.2025 19:45;64,6932
04.12.2025 20:00;64,1248
04.12.2025 20:15;64,6932
04.12.2025 20:30;68,7648
04.12.2025 20:45;66,1432
04.12.2025 21:00;66,4332
04.12.2025 21:15;62,0948
04.12.2025 21:30;63,8232
04.12.2025 21:45;61,8048
04.12.2025 22:00;60,3432
04.12.2025 22:15;63,5332
04.12.2025 22:30;63,22
04.12.2025 22:45;66,41
04.12.2025 23:00;66,12
04.12.2025 23:15;58,87
04.12.2025 23:30;60,32
04.12.2025 23:45;56,84
05.12.2025 00:00;57,71
05.12.2025 00:15;58,87
05.12.2025 00:30;58,87
05.12.2025 00:45;60,32
05.12.2025 01:00;59,45
05.12.2025 01:15;57,13
05.12.2025 01:30;60,61
05.12.2025 01:45;56,84
05.12.2025 02:00;58,87
05.12.2025 02:15;70,47
05.12.2025 02:30;77,14
05.12.2025 02:45;77,4648
05.12.2025 03:00;74,8432
05.12.2025 03:15;73,9848
05.12.2025 03:30;76,5832
05.12.2025 03:45;73,1148
05.12.2025 04:00;75,1332
05.12.2025 04:15;72,2448
05.12.2025 04:30;69,0432
05.12.2025 04:45;72,8132
05.12.2025 05:00;69,6348
05.12.2025 05:15;77,7432
05.12.2025 05:30;104,4348
05.12.2025 05:45;119,2132
05.12.2025 06:00;140,3832
05.12.2025 06:15;166,1932
05.12.2025 06:30;189,6716
05.12.2025 06:45;208,2432
05.12.2025 07:00;192,56
05.12.2025 07:15;192,8616
05.12.2025 07:30;205,6332
05.12.2025 07:45;208,5332
05.12.2025 08:00;234,0532
05.12.2025 08:15;219,8432
05.12.2025 08:30;210,5516
05.12.2025 08:45;182,7174
05.12.2025 09:00;209,9716
05.12.2025 09:15;215,1104
05.12.2025 09:30;206,683
05.12.2025 09:45;185,6928
05.12.2025 10:00;185,1012
05.12.2025 10:15;192,2352
05.12.2025 10:30;189,225
05.12.2025 10:45;182,2476
05.12.2025 11:00;192,9486
05.12.2025 11:15;196,8404
05.12.2025 11:30;195,0134
05.12.2025 11:45;197,4958
05.12.2025 12:00;177,6772
05.12.2025 12:15;154,106
05.12.2025 12:30;109,5678
05.12.2025 12:45;109,9216
05.12.2025 13:00;102,5034
05.12.2025 13:15;100,6822
05.12.2025 13:30;87,812
05.12.2025 13:45;76,4034
05.12.2025 14:00;79,025
05.12.2025 14:15;78,6654
05.12.2025 14:30;74,3328
05.12.2025 14:45;74,994
05.12.2025 15:00;72,9002
05.12.2025 15:15;72,4246
05.12.2025 15:30;69,8378
05.12.2025 15:45;68,1094
05.12.2025 16:00;65,0122
05.12.2025 16:15;67,6048
05.12.2025 16:30;70,7832
05.12.2025 16:45;71,6532
05.12.2025 17:00;73,9848
05.12.2025 17:15;74,2632
05.12.2025 17:30;74,5532
05.12.2025 17:45;73,3932
05.12.2025 18:00;76,0148
05.12.2025 18:15;71,9432
05.12.2025 18:30;72,2332
05.12.2025 18:45;74,8548
05.12.2025 19:00;71,9432
05.12.2025 19:15;73,6948
05.12.2025 19:30;74,5532
05.12.2025 19:45;71,9432
05.12.2025 20:00;71,6648
05.12.2025 20:15;74,2632
05.12.2025 20:30;70,4932
05.12.2025 20:45;74,2748
05.12.2025 21:00;72,5232
05.12.2025 21:15;72,5232
05.12.2025 21:30;71,3748
05.12.2025 21:45;71,3632
05.12.2025 22:00;69,9132
05.12.2025 22:15;73,6948
05.12.2025 22:30;72,79
05.12.2025 22:45;73,08
05.12.2025 23:00;73,37
05.12.2025 23:15;66,7
05.12.2025 23:30;66,41
05.12.2025 23:45;72,5
06.12.2025 00:00;67,28
06.12.2025 00:15;67,28
06.12.2025 00:30;68,15
06.12.2025 00:45;65,83
06.12.2025 01:00;68,44
06.12.2025 01:15;68,15
06.12.2025 01:30;67,57
06.12.2025 01:45;70,18
06.12.2025 02:00;65,83
06.12.2025 02:15;66,7
06.12.2025 02:30;68,44
06.12.2025 02:45;66,7232
06.12.2025 03:00;68,4748
06.12.2025 03:15;69,0432
06.12.2025 03:30;66,4332
06.12.2025 03:45;69,9248
06.12.2025 04:00;65,2732
06.12.2025 04:15;66,1548
06.12.2025 04:30;69,3332
06.12.2025 04:45;67,5932
06.12.2025 05:00;69,0548
06.12.2025 05:15;74,8432
06.12.2025 05:30;73,1148
06.12.2025 05:45;83,2532
06.12.2025 06:00;83,8332
06.12.2025 06:15;97,1848
06.12.2025 06:30;119,2132
06.12.2025 06:45;116,3248
06.12.2025 07:00;117,4732
06.12.2025 07:15;110,2348
06.12.2025 07:30;113,4132
06.12.2025 07:45;116,6032
06.12.2025 08:00;115,1648
06.12.2025 08:15;113,4132
06.12.2025 08:30;110,5248
06.12.2025 08:45;101,5232
06.12.2025 09:00;105,3048
06.12.2025 09:15;104,7712
06.12.2025 09:30;107,1608
06.12.2025 09:45;109,8578
06.12.2025 10:00;105,2294
06.12.2025 10:15;103,8664
06.12.2025 10:30;104,8234
06.12.2025 10:45;106,1806
06.12.2025 11:00;102,1148
06.12.2025 11:15;83,9666
06.12.2025 11:30;68,1848
06.12.2025 11:45;64,003
06.12.2025 12:00;63,1562
06.12.2025 12:15;66,5086
06.12.2025 12:30;63,9392
06.12.2025 12:45;63,0866
06.12.2025 13:00;64,9252
06.12.2025 13:15;63,2084
06.12.2025 13:30;64,322
06.12.2025 13:45;66,9436
06.12.2025 14:00;64,5656
06.12.2025 14:15;63,7014
06.12.2025 14:30;65,105
06.12.2025 14:45;61,9382
06.12.2025 15:00;63,8522
06.12.2025 15:15;65,917
06.12.2025 15:30;64,409
06.12.2025 15:45;64,2814
06.12.2025 16:00;63,133
06.12.2025 16:15;63,0054
06.12.2025 16:30;71,9432
06.12.2025 16:45;70,2032
06.12.2025 17:00;71,0848
06.12.2025 17:15;73,6832
06.12.2025 17:30;70,7832
06.12.2025 17:45;71,6532
06.12.2025 18:00;75,4348
06.12.2025 18:15;71,3632
06.12.2025 18:30;70,7832
06.12.2025 18:45;73,6948
06.12.2025 19:00;73,3932
06.12.2025 19:15;72,8132
06.12.2025 19:30;73,9848
06.12.2025 19:45;70,4932
06.12.2025 20:00;71,0732
06.12.2025 20:15;73,4048
06.12.2025 20:30;73,6832
06.12.2025 20:45;72,8248
06.12.2025 21:00;72,5232
06.12.2025 21:15;70,2032
06.12.2025 21:30;69,0548
06.12.2025 21:45;72,8132
06.12.2025 22:00;70,7948
06.12.2025 22:15;71,0732
06.12.2025 22:30;72,21
06.12.2025 22:45;71,63
06.12.2025 23:00;73,95
06.12.2025 23:15;67,57
06.12.2025 23:30;66,12
06.12.2025 23:45;68,73
07.12.2025 00:00;66,41
07.12.2025 00:15;67,86
07.12.2025 00:30;69,89
07.12.2025 00:45;68,15
07.12.2025 01:00;66,41
07.12.2025 01:15;69,6
07.12.2025 01:30;67,28
07.12.2025 01:45;68,44
07.12.2025 02:00;68,73
07.12.2025 02:15;66,12
07.12.2025 02:30;66,7
07.12.2025 02:45;69,9248
07.12.2025 03:00;68,1732
07.12.2025 03:15;66,7348
07.12.2025 03:30;68,4632
07.12.2025 03:45;66,1548
07.12.2025 04:00;66,7232
07.12.2025 04:15;69,9248
07.12.2025 04:30;66,7232
07.12.2025 04:45;67,0248
07.12.2025 05:00;69,0432
07.12.2025 05:15;72,2332
07.12.2025 05:30;72,5348
07.12.2025 05:45;74,2632
07.12.2025 06:00;71,6648
07.12.2025 06:15;71,0732
07.12.2025 06:30;74,5648
07.12.2025 06:45;74,8432
07.12.2025 07:00;73,1206
07.12.2025 07:15;73,9732
07.12.2025 07:30;71,3748
07.12.2025 07:45;71,9432
07.12.2025 08:00;73,7006
07.12.2025 08:15;71,369
07.12.2025 08:30;66,4448
07.12.2025 08:45;65,5226
07.12.2025 09:00;63,1446
07.12.2025 09:15;64,7106
07.12.2025 09:30;66,5202
07.12.2025 09:45;63,4114
07.12.2025 10:00;63,2142
07.12.2025 10:15;64,728
07.12.2025 10:30;64,0784
07.12.2025 10:45;64,119
07.12.2025 11:00;65,1108
07.12.2025 11:15;63,1272
07.12.2025 11:30;62,5878
07.12.2025 11:45;65,192
07.12.2025 12:00;63,9334
07.12.2025 12:15;63,4404
07.12.2025 12:30;65,5284
07.12.2025 12:45;62,4544
07.12.2025 13:00;62,7038
07.12.2025 13:15;65,366
07.12.2025 13:30;63,829
07.12.2025 13:45;65,9402
07.12.2025 14:00;65,8822
07.12.2025 14:15;62,3268
07.12.2025 14:30;62,4022
07.12.2025 14:45;65,2616
07.12.2025 15:00;62,7734
07.12.2025 15:15;64,1596
07.12.2025 15:30;67,1176
07.12.2025 15:45;63,2084
07.12.2025 16:00;63,1388
07.12.2025 16:15;65,685
07.12.2025 16:30;68,4632
07.12.2025 16:45;70,7832
07.12.2025 17:00;74,8548
07.12.2025 17:15;71,3632
07.12.2025 17:30;71,0732
07.12.2025 17:45;73,1032
07.12.2025 18:00;70,7948
07.12.2025 18:15;71,6532
07.12.2025 18:30;74,8432
07.12.2025 18:45;71,9548
07.12.2025 19:00;71,0732
07.12.2025 19:15;72,8132
07.12.2025 19:30;70,5048
07.12.2025 19:45;71,6532
07.12.2025 20:00;75,1332
07.12.2025 20:15;71,9548
07.12.2025 20:30;71,6532
07.12.2025 20:45;75,1332
07.12.2025 21:00;69,6348
07.12.2025 21:15;69,3332
07.12.2025 21:30;73,4048
07.12.2025 21:45;70,4932
07.12.2025 22:00;70,2032
07.12.2025 22:15;70,7948
07.12.2025 22:30;70,18
07.12.2025 22:45;89,03
07.12.2025 23:00;88,45
07.12.2025 23:15;83,81
07.12.2025 23:30;84,68
07.12.2025 23:45;80,91
08.12.2025 00:00;80,33
08.12.2025 00:15;80,91
08.12.2025 00:30;80,62
08.12.2025 00:45;79,17
08.12.2025 01:00;80,62
08.12.2025 01:15;78,01
08.12.2025 01:30;78,59
08.12.2025 01:45;80,33
08.12.2025 02:00;78,59
08.12.2025 02:15;79,17
08.12.2025 02:30;80,33
08.12.2025 02:45;78,0332
08.12.2025 03:00;77,4532
08.12.2025 03:15;80,9448
08.12.2025 03:30;79,7732
08.12.2025 03:45;79,4948
08.12.2025 04:00;80,3532
08.12.2025 04:15;77,1632
08.12.2025 04:30;79,2048
08.12.2025 04:45;80,3532
08.12.2025 05:00;79,4948
08.12.2025 05:15;84,7032
08.12.2025 05:30;100,0848
08.12.2025 05:45;129,0732
08.12.2025 06:00;140,6732
08.12.2025 06:15;159,5348
08.12.2025 06:30;181,8474
08.12.2025 06:45;207,0832
08.12.2025 07:00;194,6074
08.12.2025 07:15;187,3632
08.12.2025 07:30;196,9448
08.12.2025 07:45;207,6632
08.12.2025 08:00;203,8816
08.12.2025 08:15;192,2816
08.12.2025 08:30;198,099
08.12.2025 08:45;165,4914
08.12.2025 09:00;182,8218
08.12.2025 09:15;195,9936
08.12.2025 09:30;185,8146
08.12.2025 09:45;182,5086
08.12.2025 10:00;177,5554
08.12.2025 10:15;176,1692
08.12.2025 10:30;178,4544
08.12.2025 10:45;173,3794
08.12.2025 11:00;174,9744
08.12.2025 11:15;173,4606
08.12.2025 11:30;192,8036
08.12.2025 11:45;197,8728
08.12.2025 12:00;153,9958
08.12.2025 12:15;142,8598
08.12.2025 12:30;160,5614
08.12.2025 12:45;186,5918
08.12.2025 13:00;174,261
08.12.2025 13:15;167,9216
08.12.2025 13:30;159,5812
08.12.2025 13:45;155,8344
08.12.2025 14:00;157,1452
08.12.2025 14:15;149,9822
08.12.2025 14:30;132,5822
08.12.2025 14:45;125,8484
08.12.2025 15:00;123,2558
08.12.2025 15:15;118,2678
08.12.2025 15:30;107,416
08.12.2025 15:45;107,1434
08.12.2025 16:00;106,5286
08.12.2025 16:15;83,2532
08.12.2025 16:30;97,1848
08.12.2025 16:45;88,7632
08.12.2025 17:00;80,6432
08.12.2025 17:15;71,0732
08.12.2025 17:30;71,0848
08.12.2025 17:45;67,3032
08.12.2025 18:00;69,6232
08.12.2025 18:15;64,9948
08.12.2025 18:30;67,5932
08.12.2025 18:45;65,5632
08.12.2025 19:00;72,2448
08.12.2025 19:15;69,9132
08.12.2025 19:30;91,0948
08.12.2025 19:45;85,8632
08.12.2025 20:00;71,9432
08.12.2025 20:15;70,7948
08.12.2025 20:30;73,9732
08.12.2025 20:45;71,3632
08.12.2025 21:00;69,6348
08.12.2025 21:15;71,0732
08.12.2025 21:30;68,1848
08.12.2025 21:45;70,2032
08.12.2025 22:00;70,7832
08.12.2025 22:15;72,2448
08.12.2025 22:30;68,73
08.12.2025 22:45;71,34
08.12.2025 23:00;70,18
08.12.2025 23:15;66,7
08.12.2025 23:30;64,09
08.12.2025 23:45;64,96
09.12.2025 00:00;63,51
09.12.2025 00:15;67,57
09.12.2025 00:30;63,8
09.12.2025 00:45;64,67
09.12.2025 01:00;64,38
09.12.2025 01:15;64,96
09.12.2025 01:30;63,22
09.12.2025 01:45;62,64
09.12.2025 02:00;63,51
09.12.2025 02:15;65,54
09.12.2025 02:30;65,54
09.12.2025 02:45;64,4148
09.12.2025 03:00;62,3732
09.12.2025 03:15;65,2732
09.12.2025 03:30;62,3848
09.12.2025 03:45;63,2432
09.12.2025 04:00;62,9648
09.12.2025 04:15;65,2732
09.12.2025 04:30;64,1132
09.12.2025 04:45;62,9648
09.12.2025 05:00;64,1132
09.12.2025 05:15;71,3748
09.12.2025 05:30;98,0432
09.12.2025 05:45;111,3832
09.12.2025 06:00;129,3748
09.12.2025 06:15;165,6132
09.12.2025 06:30;193,1632
09.12.2025 06:45;197,2174
09.12.2025 07:00;205,3316
09.12.2025 07:15;185,3448
09.12.2025 07:30;184,4516
09.12.2025 07:45;194,8916
09.12.2025 08:00;206,5032
09.12.2025 08:15;208,829
09.12.2025 08:30;183,599
09.12.2025 08:45;155,4632
09.12.2025 09:00;176,2388
09.12.2025 09:15;199,2648
09.12.2025 09:30;192,1482
09.12.2025 09:45;211,3172
09.12.2025 10:00;185,7102
09.12.2025 10:15;198,4934
09.12.2025 10:30;173,4896
09.12.2025 10:45;159,8712
09.12.2025 11:00;178,6458
09.12.2025 11:15;176,0068
09.12.2025 11:30;197,0666
09.12.2025 11:45;179,307
09.12.2025 12:00;154,918
09.12.2025 12:15;144,536
09.12.2025 12:30;170,3112
09.12.2025 12:45;164,5866
09.12.2025 13:00;172,9908
09.12.2025 13:15;171,5292
09.12.2025 13:30;183,4888
09.12.2025 13:45;175,3456
09.12.2025 14:00;185,629
09.12.2025 14:15;155,933
09.12.2025 14:30;131,8166
09.12.2025 14:45;134,4672
09.12.2025 15:00;127,8436
09.12.2025 15:15;126,2776
09.12.2025 15:30;112,3692
09.12.2025 15:45;110,925
09.12.2025 16:00;106,546
09.12.2025 16:15;103,9882
09.12.2025 16:30;107,3232
09.12.2025 16:45;110,2232
09.12.2025 17:00;112,8332
09.12.2025 17:15;108,2048
09.12.2025 17:30;109,9332
09.12.2025 17:45;107,3232
09.12.2025 18:00;105,5948
09.12.2025 18:15;102,6832
09.12.2025 18:30;85,8632
09.12.2025 18:45;81,5248
09.12.2025 19:00;80,9332
09.12.2025 19:15;66,1432
09.12.2025 19:30;67,6048
09.12.2025 19:45;77,1632
09.12.2025 20:00;75,4232
09.12.2025 20:15;71,3748
09.12.2025 20:30;67,3032
09.12.2025 20:45;70,7832
09.12.2025 21:00;64,1248
09.12.2025 21:15;63,2432
09.12.2025 21:30;62,9648
09.12.2025 21:45;60,3432
09.12.2025 22:00;64,1248
09.12.2025 22:15;62,9532
09.12.2025 22:30;63,8
09.12.2025 22:45;67,28
09.12.2025 23:00;61,19
09.12.2025 23:15;61,19
09.12.2025 23:30;55,1
09.12.2025 23:45;57,13
10.12.2025 00:00;57,71
10.12.2025 00:15;56,84
10.12.2025 00:30;59,16
10.12.2025 00:45;58,29
10.12.2025 01:00;57,42
10.12.2025 01:15;56,26
10.12.2025 01:30;55,97
10.12.2025 01:45;58,87
10.12.2025 02:00;56,84
10.12.2025 02:15;57,13
10.12.2025 02:30;56,55
10.12.2025 02:45;55,7032
10.12.2025 03:00;61,2248
10.12.2025 03:15;56,5732
10.12.2025 03:30;58,3248
10.12.2025 03:45;56,5732
10.12.2025 04:00;54,8448
10.12.2025 04:15;58,3132
10.12.2025 04:30;56,2948
10.12.2025 04:45;63,5332
10.12.2025 05:00;66,1432
10.12.2025 05:15;79,7848
10.12.2025 05:30;97,7532
10.12.2025 05:45;107,6306
10.12.2025 06:00;114,8632
10.12.2025 06:15;128,7832
10.12.2025 06:30;164,7432
10.12.2025 06:45;175,4732
10.12.2025 07:00;165,01
10.12.2025 07:15;150,8232
10.12.2025 07:30;154,5816
10.12.2025 07:45;174,3248
10.12.2025 08:00;175,4732
10.12.2025 08:15;177,4916
10.12.2025 08:30;160,9964
10.12.2025 08:45;133,1796
10.12.2025 09:00;144,8202
10.12.2025 09:15;158,5952
10.12.2025 09:30;169,418
10.12.2025 09:45;168,171
10.12.2025 10:00;150,7826
10.12.2025 10:15;167,4286
10.12.2025 10:30;177,9324
10.12.2025 10:45;148,6946
10.12.2025 11:00;141,752
10.12.2025 11:15;159,0824
10.12.2025 11:30;176,2388
10.12.2025 11:45;165,8916
10.12.2025 12:00;154,889
10.12.2025 12:15;131,341
10.12.2025 12:30;154,4946
10.12.2025 12:45;166,4832
10.12.2025 13:00;176,2272
10.12.2025 13:15;169,1686
10.12.2025 13:30;150,5158
10.12.2025 13:45;161,182
10.12.2025 14:00;170,2706
10.12.2025 14:15;138,2546
10.12.2025 14:30;126,034
10.12.2025 14:45;123,685
10.12.2025 15:00;128,7368
10.12.2025 15:15;113,6162
10.12.2025 15:30;101,993
10.12.2025 15:45;101,3086
10.12.2025 16:00;93,7686
10.12.2025 16:15;92,6782
10.12.2025 16:30;94,2732
10.12.2025 16:45;91,9532
10.12.2025 17:00;74,2748
10.12.2025 17:15;75,4232
10.12.2025 17:30;71,3748
10.12.2025 17:45;72,8132
10.12.2025 18:00;71,6532
10.12.2025 18:15;69,0548
10.12.2025 18:30;75,4232
10.12.2025 18:45;68,1848
10.12.2025 19:00;70,7832
10.12.2025 19:15;70,2148
10.12.2025 19:30;71,3632
10.12.2025 19:45;76,5948
10.12.2025 20:00;74,8432
10.12.2025 20:15;67,3032
10.12.2025 20:30;68,7648
10.12.2025 20:45;70,7832
10.12.2025 21:00;64,7048
10.12.2025 21:15;60,0532
10.12.2025 21:30;60,0648
10.12.2025 21:45;60,9348
10.12.2025 22:00;61,2132
10.12.2025 22:15;61,5148
10.12.2025 22:30;58,29
10.12.2025 22:45;62,06
10.12.2025 23:00;59,74
10.12.2025 23:15;55,97
10.12.2025 23:30;55,97
10.12.2025 23:45;53,07
11.12.2025 00:00;54,52
11.12.2025 00:15;51,33
11.12.2025 00:30;53,94
11.12.2025 00:45;53,36
11.12.2025 01:00;55,39
11.12.2025 01:15;53,94
11.12.2025 01:30;53,94
11.12.2025 01:45;54,81
11.12.2025 02:00;52,78
11.12.2025 02:15;56,26
11.12.2025 02:30;54,23
11.12.2025 02:45;55,4132
11.12.2025 03:00;52,5248
11.12.2025 03:15;55,9932
11.12.2025 03:30;54,8448
11.12.2025 03:45;54,8332
11.12.2025 04:00;55,1348
11.12.2025 04:15;52,8032
11.12.2025 04:30;54,5548
11.12.2025 04:45;60,6332
11.12.2025 05:00;77,7548
11.12.2025 05:15;81,2232
11.12.2025 05:30;91,9648
11.12.2025 05:45;110,5132
11.12.2025 06:00;112,5548
11.12.2025 06:15;143,8516
11.12.2025 06:30;185,0316
11.12.2025 06:45;188,2332
11.12.2025 07:00;160,6658
11.12.2025 07:15;155,4516
11.12.2025 07:30;165,0448
11.12.2025 07:45;179,829
11.12.2025 08:00;205,9232
11.12.2025 08:15;212,889
11.12.2025 08:30;172,6138
11.12.2025 08:45;135,2676
11.12.2025 09:00;160,5962
11.12.2025 09:15;183,7034
11.12.2025 09:30;171,1464
11.12.2025 09:45;172,1846
11.12.2025 10:00;190,6634
11.12.2025 10:15;195,7326
11.12.2025 10:30;182,3114
11.12.2025 10:45;157,0756
11.12.2025 11:00;165,3
11.12.2025 11:15;167,3416
11.12.2025 11:30;163,7166
11.12.2025 11:45;172,8458
11.12.2025 12:00;161,994
11.12.2025 12:15;137,7094
11.12.2025 12:30;160,0974
11.12.2025 12:45;175,2702
11.12.2025 13:00;175,9082
11.12.2025 13:15;172,8226
11.12.2025 13:30;175,9836
11.12.2025 13:45;166,0424
11.12.2025 14:00;168,6408
11.12.2025 14:15;142,3668
11.12.2025 14:30;130,1578
11.12.2025 14:45;130,9872
11.12.2025 15:00;131,7064
11.12.2025 15:15;127,136
11.12.2025 15:30;110,5654
11.12.2025 15:45;102,4918
11.12.2025 16:00;87,174
11.12.2025 16:15;89,3838
11.12.2025 16:30;105,6702
11.12.2025 16:45;102,6948
11.12.2025 17:00;101,5232
11.12.2025 17:15;103,8548
11.12.2025 17:30;91,9532
11.12.2025 17:45;83,5548
11.12.2025 18:00;83,5432
11.12.2025 18:15;82,1048
11.12.2025 18:30;85,8632
11.12.2025 18:45;80,9448
11.12.2025 19:00;82,9632
11.12.2025 19:15;90,5148
11.12.2025 19:30;96,5932
11.12.2025 19:45;91,3848
11.12.2025 20:00;80,6432
11.12.2025 20:15;82,3948
11.12.2025 20:30;84,1232
11.12.2025 20:45;82,6848
11.12.2025 21:00;76,5832
11.12.2025 21:15;79,2048
11.12.2025 21:30;76,2932
11.12.2025 21:45;76,8848
11.12.2025 22:00;76,8848
11.12.2025 22:15;74,5532
11.12.2025 22:30;78,88
11.12.2025 22:45;80,62
11.12.2025 23:00;78,3
11.12.2025 23:15;71,34
11.12.2025 23:30;70,76
11.12.2025 23:45;74,53
12.12.2025 00:00;69,31
12.12.2025 00:15;71,63
12.12.2025 00:30;69,89
12.12.2025 00:45;71,05
12.12.2025 01:00;72,79
12.12.2025 01:15;70,47
12.12.2025 01:30;74,53
12.12.2025 01:45;70,76
12.12.2025 02:00;69,89
12.12.2025 02:15;71,63
12.12.2025 02:30;69,31
12.12.2025 02:45;73,1148
12.12.2025 03:00;70,7832
12.12.2025 03:15;71,9548
12.12.2025 03:30;69,0432
12.12.2025 03:45;69,6348
12.12.2025 04:00;71,6648
12.12.2025 04:15;71,6532
12.12.2025 04:30;73,1148
12.12.2025 04:45;73,9848
12.12.2025 05:00;78,9032
12.12.2025 05:15;98,3448
12.12.2025 05:30;109,0632
12.12.2025 05:45;128,7948
12.12.2025 06:00;150,8232
12.12.2025 06:15;172,2948
12.12.2025 06:30;207,6574
12.12.2025 06:45;214,6348
12.12.2025 07:00;212,0016
12.12.2025 07:15;185,3332
12.12.2025 07:30;209,7048
12.12.2025 07:45;219,559
12.12.2025 08:00;222,1516
12.12.2025 08:15;223,3406
12.12.2025 08:30;206,2132
12.12.2025 08:45;170,9492
12.12.2025 09:00;192,9138
12.12.2025 09:15;218,7992
12.12.2025 09:30;197,7742
12.12.2025 09:45;203,5916
12.12.2025 10:00;206,7816
12.12.2025 10:15;195,0366
12.12.2025 10:30;204,0846
12.12.2025 10:45;198,94
12.12.2025 11:00;192,4556
12.12.2025 11:15;179,7188
12.12.2025 11:30;196,6954
12.12.2025 11:45;170,9144
12.12.2025 12:00;150,5042
12.12.2025 12:15;128,615
12.12.2025 12:30;104,922
12.12.2025 12:45;103,53
12.12.2025 13:00;98,281
12.12.2025 13:15;103,5126
12.12.2025 13:30;99,6614
12.12.2025 13:45;92,0576
12.12.2025 14:00;89,929
12.12.2025 14:15;87,3944
12.12.2025 14:30;90,2944
12.12.2025 14:45;90,7294
12.12.2025 15:00;95,0098
12.12.2025 15:15;90,886
12.12.2025 15:30;84,825
12.12.2025 15:45;82,5398
12.12.2025 16:00;64,6294
12.12.2025 16:15;63,0808
12.12.2025 16:30;71,6532
12.12.2025 16:45;67,8948
12.12.2025 17:00;71,0732
12.12.2025 17:15;64,6932
12.12.2025 17:30;65,2848
12.12.2025 17:45;64,4032
12.12.2025 18:00;66,7348
12.12.2025 18:15;68,1732
12.12.2025 18:30;68,4748
12.12.2025 18:45;61,7932
12.12.2025 19:00;64,9832
12.12.2025 19:15;62,0948
12.12.2025 19:30;65,8532
12.12.2025 19:45;62,6748
12.12.2025 20:00;62,0832
12.12.2025 20:15;64,7048
12.12.2025 20:30;64,1248
12.12.2025 20:45;63,5332
12.12.2025 21:00;61,2132
12.12.2025 21:15;62,0948
12.12.2025 21:30;59,4732
12.12.2025 21:45;62,3848
12.12.2025 22:00;61,5032
12.12.2025 22:15;64,4148
12.12.2025 22:30;60,32
12.12.2025 22:45;62,93
12.12.2025 23:00;60,9
12.12.2025 23:15;59,16
12.12.2025 23:30;57,13
12.12.2025 23:45;59,16
13.12.2025 00:00;56,84
13.12.2025 00:15;57,71
13.12.2025 00:30;56,84
13.12.2025 00:45;58
13.12.2025 01:00;60,03
13.12.2025 01:15;58,29
13.12.2025 01:30;57,13
13.12.2025 01:45;56,55
13.12.2025 02:00;58,58
13.12.2025 02:15;55,39
13.12.2025 02:30;60,9
13.12.2025 02:45;58,3248
13.12.2025 03:00;58,3248
13.12.2025 03:15;55,4132
13.12.2025 03:30;58,9048
13.12.2025 03:45;56,8632
13.12.2025 04:00;59,4848
13.12.2025 04:15;57,4432
13.12.2025 04:30;60,9348
13.12.2025 04:45;56,2832
13.12.2025 05:00;58,3248
13.12.2025 05:15;64,4032
13.12.2025 05:30;63,5448
13.12.2025 05:45;68,4632
13.12.2025 06:00;89,3548
13.12.2025 06:15;94,8532
13.12.2025 06:30;105,8848
13.12.2025 06:45;113,9932
13.12.2025 07:00;116,6148
13.12.2025 07:15;110,8032
13.12.2025 07:30;114,8748
13.12.2025 07:45;117,4732
13.12.2025 08:00;115,1648
13.12.2025 08:15;117,1832
13.12.2025 08:30;111,9748
13.12.2025 08:45;104,7132
13.12.2025 09:00;107,0564
13.12.2025 09:15;108,6978
13.12.2025 09:30;105,5484
13.12.2025 09:45;105,502
13.12.2025 10:00;106,3198
13.12.2025 10:15;103,2748
13.12.2025 10:30;106,7258
13.12.2025 10:45;109,2488
13.12.2025 11:00;106,3082
13.12.2025 11:15;102,8978
13.12.2025 11:30;94,8416
13.12.2025 11:45;77,2676
13.12.2025 12:00;78,8742
13.12.2025 12:15;75,6262
13.12.2025 12:30;76,4788
13.12.2025 12:45;73,7354
13.12.2025 13:00;71,3052
13.12.2025 13:15;67,4308
13.12.2025 13:30;65,163
13.12.2025 13:45;62,2746
13.12.2025 14:00;64,322
13.12.2025 14:15;63,6666
13.12.2025 14:30;64,3104
13.12.2025 14:45;63,4926
13.12.2025 15:00;64,119
13.12.2025 15:15;63,7362
13.12.2025 15:30;63,162
13.12.2025 15:45;63,8812
13.12.2025 16:00;62,3326
13.12.2025 16:15;66,7
13.12.2025 16:30;68,5676
13.12.2025 16:45;69,6232
13.12.2025 17:00;67,3148
13.12.2025 17:15;61,5032
13.12.2025 17:30;61,5032
13.12.2025 17:45;62,3848
13.12.2025 18:00;64,9832
13.12.2025 18:15;61,2132
13.12.2025 18:30;63,8348
13.12.2025 18:45;60,6332
13.12.2025 19:00;62,0832
13.12.2025 19:15;60,9348
13.12.2025 19:30;62,6632
13.12.2025 19:45;62,9648
13.12.2025 20:00;63,249
13.12.2025 20:15;63,8232
13.12.2025 20:30;60,9348
13.12.2025 20:45;64,1132
13.12.2025 21:00;61,5148
13.12.2025 21:15;61,7932
13.12.2025 21:30;60,9348
13.12.2025 21:45;60,6332
13.12.2025 22:00;61,2248
13.12.2025 22:15;60,3432
13.12.2025 22:30;62,06
13.12.2025 22:45;62,06
13.12.2025 23:00;65,25
13.12.2025 23:15;57,71
13.12.2025 23:30;57,13
13.12.2025 23:45;57,13
14.12.2025 00:00;55,68
14.12.2025 00:15;57,71
14.12.2025 00:30;58
14.12.2025 00:45;59,45
14.12.2025 01:00;56,55
14.12.2025 01:15;56,84
14.12.2025 01:30;55,68
14.12.2025 01:45;58,29
14.12.2025 02:00;58
14.12.2025 02:15;55,97
14.12.2025 02:30;58,87
14.12.2025 02:45;56,2948
14.12.2025 03:00;57,7332
14.12.2025 03:15;55,4248
14.12.2025 03:30;58,0232
14.12.2025 03:45;57,7448
14.12.2025 04:00;58,0232
14.12.2025 04:15;56,8748
14.12.2025 04:30;56,8748
14.12.2025 04:45;57,4432
14.12.2025 05:00;55,4248
14.12.2025 05:15;64,9832
14.12.2025 05:30;61,5148
14.12.2025 05:45;72,5232
14.12.2025 06:00;80,0748
14.12.2025 06:15;80,069
14.12.2025 06:30;80,3648
14.12.2025 06:45;80,6432
14.12.2025 07:00;82,6732
14.12.2025 07:15;80,6548
14.12.2025 07:30;83,8332
14.12.2025 07:45;78,6248
14.12.2025 08:00;80,6548
14.12.2025 08:15;80,9332
14.12.2025 08:30;78,6248
14.12.2025 08:45;74,5532
14.12.2025 09:00;72,3666
14.12.2025 09:15;75,0346
14.12.2025 09:30;71,7286
14.12.2025 09:45;72,7204
14.12.2025 10:00;65,7604
14.12.2025 10:15;63,1446
14.12.2025 10:30;63,5506
14.12.2025 10:45;61,799
14.12.2025 11:00;63,3418
14.12.2025 11:15;60,6506
14.12.2025 11:30;62,7502
14.12.2025 11:45;60,4476
14.12.2025 12:00;62,1586
14.12.2025 12:15;61,2132
14.12.2025 12:30;58,812
14.12.2025 12:45;60,9348
14.12.2025 13:00;58,7366
14.12.2025 13:15;63,4694
14.12.2025 13:30;62,7038
14.12.2025 13:45;61,6772
14.12.2025 14:00;61,016
14.12.2025 14:15;61,9382
14.12.2025 14:30;62,1296
14.12.2025 14:45;63,539
14.12.2025 15:00;63,5042
14.12.2025 15:15;60,9986
14.12.2025 15:30;61,5844
14.12.2025 15:45;60,3606
14.12.2025 16:00;61,828
14.12.2025 16:15;61,5032
14.12.2025 16:30;68,1848
14.12.2025 16:45;70,4932
14.12.2025 17:00;68,4632
14.12.2025 17:15;62,0948
14.12.2025 17:30;59,7632
14.12.2025 17:45;62,3848
14.12.2025 18:00;62,0832
14.12.2025 18:15;62,9648
14.12.2025 18:30;61,5032
14.12.2025 18:45;59,7748
14.12.2025 19:00;61,7932
14.12.2025 19:15;59,4848
14.12.2025 19:30;63,5332
14.12.2025 19:45;60,6448
14.12.2025 20:00;63,2432
14.12.2025 20:15;60,3548
14.12.2025 20:30;61,2132
14.12.2025 20:45;61,5148
14.12.2025 21:00;58,8932
14.12.2025 21:15;64,4148
14.12.2025 21:30;60,0532
14.12.2025 21:45;61,2248
14.12.2025 22:00;58,0232
14.12.2025 22:15;59,7748
14.12.2025 22:30;74,53
14.12.2025 22:45;78,59
14.12.2025 23:00;79,17
14.12.2025 23:15;69,02
14.12.2025 23:30;69,89
14.12.2025 23:45;66,7
15.12.2025 00:00;69,02
15.12.2025 00:15;66,99
15.12.2025 00:30;69,89
15.12.2025 00:45;67,28
15.12.2025 01:00;69,02
15.12.2025 01:15;66,99
15.12.2025 01:30;66,99
15.12.2025 01:45;67,86
15.12.2025 02:00;67,28
15.12.2025 02:15;71,63
15.12.2025 02:30;68,15
15.12.2025 02:45;69,0432
15.12.2025 03:00;67,6048
15.12.2025 03:15;67,0248
15.12.2025 03:30;68,4632
15.12.2025 03:45;70,7948
15.12.2025 04:00;71,9432
15.12.2025 04:15;67,8948
15.12.2025 04:30;69,3448
15.12.2025 04:45;71,6532
15.12.2025 05:00;75,7248
15.12.2025 05:15;83,8332
15.12.2025 05:30;106,1748
15.12.2025 05:45;131,1148
15.12.2025 06:00;141,5432
15.12.2025 06:15;165,3232
15.12.2025 06:30;175,7748
15.12.2025 06:45;201,5732
15.12.2025 07:00;200,4132
15.12.2025 07:15;181,8416
15.12.2025 07:30;191,7132
15.12.2025 07:45;213,1616
15.12.2025 08:00;204,7632
15.12.2025 08:15;197,5132
15.12.2025 08:30;187,34
15.12.2025 08:45;168,606
15.12.2025 09:00;193,3372
15.12.2025 09:15;228,8796
15.12.2025 09:30;222,4532
15.12.2025 09:45;217,79
15.12.2025 10:00;213,2196
15.12.2025 10:15;218,6658
15.12.2025 10:30;199,7868
15.12.2025 10:45;192,415
15.12.2025 11:00;189,0742
15.12.2025 11:15;199,1314
15.12.2025 11:30;191,8002
15.12.2025 11:45;187,2936
15.12.2025 12:00;183,802
15.12.2025 12:15;154,3844
15.12.2025 12:30;172,4804
15.12.2025 12:45;204,2238
15.12.2025 13:00;183,4482
15.12.2025 13:15;190,327
15.12.2025 13:30;195,5586
15.12.2025 13:45;201,5848
15.12.2025 14:00;193,6968
15.12.2025 14:15;161,1994
15.12.2025 14:30;121,3418
15.12.2025 14:45;107,8452
15.12.2025 15:00;102,1206
15.12.2025 15:15;103,9824
15.12.2025 15:30;100,1196
15.12.2025 15:45;99,2032
15.12.2025 16:00;102,8804
15.12.2025 16:15;98,89
15.12.2025 16:30;100,9316
15.12.2025 16:45;100,3748
15.12.2025 17:00;83,2532
15.12.2025 17:15;92,2548
15.12.2025 17:30;84,1232
15.12.2025 17:45;82,9748
15.12.2025 18:00;79,7732
15.12.2025 18:15;78,9148
15.12.2025 18:30;82,6732
15.12.2025 18:45;77,1748
15.12.2025 19:00;76,5832
15.12.2025 19:15;72,2448
15.12.2025 19:30;71,6648
15.12.2025 19:45;85,5732
15.12.2025 20:00;82,1048
15.12.2025 20:15;77,7432
15.12.2025 20:30;71,3748
15.12.2025 20:45;71,0732
15.12.2025 21:00;71,6648
15.12.2025 21:15;67,3148
15.12.2025 21:30;67,5932
15.12.2025 21:45;69,0548
15.12.2025 22:00;68,7532
15.12.2025 22:15;64,9948
15.12.2025 22:30;64,38
15.12.2025 22:45;68,15
15.12.2025 23:00;64,96
15.12.2025 23:15;59,74
15.12.2025 23:30;61,19
15.12.2025 23:45;62,93
16.12.2025 00:00;59,16
16.12.2025 00:15;60,61
16.12.2025 00:30;60,61
16.12.2025 00:45;57,71
16.12.2025 01:00;60,32
16.12.2025 01:15;61,19
16.12.2025 01:30;61,77
16.12.2025 01:45;59,45
16.12.2025 02:00;59,45
16.12.2025 02:15;62,35
16.12.2025 02:30;60,03
16.12.2025 02:45;58,3132
16.12.2025 03:00;59,4848
16.12.2025 03:15;63,2548
16.12.2025 03:30;60,9232
16.12.2025 03:45;62,0948
16.12.2025 04:00;60,9406
16.12.2025 04:15;61,5032
16.12.2025 04:30;76,0148
16.12.2025 04:45;80,3648
16.12.2025 05:00;85,8632
16.12.2025 05:15;100,6648
16.12.2025 05:30;113,7032
16.12.2025 05:45;131,9848
16.12.2025 06:00;140,6732
16.12.2025 06:15;174,3248
16.12.2025 06:30;193,1632
16.12.2025 06:45;187,6532
16.12.2025 07:00;194,6306
16.12.2025 07:15;176,929
16.12.2025 07:30;194,9032
16.12.2025 07:45;219,849
16.12.2025 08:00;203,899
16.12.2025 08:15;201,2948
16.12.2025 08:30;192,8732
16.12.2025 08:45;161,965
16.12.2025 09:00;174,1914
16.12.2025 09:15;202,391
16.12.2025 09:30;201,405
16.12.2025 09:45;197,8786
16.12.2025 10:00;200,9236
16.12.2025 10:15;197,6118
16.12.2025 10:30;188,4594
16.12.2025 10:45;186,1278
16.12.2025 11:00;184,6372
16.12.2025 11:15;186,0176
16.12.2025 11:30;179,336
16.12.2025 11:45;188,384
16.12.2025 12:00;172,2484
16.12.2025 12:15;159,6334
16.12.2025 12:30;187,4038
16.12.2025 12:45;203,58
16.12.2025 13:00;203
16.12.2025 13:15;201,4862
16.12.2025 13:30;188,036
16.12.2025 13:45;194,2942
16.12.2025 14:00;173,8608
16.12.2025 14:15;159,4884
16.12.2025 14:30;128,8412
16.12.2025 14:45;121,1098
16.12.2025 15:00;107,4276
16.12.2025 15:15;106,1864
16.12.2025 15:30;100,6938
16.12.2025 15:45;99,8818
16.12.2025 16:00;97,2892
16.12.2025 16:15;95,6188
16.12.2025 16:30;101,9466
16.12.2025 16:45;104,7132
16.12.2025 17:00;94,2848
16.12.2025 17:15;96,3032
16.12.2025 17:30;97,7648
16.12.2025 17:45;96,0248
16.12.2025 18:00;91,3732
16.12.2025 18:15;71,0848
16.12.2025 18:30;73,6832
16.12.2025 18:45;71,6648
16.12.2025 19:00;71,6532
16.12.2025 19:15;70,7948
16.12.2025 19:30;77,4532
16.12.2025 19:45;72,8248
16.12.2025 20:00;69,6232
16.12.2025 20:15;69,3448
16.12.2025 20:30;70,2032
16.12.2025 20:45;73,4048
16.12.2025 21:00;68,7532
16.12.2025 21:15;76,3048
16.12.2025 21:30;65,2848
16.12.2025 21:45;65,2732
16.12.2025 22:00;67,0248
16.12.2025 22:15;63,5332
16.12.2025 22:30;56,55
16.12.2025 22:45;57,71
16.12.2025 23:00;59,74
16.12.2025 23:15;53,07
16.12.2025 23:30;52,78
16.12.2025 23:45;54,52
17.12.2025 00:00;52,78
17.12.2025 00:15;52,78
17.12.2025 00:30;51,62
17.12.2025 00:45;56,55
17.12.2025 01:00;52,78
17.12.2025 01:15;53,07
17.12.2025 01:30;53,94
17.12.2025 01:45;53,94
17.12.2025 02:00;51,91
17.12.2025 02:15;52,2
17.12.2025 02:30;54,23
17.12.2025 02:45;53,9748
17.12.2025 03:00;52,8032
17.12.2025 03:15;53,9748
17.12.2025 03:30;55,7206
17.12.2025 03:45;54,5432
17.12.2025 04:00;53,6848
17.12.2025 04:15;71,3748
17.12.2025 04:30;69,6232
17.12.2025 04:45;74,2748
17.12.2025 05:00;76,0148
17.12.2025 05:15;92,5332
17.12.2025 05:30;104,7248
17.12.2025 05:45;124,1432
17.12.2025 06:00;140,1048
17.12.2025 06:15;180,6816
17.12.2025 06:30;198,3832
17.12.2025 06:45;194,0448
17.12.2025 07:00;187,6474
17.12.2025 07:15;174,0232
17.12.2025 07:30;174,6032
17.12.2025 07:45;187,9316
17.12.2025 08:00;181,2848
17.12.2025 08:15;184,7532
17.12.2025 08:30;173,1648
17.12.2025 08:45;145,029
17.12.2025 09:00;159,4304
17.12.2025 09:15;179,7014
17.12.2025 09:30;167,5678
17.12.2025 09:45;197,7626
17.12.2025 10:00;178,0426
17.12.2025 10:15;181,7256
17.12.2025 10:30;190,7214
17.12.2025 10:45;174,493
17.12.2025 11:00;186,8702
17.12.2025 11:15;170,2706
17.12.2025 11:30;180,931
17.12.2025 11:45;175,9894
17.12.2025 12:00;167,562
17.12.2025 12:15;153,526
17.12.2025 12:30;172,9154
17.12.2025 12:45;195,199
17.12.2025 13:00;187,398
17.12.2025 13:15;208,9102
17.12.2025 13:30;210,8938
17.12.2025 13:45;184,3994
17.12.2025 14:00;174,4234
17.12.2025 14:15;140,7776
17.12.2025 14:30;113,5524
17.12.2025 14:45;110,5364
17.12.2025 15:00;113,7786
17.12.2025 15:15;107,6944
17.12.2025 15:30;95,7406
17.12.2025 15:45;96,7208
17.12.2025 16:00;97,4632
17.12.2025 16:15;100,3632
17.12.2025 16:30;81,5248
17.12.2025 16:45;78,3232
17.12.2025 17:00;76,8848
17.12.2025 17:15;75,7132
17.12.2025 17:30;96,5932
17.12.2025 17:45;95,4448
17.12.2025 18:00;72,2332
17.12.2025 18:15;72,2448
17.12.2025 18:30;78,0332
17.12.2025 18:45;78,3348
17.12.2025 19:00;76,0032
17.12.2025 19:15;78,6248
17.12.2025 19:30;78,9032
17.12.2025 19:45;89,9348
17.12.2025 20:00;100,6532
17.12.2025 20:15;93,1248
17.12.2025 20:30;81,2348
17.12.2025 20:45;80,9332
17.12.2025 21:00;80,6548
17.12.2025 21:15;75,7132
17.12.2025 21:30;77,7548
17.12.2025 21:45;76,5832
17.12.2025 22:00;67,6048
17.12.2025 22:15;63,5448
17.12.2025 22:30;61,19
17.12.2025 22:45;64,09
17.12.2025 23:00;61,19
17.12.2025 23:15;57,13
17.12.2025 23:30;58,29
17.12.2025 23:45;56,84
18.12.2025 00:00;58
18.12.2025 00:15;58,29
18.12.2025 00:30;58,87
18.12.2025 00:45;57,71
18.12.2025 01:00;55,97
18.12.2025 01:15;58,58
18.12.2025 01:30;57,71
18.12.2025 01:45;58,58
18.12.2025 02:00;58
18.12.2025 02:15;60,03
18.12.2025 02:30;57,71
18.12.2025 02:45;55,4248
18.12.2025 03:00;59,1832
18.12.2025 03:15;56,8748
18.12.2025 03:30;59,4848
18.12.2025 03:45;72,8132
18.12.2025 04:00;75,7248
18.12.2025 04:15;73,1032
18.12.2025 04:30;68,4748
18.12.2025 04:45;76,0032
18.12.2025 05:00;79,2048
18.12.2025 05:15;95,4448
18.12.2025 05:30;105,2932
18.12.2025 05:45;127,9248
18.12.2025 06:00;138,0632
18.12.2025 06:15;163,5832
18.12.2025 06:30;184,759
18.12.2025 06:45;195,1932
18.12.2025 07:00;190,8432
18.12.2025 07:15;183,0132
18.12.2025 07:30;192,299
18.12.2025 07:45;188,2332
18.12.2025 08:00;192,8732
18.12.2025 08:15;197,519
18.12.2025 08:30;192,0148
18.12.2025 08:45;157,2032
18.12.2025 09:00;179,3592
18.12.2025 09:15;199,3228
18.12.2025 09:30;191,1506
18.12.2025 09:45;186,8934
18.12.2025 10:00;183,396
18.12.2025 10:15;175,8444
18.12.2025 10:30;182,4854
18.12.2025 10:45;173,9304
18.12.2025 11:00;163,8616
18.12.2025 11:15;158,8098
18.12.2025 11:30;154,5584
18.12.2025 11:45;162,545
18.12.2025 12:00;152,308
18.12.2025 12:15;134,85
18.12.2025 12:30;161,4604
18.12.2025 12:45;179,162
18.12.2025 13:00;167,5504
18.12.2025 13:15;156,4666
18.12.2025 13:30;156,6174
18.12.2025 13:45;154,8948
18.12.2025 14:00;157,7368
18.12.2025 14:15;131,0278
18.12.2025 14:30;107,2826
18.12.2025 14:45;110,4668
18.12.2025 15:00;102,6426
18.12.2025 15:15;101,9872
18.12.2025 15:30;97,4342
18.12.2025 15:45;98,4028
18.12.2025 16:00;107,9032
18.12.2025 16:15;98,3854
18.12.2025 16:30;99,8818
18.12.2025 16:45;97,1732
18.12.2025 17:00;99,4932
18.12.2025 17:15;96,8948
18.12.2025 17:30;104,7132
18.12.2025 17:45;103,2748
18.12.2025 18:00;94,5632
18.12.2025 18:15;96,6048
18.12.2025 18:30;96,8832
18.12.2025 18:45;102,6948
18.12.2025 19:00;97,4632
18.12.2025 19:15;96,3148
18.12.2025 19:30;99,7832
18.12.2025 19:45;100,9548
18.12.2025 20:00;96,0132
18.12.2025 20:15;73,9848
18.12.2025 20:30;65,8532
18.12.2025 20:45;66,4448
18.12.2025 21:00;66,7232
18.12.2025 21:15;62,9648
18.12.2025 21:30;64,4148
18.12.2025 21:45;63,5332
18.12.2025 22:00;61,5148
18.12.2025 22:15;64,6932
18.12.2025 22:30;66,41
18.12.2025 22:45;66,12
18.12.2025 23:00;67,57
18.12.2025 23:15;60,9
18.12.2025 23:30;59,16
18.12.2025 23:45;61,48
19.12.2025 00:00;58,29
19.12.2025 00:15;60,32
19.12.2025 00:30;62,64
19.12.2025 00:45;61,19
19.12.2025 01:00;62,64
19.12.2025 01:15;60,61
19.12.2025 01:30;58,87
19.12.2025 01:45;61,19
19.12.2025 02:00;61,19
19.12.2025 02:15;60,03
19.12.2025 02:30;65,83
19.12.2025 02:45;60,6448
19.12.2025 03:00;59,7748
19.12.2025 03:15;61,7932
19.12.2025 03:30;59,4848
19.12.2025 03:45;60,9232
19.12.2025 04:00;62,3848
19.12.2025 04:15;78,6248
19.12.2025 04:30;76,8732
19.12.2025 04:45;82,6848
19.12.2025 05:00;82,6848
19.12.2025 05:15;98,6232
19.12.2025 05:30;108,2048
19.12.2025 05:45;127,9132
19.12.2025 06:00;140,9748
19.12.2025 06:15;149,3732
19.12.2025 06:30;188,2506
19.12.2025 06:45;207,6574
19.12.2025 07:00;194,3116
19.12.2025 07:15;185,0432
19.12.2025 07:30;195,7616
19.12.2025 07:45;215,2032
19.12.2025 08:00;206,799
19.12.2025 08:15;210,5632
19.12.2025 08:30;200,1
19.12.2025 08:45;182,439
19.12.2025 09:00;183,5932
19.12.2025 09:15;189,7586
19.12.2025 09:30;208,336
19.12.2025 09:45;206,6946
19.12.2025 10:00;195,1352
19.12.2025 10:15;187,4908
19.12.2025 10:30;180,2814
19.12.2025 10:45;160,776
19.12.2025 11:00;151,8382
19.12.2025 11:15;148,4394
19.12.2025 11:30;141,9492
19.12.2025 11:45;140,6732
19.12.2025 12:00;135,0414
19.12.2025 12:15;121,8928
19.12.2025 12:30;97,7938
19.12.2025 12:45;92,3476
19.12.2025 13:00;93,2118
19.12.2025 13:15;87,9628
19.12.2025 13:30;85,9328
19.12.2025 13:45;83,8158
19.12.2025 14:00;85,0918
19.12.2025 14:15;84,3958
19.12.2025 14:30;82,3078
19.12.2025 14:45;79,982
19.12.2025 15:00;77,6272
19.12.2025 15:15;66,729
19.12.2025 15:30;55,7902
19.12.2025 15:45;56,0686
19.12.2025 16:00;56,5848
19.12.2025 16:15;53,8588
19.12.2025 16:30;61,2132
19.12.2025 16:45;64,9832
19.12.2025 17:00;60,0648
19.12.2025 17:15;62,6632
19.12.2025 17:30;64,1132
19.12.2025 17:45;62,0948
19.12.2025 18:00;64,6932
19.12.2025 18:15;63,2548
19.12.2025 18:30;60,9232
19.12.2025 18:45;65,5632
19.12.2025 19:00;64,9948
19.12.2025 19:15;63,2432
19.12.2025 19:30;62,6748
19.12.2025 19:45;62,9532
19.12.2025 20:00;61,8048
19.12.2025 20:15;65,2732
19.12.2025 20:30;64,9948
19.12.2025 20:45;61,5032
19.12.2025 21:00;63,8406
19.12.2025 21:15;61,7932
19.12.2025 21:30;64,1248
19.12.2025 21:45;64,1132
19.12.2025 22:00;62,0948
19.12.2025 22:15;61,5032
19.12.2025 22:30;63,8
19.12.2025 22:45;64,38
19.12.2025 23:00;64,67
19.12.2025 23:15;59,74
19.12.2025 23:30;57,71
19.12.2025 23:45;60,32
20.12.2025 00:00;60,32
20.12.2025 00:15;59,45
20.12.2025 00:30;59,45
20.12.2025 00:45;57,42
20.12.2025 01:00;61,48
20.12.2025 01:15;60,9
20.12.2025 01:30;58
20.12.2025 01:45;58,58
20.12.2025 02:00;60,32
20.12.2025 02:15;57,71
20.12.2025 02:30;61,48
20.12.2025 02:45;59,4732
20.12.2025 03:00;59,1948
20.12.2025 03:15;59,7632
20.12.2025 03:30;60,9348
20.12.2025 03:45;56,2948
20.12.2025 04:00;60,3432
20.12.2025 04:15;58,9048
20.12.2025 04:30;59,1832
20.12.2025 04:45;61,5148
20.12.2025 05:00;60,6332
20.12.2025 05:15;64,7048
20.12.2025 05:30;67,0132
20.12.2025 05:45;66,7348
20.12.2025 06:00;63,8348
20.12.2025 06:15;66,7232
20.12.2025 06:30;64,9948
20.12.2025 06:45;66,1432
20.12.2025 07:00;67,0248
20.12.2025 07:15;64,6932
20.12.2025 07:30;64,4148
20.12.2025 07:45;65,8648
20.12.2025 08:00;63,8232
20.12.2025 08:15;63,8348
20.12.2025 08:30;64,6932
20.12.2025 08:45;57,1648
20.12.2025 09:00;57,565
20.12.2025 09:15;59,3804
20.12.2025 09:30;56,7008
20.12.2025 09:45;55,4248
20.12.2025 10:00;59,8966
20.12.2025 10:15;57,7274
20.12.2025 10:30;56,8516
20.12.2025 10:45;58,1102
20.12.2025 11:00;54,3518
20.12.2025 11:15;57,9478
20.12.2025 11:30;58,0812
20.12.2025 11:45;55,5524
20.12.2025 12:00;55,477
20.12.2025 12:15;54,7172
20.12.2025 12:30;55,0362
20.12.2025 12:45;54,491
20.12.2025 13:00;57,2866
20.12.2025 13:15;53,9284
20.12.2025 13:30;54,259
20.12.2025 13:45;57,1416
20.12.2025 14:00;54,781
20.12.2025 14:15;53,476
20.12.2025 14:30;58,1334
20.12.2025 14:45;62,4892
20.12.2025 15:00;61,1088
20.12.2025 15:15;63,7652
20.12.2025 15:30;61,915
20.12.2025 15:45;59,6646
20.12.2025 16:00;63,4288
20.12.2025 16:15;62,9996
20.12.2025 16:30;65,2848
20.12.2025 16:45;71,3632
20.12.2025 17:00;77,7432
20.12.2025 17:15;81,8148
20.12.2025 17:30;80,9332
20.12.2025 17:45;76,5948
20.12.2025 18:00;66,1432
20.12.2025 18:15;64,6932
20.12.2025 18:30;61,8048
20.12.2025 18:45;63,5332
20.12.2025 19:00;62,6748
20.12.2025 19:15;62,6632
20.12.2025 19:30;65,2848
20.12.2025 19:45;63,2432
20.12.2025 20:00;61,2248
20.12.2025 20:15;63,2432
20.12.2025 20:30;64,7048
20.12.2025 20:45;62,3732
20.12.2025 21:00;62,6748
20.12.2025 21:15;64,1132
20.12.2025 21:30;60,6448
20.12.2025 21:45;63,8232
20.12.2025 22:00;61,5148
20.12.2025 22:15;60,0532
20.12.2025 22:30;62,64
20.12.2025 22:45;65,25
20.12.2025 23:00;62,93
20.12.2025 23:15;57,71
20.12.2025 23:30;60,03
20.12.2025 23:45;56,26
21.12.2025 00:00;60,32
21.12.2025 00:15;59,16
21.12.2025 00:30;56,84
21.12.2025 00:45;58,29
21.12.2025 01:00;59,74
21.12.2025 01:15;58,29
21.12.2025 01:30;57,13
21.12.2025 01:45;59,74
21.12.2025 02:00;56,84
21.12.2025 02:15;59,45
21.12.2025 02:30;59,16
21.12.2025 02:45;58,3132
21.12.2025 03:00;57,1648
21.12.2025 03:15;61,5032
21.12.2025 03:30;59,7748
21.12.2025 03:45;56,2948
21.12.2025 04:00;59,7632
21.12.2025 04:15;58,6148
21.12.2025 04:30;58,6032
21.12.2025 04:45;59,7748
21.12.2025 05:00;59,4732
21.12.2025 05:15;60,9406
21.12.2025 05:30;64,7048
21.12.2025 05:45;65,2732
21.12.2025 06:00;64,1248
21.12.2025 06:15;68,7532
21.12.2025 06:30;78,3348
21.12.2025 06:45;79,199
21.12.2025 07:00;86,4432
21.12.2025 07:15;84,6916
21.12.2025 07:30;78,8974
21.12.2025 07:45;82,9806
21.12.2025 08:00;86,7216
21.12.2025 08:15;87,3074
21.12.2025 08:30;86,1706
21.12.2025 08:45;76,0032
21.12.2025 09:00;77,0124
21.12.2025 09:15;76,6412
21.12.2025 09:30;77,4648
21.12.2025 09:45;78,0622
21.12.2025 10:00;74,2168
21.12.2025 10:15;75,1854
21.12.2025 10:30;73,283
21.12.2025 10:45;75,1912
21.12.2025 11:00;70,5164
21.12.2025 11:15;73,37
21.12.2025 11:30;72,848
21.12.2025 11:45;72,0128
21.12.2025 12:00;68,8634
21.12.2025 12:15;61,799
21.12.2025 12:30;55,4654
21.12.2025 12:45;60,0938
21.12.2025 13:00;57,0372
21.12.2025 13:15;54,288
21.12.2025 13:30;52,4436
21.12.2025 13:45;55,4538
21.12.2025 14:00;54,3518
21.12.2025 14:15;54,8158
21.12.2025 14:30;56,1382
21.12.2025 14:45;53,998
21.12.2025 15:00;54,7984
21.12.2025 15:15;55,7264
21.12.2025 15:30;54,0734
21.12.2025 15:45;54,6476
21.12.2025 16:00;54,868
21.12.2025 16:15;52,2986
21.12.2025 16:30;59,6356
21.12.2025 16:45;62,6632
21.12.2025 17:00;61,2132
21.12.2025 17:15;61,8048
21.12.2025 17:30;63,2432
21.12.2025 17:45;62,3732
21.12.2025 18:00;63,5448
21.12.2025 18:15;63,2432
21.12.2025 18:30;62,0832
21.12.2025 18:45;62,3848
21.12.2025 19:00;65,5632
21.12.2025 19:15;62,9648
21.12.2025 19:30;62,0832
21.12.2025 19:45;62,9532
21.12.2025 20:00;63,2548
21.12.2025 20:15;63,5332
21.12.2025 20:30;65,2848
21.12.2025 20:45;63,8232
21.12.2025 21:00;60,0648
21.12.2025 21:15;64,1132
21.12.2025 21:30;61,8048
21.12.2025 21:45;62,0832
21.12.2025 22:00;62,3848
21.12.2025 22:15;61,7932
21.12.2025 22:30;61,77
21.12.2025 22:45;65,54
21.12.2025 23:00;64,09
21.12.2025 23:15;56,84
21.12.2025 23:30;61,48
21.12.2025 23:45;58,29
22.12.2025 00:00;59,45
22.12.2025 00:15;60,03
22.12.2025 00:30;58,29
22.12.2025 00:45;58
22.12.2025 01:00;58,87
22.12.2025 01:15;60,9
22.12.2025 01:30;57,42
22.12.2025 01:45;59,45
22.12.2025 02:00;60,03
22.12.2025 02:15;57,42
22.12.2025 02:30;61,48
22.12.2025 02:45;59,4732
22.12.2025 03:00;57,7448
22.12.2025 03:15;58,319
22.12.2025 03:30;60,3548
22.12.2025 03:45;58,899
22.12.2025 04:00;58,6148
22.12.2025 04:15;61,509
22.12.2025 04:30;58,0348
22.12.2025 04:45;60,3432
22.12.2025 05:00;61,8048
22.12.2025 05:15;64,9832
22.12.2025 05:30;80,9448
22.12.2025 05:45;99,7948
22.12.2025 06:00;109,649
22.12.2025 06:15;110,8148
22.12.2025 06:30;113,1232
22.12.2025 06:45;114,0048
22.12.2025 07:00;118,0532
22.12.2025 07:15;125,0248
22.12.2025 07:30;123,279
22.12.2025 07:45;120,3906
22.12.2025 08:00;125,019
22.12.2025 08:15;127,3448
22.12.2025 08:30;124,1432
22.12.2025 08:45;117,4964
22.12.2025 09:00;115,5476
22.12.2025 09:15;114,5326
22.12.2025 09:30;116,5046
22.12.2025 09:45;117,131
22.12.2025 10:00;116,3248
22.12.2025 10:15;114,6892
22.12.2025 10:30;115,217
22.12.2025 10:45;118,3548
22.12.2025 11:00;119,219
22.12.2025 11:15;118,2098
22.12.2025 11:30;115,1068
22.12.2025 11:45;110,4204
22.12.2025 12:00;108,3962
22.12.2025 12:15;101,094
22.12.2025 12:30;107,2652
22.12.2025 12:45;108,8776
22.12.2025 13:00;108,9704
22.12.2025 13:15;107,6538
22.12.2025 13:30;107,2768
22.12.2025 13:45;98,455
22.12.2025 14:00;93,3394
22.12.2025 14:15;88,7226
22.12.2025 14:30;65,424
22.12.2025 14:45;61,509
22.12.2025 15:00;61,4974
22.12.2025 15:15;59,5776
22.12.2025 15:30;56,7356
22.12.2025 15:45;60,0822
22.12.2025 16:00;59,8792
22.12.2025 16:15;56,8632
22.12.2025 16:30;63,2548
22.12.2025 16:45;67,0132
22.12.2025 17:00;68,1732
22.12.2025 17:15;67,3148
22.12.2025 17:30;67,0132
22.12.2025 17:45;65,8648
22.12.2025 18:00;68,7532
22.12.2025 18:15;67,8832
22.12.2025 18:30;64,9948
22.12.2025 18:45;67,0132
22.12.2025 19:00;69,0548
22.12.2025 19:15;67,0132
22.12.2025 19:30;65,5748
22.12.2025 19:45;68,4632
22.12.2025 20:00;67,8948
22.12.2025 20:15;66,7232
22.12.2025 20:30;67,8948
22.12.2025 20:45;65,8532
22.12.2025 21:00;66,4448
22.12.2025 21:15;67,8832
22.12.2025 21:30;65,2848
22.12.2025 21:45;63,5332
22.12.2025 22:00;67,8948
22.12.2025 22:15;68,1732
22.12.2025 22:30;66,41
22.12.2025 22:45;67,57
22.12.2025 23:00;68,15
22.12.2025 23:15;63,51
22.12.2025 23:30;63,51
22.12.2025 23:45;64,96
23.12.2025 00:00;60,9
23.12.2025 00:15;62,06
23.12.2025 00:30;64,96
23.12.2025 00:45;64,09
23.12.2025 01:00;59,74
23.12.2025 01:15;63,51
23.12.2025 01:30;64,09
23.12.2025 01:45;62,35
23.12.2025 02:00;62,35
23.12.2025 02:15;63,22
23.12.2025 02:30;62,64
23.12.2025 02:45;63,2548
23.12.2025 03:00;63,8232
23.12.2025 03:15;61,8048
23.12.2025 03:30;63,2432
23.12.2025 03:45;63,8348
23.12.2025 04:00;62,6748
23.12.2025 04:15;61,5032
23.12.2025 04:30;62,9648
23.12.2025 04:45;63,5332
23.12.2025 05:00;63,2548
23.12.2025 05:15;70,2032
23.12.2025 05:30;80,6548
23.12.2025 05:45;98,0432
23.12.2025 06:00;106,7548
23.12.2025 06:15;107,9032
23.12.2025 06:30;110,8032
23.12.2025 06:45;115,159
23.12.2025 07:00;114,2774
23.12.2025 07:15;112,8332
23.12.2025 07:30;115,739
23.12.2025 07:45;123,5516
23.12.2025 08:00;117,7748
23.12.2025 08:15;118,3432
23.12.2025 08:30;118,0358
23.12.2025 08:45;111,0932
23.12.2025 09:00;109,649
23.12.2025 09:15;115,7854
23.12.2025 09:30;118,5462
23.12.2025 09:45;112,3228
23.12.2025 10:00;114,2542
23.12.2025 10:15;120,1644
23.12.2025 10:30;112,3518
23.12.2025 10:45;102,9674
23.12.2025 11:00;104,5972
23.12.2025 11:15;107,2884
23.12.2025 11:30;101,5986
23.12.2025 11:45;100,9954
23.12.2025 12:00;100,6068
23.12.2025 12:15;98,3158
23.12.2025 12:30;99,4526
23.12.2025 12:45;101,4246
23.12.2025 13:00;100,5256
23.12.2025 13:15;101,4304
23.12.2025 13:30;96,7208
23.12.2025 13:45;91,5994
23.12.2025 14:00;70,963
23.12.2025 14:15;62,8256
23.12.2025 14:30;64,6352
23.12.2025 14:45;60,436
23.12.2025 15:00;65,0876
23.12.2025 15:15;65,4008
23.12.2025 15:30;61,9904
23.12.2025 15:45;63,8464
23.12.2025 16:00;63,7304
23.12.2025 16:15;60,9232
23.12.2025 16:30;68,1848
23.12.2025 16:45;66,4332
23.12.2025 17:00;66,4332
23.12.2025 17:15;68,7648
23.12.2025 17:30;71,3632
23.12.2025 17:45;67,8832
23.12.2025 18:00;66,7348
23.12.2025 18:15;68,7532
23.12.2025 18:30;68,4748
23.12.2025 18:45;67,0132
23.12.2025 19:00;69,3332
23.12.2025 19:15;69,0548
23.12.2025 19:30;67,5932
23.12.2025 19:45;69,9248
23.12.2025 20:00;68,4632
23.12.2025 20:15;67,8832
23.12.2025 20:30;67,8948
23.12.2025 20:45;70,4932
23.12.2025 21:00;66,1548
23.12.2025 21:15;64,9832
23.12.2025 21:30;67,0248
23.12.2025 21:45;68,1732
23.12.2025 22:00;66,4448
23.12.2025 22:15;67,3032
23.12.2025 22:30;69,6
23.12.2025 22:45;69,31
23.12.2025 23:00;66,41
23.12.2025 23:15;64,96
23.12.2025 23:30;62,93
23.12.2025 23:45;64,09
24.12.2025 00:00;64,96
24.12.2025 00:15;65,54
24.12.2025 00:30;62,64
24.12.2025 00:45;61,77
24.12.2025 01:00;65,54
24.12.2025 01:15;65,54
24.12.2025 01:30;61,19
24.12.2025 01:45;58,29
24.12.2025 02:00;58,58
24.12.2025 02:15;59,16
24.12.2025 02:30;57,71
24.12.2025 02:45;56,2948
24.12.2025 03:00;58,3132
24.12.2025 03:15;58,3248
24.12.2025 03:30;58,0232
24.12.2025 03:45;58,9048
24.12.2025 04:00;59,1832
24.12.2025 04:15;58,3248
24.12.2025 04:30;55,4132
24.12.2025 04:45;58,3248
24.12.2025 05:00;60,6332
24.12.2025 05:15;62,3848
24.12.2025 05:30;62,6632
24.12.2025 05:45;64,4148
24.12.2025 06:00;63,8232
24.12.2025 06:15;61,8048
24.12.2025 06:30;64,1132
24.12.2025 06:45;64,9948
24.12.2025 07:00;65,2732
24.12.2025 07:15;62,9648
24.12.2025 07:30;63,2432
24.12.2025 07:45;64,1248
24.12.2025 08:00;60,9232
24.12.2025 08:15;60,6448
24.12.2025 08:30;62,9532
24.12.2025 08:45;57,7854
24.12.2025 09:00;56,7182
24.12.2025 09:15;54,5374
24.12.2025 09:30;54,607
24.12.2025 09:45;55,0652
24.12.2025 10:00;55,1986
24.12.2025 10:15;54,201
24.12.2025 10:30;56,3644
24.12.2025 10:45;55,825
24.12.2025 11:00;54,0676
24.12.2025 11:15;54,288
24.12.2025 11:30;54,7868
24.12.2025 11:45;54,9202
24.12.2025 12:00;53,128
24.12.2025 12:15;51,997
24.12.2025 12:30;55,39
24.12.2025 12:45;55,3436
24.12.2025 13:00;56,7936
24.12.2025 13:15;53,1686
24.12.2025 13:30;54,607
24.12.2025 13:45;55,274
24.12.2025 14:00;52,867
24.12.2025 14:15;53,969
24.12.2025 14:30;53,8994
24.12.2025 14:45;52,9482
24.12.2025 15:00;53,3078
24.12.2025 15:15;54,5664
24.12.2025 15:30;56,231
24.12.2025 15:45;56,1266
24.12.2025 16:00;53,1744
24.12.2025 16:15;52,9366
24.12.2025 16:30;58,8526
24.12.2025 16:45;60,6448
24.12.2025 17:00;62,3732
24.12.2025 17:15;61,7932
24.12.2025 17:30;64,1248
24.12.2025 17:45;63,2432
24.12.2025 18:00;61,5148
24.12.2025 18:15;62,3732
24.12.2025 18:30;64,1248
24.12.2025 18:45;64,1132
24.12.2025 19:00;62,6748
24.12.2025 19:15;65,5632
24.12.2025 19:30;63,8348
24.12.2025 19:45;62,6632
24.12.2025 20:00;62,0948
24.12.2025 20:15;62,6632
24.12.2025 20:30;64,9948
24.12.2025 20:45;64,4032
24.12.2025 21:00;62,0948
24.12.2025 21:15;62,3732
24.12.2025 21:30;61,8048
24.12.2025 21:45;60,9348
24.12.2025 22:00;61,5032
24.12.2025 22:15;63,8348
24.12.2025 22:30;64,09
24.12.2025 22:45;62,35
24.12.2025 23:00;63,22
24.12.2025 23:15;60,03
24.12.2025 23:30;58,87
24.12.2025 23:45;56,84
25.12.2025 00:00;60,32
25.12.2025 00:15;60,32
25.12.2025 00:30;57,42
25.12.2025 00:45;57,42
25.12.2025 01:00;59,16
25.12.2025 01:15;60,03
25.12.2025 01:30;58,29
25.12.2025 01:45;60,32
25.12.2025 02:00;60,9
25.12.2025 02:15;59,16
25.12.2025 02:30;59,16
25.12.2025 02:45;61,5148
25.12.2025 03:00;64,9832
25.12.2025 03:15;57,1648
25.12.2025 03:30;60,9348
25.12.2025 03:45;60,6332
25.12.2025 04:00;59,1948
25.12.2025 04:15;58,8932
25.12.2025 04:30;61,2248
25.12.2025 04:45;60,6448
25.12.2025 05:00;60,0532
25.12.2025 05:15;66,1548
25.12.2025 05:30;68,1848
25.12.2025 05:45;66,4332
25.12.2025 06:00;64,9948
25.12.2025 06:15;67,3032
25.12.2025 06:30;67,6048
25.12.2025 06:45;66,4448
25.12.2025 07:00;66,7232
25.12.2025 07:15;67,9006
25.12.2025 07:30;66,4448
25.12.2025 07:45;64,9832
25.12.2025 08:00;67,0248
25.12.2025 08:15;65,8648
25.12.2025 08:30;62,6632
25.12.2025 08:45;60,0764
25.12.2025 09:00;59,0498
25.12.2025 09:15;57,3272
25.12.2025 09:30;57,1242
25.12.2025 09:45;59,0382
25.12.2025 10:00;58,1392
25.12.2025 10:15;56,1324
25.12.2025 10:30;56,26
25.12.2025 10:45;57,3272
25.12.2025 11:00;54,7636
25.12.2025 11:15;56,4456
25.12.2025 11:30;56,6196
25.12.2025 11:45;56,26
25.12.2025 12:00;54,6418
25.12.2025 12:15;55,2798
25.12.2025 12:30;55,738
25.12.2025 12:45;53,4528
25.12.2025 13:00;53,0352
25.12.2025 13:15;56,8632
25.12.2025 13:30;55,912
25.12.2025 13:45;53,3136
25.12.2025 14:00;53,476
25.12.2025 14:15;55,8018
25.12.2025 14:30;55,5582
25.12.2025 14:45;52,316
25.12.2025 15:00;54,3866
25.12.2025 15:15;56,7878
25.12.2025 15:30;58,0522
25.12.2025 15:45;54,9318
25.12.2025 16:00;55,0014
25.12.2025 16:15;57,0778
25.12.2025 16:30;60,5636
25.12.2025 16:45;60,6448
25.12.2025 17:00;60,0532
25.12.2025 17:15;63,8348
25.12.2025 17:30;64,9832
25.12.2025 17:45;62,9648
25.12.2025 18:00;63,5332
25.12.2025 18:15;65,2848
25.12.2025 18:30;63,5448
25.12.2025 18:45;62,9532
25.12.2025 19:00;64,7048
25.12.2025 19:15;64,9832
25.12.2025 19:30;63,5448
25.12.2025 19:45;65,2848
25.12.2025 20:00;64,4032
25.12.2025 20:15;62,9648
25.12.2025 20:30;62,0948
25.12.2025 20:45;65,8532
25.12.2025 21:00;63,8348
25.12.2025 21:15;62,0948
25.12.2025 21:30;64,1132
25.12.2025 21:45;64,7048
25.12.2025 22:00;61,8048
25.12.2025 22:15;62,6632
25.12.2025 22:30;65,25
25.12.2025 22:45;63,8
25.12.2025 23:00;64,96
25.12.2025 23:15;61,48
25.12.2025 23:30;60,32
25.12.2025 23:45;59,45
26.12.2025 00:00;59,16
26.12.2025 00:15;59,74
26.12.2025 00:30;58,58
26.12.2025 00:45;59,45
26.12.2025 01:00;60,9
26.12.2025 01:15;60,61
26.12.2025 01:30;59,45
26.12.2025 01:45;60,03
26.12.2025 02:00;61,48
26.12.2025 02:15;59,45
26.12.2025 02:30;59,45
26.12.2025 02:45;61,2248
26.12.2025 03:00;60,6332
26.12.2025 03:15;59,1948
26.12.2025 03:30;60,9348
26.12.2025 03:45;60,9348
26.12.2025 04:00;60,3432
26.12.2025 04:15;60,0706
26.12.2025 04:30;61,2248
26.12.2025 04:45;61,7932
26.12.2025 05:00;60,9348
26.12.2025 05:15;67,3148
26.12.2025 05:30;68,4632
26.12.2025 05:45;65,5748
26.12.2025 06:00;71,6648
26.12.2025 06:15;68,1848
26.12.2025 06:30;66,4332
26.12.2025 06:45;66,4448
26.12.2025 07:00;66,4448
26.12.2025 07:15;67,8832
26.12.2025 07:30;66,4448
26.12.2025 07:45;65,2848
26.12.2025 08:00;67,3032
26.12.2025 08:15;65,5748
26.12.2025 08:30;63,2548
26.12.2025 08:45;60,0532
26.12.2025 09:00;59,6356
26.12.2025 09:15;56,5268
26.12.2025 09:30;56,985
26.12.2025 09:45;58,754
26.12.2025 10:00;57,7332
26.12.2025 10:15;56,289
26.12.2025 10:30;57,7564
26.12.2025 10:45;57,3736
26.12.2025 11:00;55,8482
26.12.2025 11:15;55,7206
26.12.2025 11:30;57,6462
26.12.2025 11:45;55,593
26.12.2025 12:00;53,5398
26.12.2025 12:15;54,4968
26.12.2025 12:30;55,8772
26.12.2025 12:45;53,3832
26.12.2025 13:00;54,5142
26.12.2025 13:15;55,9584
26.12.2025 13:30;54,5142
26.12.2025 13:45;51,9042
26.12.2025 14:00;54,8622
26.12.2025 14:15;54,9782
26.12.2025 14:30;53,1512
26.12.2025 14:45;53,9922
26.12.2025 15:00;54,5838
26.12.2025 15:15;53,041
26.12.2025 15:30;55,1522
26.12.2025 15:45;55,2798
26.12.2025 16:00;55,7206
26.12.2025 16:15;54,926
26.12.2025 16:30;56,7298
26.12.2025 16:45;60,0532
26.12.2025 17:00;61,5148
26.12.2025 17:15;63,5448
26.12.2025 17:30;63,5332
26.12.2025 17:45;65,2848
26.12.2025 18:00;63,5332
26.12.2025 18:15;62,9648
26.12.2025 18:30;63,8348
26.12.2025 18:45;63,5332
26.12.2025 19:00;61,8048
26.12.2025 19:15;63,8348
26.12.2025 19:30;64,7048
26.12.2025 19:45;64,1132
26.12.2025 20:00;62,9648
26.12.2025 20:15;65,8648
26.12.2025 20:30;67,3032
26.12.2025 20:45;62,6748
26.12.2025 21:00;62,6748
26.12.2025 21:15;64,1248
26.12.2025 21:30;62,3732
26.12.2025 21:45;60,6448
26.12.2025 22:00;62,3848
26.12.2025 22:15;62,9532
26.12.2025 22:30;62,35
26.12.2025 22:45;64,96
26.12.2025 23:00;64,38
26.12.2025 23:15;58,58
26.12.2025 23:30;58,29
26.12.2025 23:45;60,61
27.12.2025 00:00;59,74
27.12.2025 00:15;58
27.12.2025 00:30;58,29
27.12.2025 00:45;60,03
27.12.2025 01:00;58,58
27.12.2025 01:15;58,29
27.12.2025 01:30;59,74
27.12.2025 01:45;59,74
27.12.2025 02:00;58,87
27.12.2025 02:15;60,03
27.12.2025 02:30;60,03
27.12.2025 02:45;58,6032
27.12.2025 03:00;57,7448
27.12.2025 03:15;59,1948
27.12.2025 03:30;59,4848
27.12.2025 03:45;59,7748
27.12.2025 04:00;62,3732
27.12.2025 04:15;61,2248
27.12.2025 04:30;59,1948
27.12.2025 04:45;59,1948
27.12.2025 05:00;61,2248
27.12.2025 05:15;67,3032
27.12.2025 05:30;65,2848
27.12.2025 05:45;66,7348
27.12.2025 06:00;66,1548
27.12.2025 06:15;64,1248
27.12.2025 06:30;66,1432
27.12.2025 06:45;67,8948
27.12.2025 07:00;66,7348
27.12.2025 07:15;65,2848
27.12.2025 07:30;66,7232
27.12.2025 07:45;66,7348
27.12.2025 08:00;62,3848
27.12.2025 08:15;61,8048
27.12.2025 08:30;65,8532
27.12.2025 08:45;60,0648
27.12.2025 09:00;56,5964
27.12.2025 09:15;56,9096
27.12.2025 09:30;57,5592
27.12.2025 09:45;56,4978
27.12.2025 10:00;54,665
27.12.2025 10:15;57,5998
27.12.2025 10:30;57,5766
27.12.2025 10:45;56,3354
27.12.2025 11:00;56,0918
27.12.2025 11:15;57,3968
27.12.2025 11:30;56,8168
27.12.2025 11:45;54,7694
27.12.2025 12:00;58,1334
27.12.2025 12:15;56,1904
27.12.2025 12:30;55,216
27.12.2025 12:45;54,578
27.12.2025 13:00;55,2392
27.12.2025 13:15;55,0826
27.12.2025 13:30;55,6684
27.12.2025 13:45;53,5456
27.12.2025 14:00;54,4852
27.12.2025 14:15;55,9584
27.12.2025 14:30;55,3784
27.12.2025 14:45;53,331
27.12.2025 15:00;53,36
27.12.2025 15:15;53,4644
27.12.2025 15:30;52,8786
27.12.2025 15:45;53,5688
27.12.2025 16:00;54,2764
27.12.2025 16:15;55,4538
27.12.2025 16:30;55,7032
27.12.2025 16:45;58,0232
27.12.2025 17:00;61,2248
27.12.2025 17:15;63,2432
27.12.2025 17:30;61,2248
27.12.2025 17:45;60,9232
27.12.2025 18:00;61,8048
27.12.2025 18:15;61,5148
27.12.2025 18:30;62,3732
27.12.2025 18:45;62,3848
27.12.2025 19:00;64,9832
27.12.2025 19:15;61,8048
27.12.2025 19:30;59,7748
27.12.2025 19:45;63,2432
27.12.2025 20:00;63,5448
27.12.2025 20:15;66,4332
27.12.2025 20:30;63,8348
27.12.2025 20:45;64,4148
27.12.2025 21:00;61,5032
27.12.2025 21:15;60,0648
27.12.2025 21:30;62,0948
27.12.2025 21:45;60,0532
27.12.2025 22:00;58,3248
27.12.2025 22:15;62,0948
27.12.2025 22:30;62,93
27.12.2025 22:45;62,06
27.12.2025 23:00;61,77
27.12.2025 23:15;59,45
27.12.2025 23:30;56,84
27.12.2025 23:45;54,81
28.12.2025 00:00;58
28.12.2025 00:15;58,87
28.12.2025 00:30;56,84
28.12.2025 00:45;56,84
28.12.2025 01:00;57,13
28.12.2025 01:15;59,45
28.12.2025 01:30;56,55
28.12.2025 01:45;58,87
28.12.2025 02:00;56,84
28.12.2025 02:15;56,26
28.12.2025 02:30;56,26
28.12.2025 02:45;58,6032
28.12.2025 03:00;58,6148
28.12.2025 03:15;56,5848
28.12.2025 03:30;58,0348
28.12.2025 03:45;57,7332
28.12.2025 04:00;56,2948
28.12.2025 04:15;57,1648
28.12.2025 04:30;59,4732
28.12.2025 04:45;58,3248
28.12.2025 05:00;55,7148
28.12.2025 05:15;60,6332
28.12.2025 05:30;64,7048
28.12.2025 05:45;62,3848
28.12.2025 06:00;62,9648
28.12.2025 06:15;64,9832
28.12.2025 06:30;62,9648
28.12.2025 06:45;62,6748
28.12.2025 07:00;62,9648
28.12.2025 07:15;62,0832
28.12.2025 07:30;62,3848
28.12.2025 07:45;63,2548
28.12.2025 08:00;63,5332
28.12.2025 08:15;62,3848
28.12.2025 08:30;61,8048
28.12.2025 08:45;58,3538
28.12.2025 09:00;59,2876
28.12.2025 09:15;54,8042
28.12.2025 09:30;56,4224
28.12.2025 09:45;56,5442
28.12.2025 10:00;54,7694
28.12.2025 10:15;54,1836
28.12.2025 10:30;57,014
28.12.2025 10:45;55,6626
28.12.2025 11:00;52,6176
28.12.2025 11:15;56,3876
28.12.2025 11:30;55,1406
28.12.2025 11:45;53,0062
28.12.2025 12:00;56,0048
28.12.2025 12:15;54,7694
28.12.2025 12:30;53,1164
28.12.2025 12:45;54,2764
28.12.2025 13:00;54,3982
28.12.2025 13:15;53,0004
28.12.2025 13:30;52,6872
28.12.2025 13:45;53,0062
28.12.2025 14:00;52,258
28.12.2025 14:15;51,7418
28.12.2025 14:30;55,7728
28.12.2025 14:45;54,752
28.12.2025 15:00;53,505
28.12.2025 15:15;52,5132
28.12.2025 15:30;53,7892
28.12.2025 15:45;53,2788
28.12.2025 16:00;52,6234
28.12.2025 16:15;55,3262
28.12.2025 16:30;57,9362
28.12.2025 16:45;58,8932
28.12.2025 17:00;62,6748
28.12.2025 17:15;63,2432
28.12.2025 17:30;61,8048
28.12.2025 17:45;65,8532
28.12.2025 18:00;63,5448
28.12.2025 18:15;62,6748
28.12.2025 18:30;63,5332
28.12.2025 18:45;63,5448
28.12.2025 19:00;63,5332
28.12.2025 19:15;62,3848
28.12.2025 19:30;62,9532
28.12.2025 19:45;64,7048
28.12.2025 20:00;62,3848
28.12.2025 20:15;62,3732
28.12.2025 20:30;65,2848
28.12.2025 20:45;63,2432
28.12.2025 21:00;61,2248
28.12.2025 21:15;62,6748
28.12.2025 21:30;62,6632
28.12.2025 21:45;60,3548
28.12.2025 22:00;62,9532
28.12.2025 22:15;62,3848
28.12.2025 22:30;61,77
28.12.2025 22:45;63,51
28.12.2025 23:00;63,51
28.12.2025 23:15;59,45
28.12.2025 23:30;57,42
28.12.2025 23:45;58
29.12.2025 00:00;59,74
29.12.2025 00:15;56,84
29.12.2025 00:30;58
29.12.2025 00:45;60,03
29.12.2025 01:00;58
29.12.2025 01:15;58
29.12.2025 01:30;60,03
29.12.2025 01:45;58,87
29.12.2025 02:00;57,42
29.12.2025 02:15;58,87
29.12.2025 02:30;62,35
29.12.2025 02:45;58,0348
29.12.2025 03:00;57,7448
29.12.2025 03:15;59,4732
29.12.2025 03:30;59,1948
29.12.2025 03:45;57,1648
29.12.2025 04:00;59,4732
29.12.2025 04:15;61,2248
29.12.2025 04:30;60,0648
29.12.2025 04:45;61,2248
29.12.2025 05:00;62,6632
29.12.2025 05:15;64,9948
29.12.2025 05:30;66,4448
29.12.2025 05:45;70,4932
29.12.2025 06:00;77,1806
29.12.2025 06:15;75,7248
29.12.2025 06:30;76,3048
29.12.2025 06:45;77,1632
29.12.2025 07:00;76,0206
29.12.2025 07:15;76,6006
29.12.2025 07:30;77,459
29.12.2025 07:45;77,4648
29.12.2025 08:00;78,3348
29.12.2025 08:15;91,3732
29.12.2025 08:30;91,0948
29.12.2025 08:45;89,3548
29.12.2025 09:00;85,5906
29.12.2025 09:15;87,493
29.12.2025 09:30;85,1614
29.12.2025 09:45;84,0246
29.12.2025 10:00;86,8202
29.12.2025 10:15;86,9188
29.12.2025 10:30;85,4688
29.12.2025 10:45;88,566
29.12.2025 11:00;85,6022
29.12.2025 11:15;82,563
29.12.2025 11:30;81,809
29.12.2025 11:45;86,5766
29.12.2025 12:00;86,4142
29.12.2025 12:15;75,3478
29.12.2025 12:30;73,7586
29.12.2025 12:45;74,9186
29.12.2025 13:00;59,6994
29.12.2025 13:15;58,2552
29.12.2025 13:30;59,6704
29.12.2025 13:45;59,769
29.12.2025 14:00;59,7458
29.12.2025 14:15;56,9676
29.12.2025 14:30;56,985
29.12.2025 14:45;56,724
29.12.2025 15:00;54,6302
29.12.2025 15:15;56,8052
29.12.2025 15:30;57,7912
29.12.2025 15:45;56,5094
29.12.2025 16:00;55,3378
29.12.2025 16:15;54,4156
29.12.2025 16:30;59,276
29.12.2025 16:45;61,5728
29.12.2025 17:00;61,5032
29.12.2025 17:15;62,6748
29.12.2025 17:30;64,1132
29.12.2025 17:45;63,8348
29.12.2025 18:00;63,5332
29.12.2025 18:15;64,1248
29.12.2025 18:30;63,2548
29.12.2025 18:45;64,1132
29.12.2025 19:00;64,1248
29.12.2025 19:15;64,6932
29.12.2025 19:30;63,5448
29.12.2025 19:45;62,9648
29.12.2025 20:00;65,2732
29.12.2025 20:15;67,8948
29.12.2025 20:30;63,2432
29.12.2025 20:45;61,8048
29.12.2025 21:00;65,2732
29.12.2025 21:15;63,2548
29.12.2025 21:30;61,8048
29.12.2025 21:45;62,3732
29.12.2025 22:00;64,4148
29.12.2025 22:15;60,6332
29.12.2025 22:30;61,77
29.12.2025 22:45;65,54
29.12.2025 23:00;64,67
29.12.2025 23:15;58
29.12.2025 23:30;58,29
29.12.2025 23:45;59,45
30.12.2025 00:00;57,13
30.12.2025 00:15;59,74
30.12.2025 00:30;59,45
30.12.2025 00:45;57,42
30.12.2025 01:00;56,55
30.12.2025 01:15;60,61
30.12.2025 01:30;59,16
30.12.2025 01:45;57,42
30.12.2025 02:00;60,03
30.12.2025 02:15;59,74
30.12.2025 02:30;56,26
30.12.2025 02:45;57,4548
30.12.2025 03:00;60,0532
30.12.2025 03:15;58,6148
30.12.2025 03:30;58,3248
30.12.2025 03:45;59,4732
30.12.2025 04:00;59,4848
30.12.2025 04:15;55,4248
30.12.2025 04:30;58,3132
30.12.2025 04:45;60,9348
30.12.2025 05:00;58,0348
30.12.2025 05:15;68,7532
30.12.2025 05:30;67,8948
30.12.2025 05:45;64,7048
30.12.2025 06:00;63,5332
30.12.2025 06:15;66,7348
30.12.2025 06:30;66,7348
30.12.2025 06:45;64,9832
30.12.2025 07:00;67,0248
30.12.2025 07:15;67,6048
30.12.2025 07:30;64,9832
30.12.2025 07:45;72,5348
30.12.2025 08:00;73,6948
30.12.2025 08:15;73,979
30.12.2025 08:30;73,6948
30.12.2025 08:45;76,6006
30.12.2025 09:00;74,2922
30.12.2025 09:15;71,3864
30.12.2025 09:30;71,4154
30.12.2025 09:45;72,6276
30.12.2025 10:00;72,3086
30.12.2025 10:15;69,5072
30.12.2025 10:30;69,6522
30.12.2025 10:45;71,2588
30.12.2025 11:00;70,5048
30.12.2025 11:15;70,064
30.12.2025 11:30;70,0234
30.12.2025 11:45;70,3018
30.12.2025 12:00;65,337
30.12.2025 12:15;63,945
30.12.2025 12:30;67,2336
30.12.2025 12:45;62,2166
30.12.2025 13:00;52,3392
30.12.2025 13:15;55,2566
30.12.2025 13:30;55,0652
30.12.2025 13:45;52,577
30.12.2025 14:00;52,0434
30.12.2025 14:15;54,259
30.12.2025 14:30;54,288
30.12.2025 14:45;52,0202
30.12.2025 15:00;52,9482
30.12.2025 15:15;57,043
30.12.2025 15:30;53,4934
30.12.2025 15:45;53,0004
30.12.2025 16:00;55,0594
30.12.2025 16:15;55,0362
30.12.2025 16:30;55,2334
30.12.2025 16:45;57,7738
30.12.2025 17:00;59,4848
30.12.2025 17:15;62,3848
30.12.2025 17:30;61,2132
30.12.2025 17:45;62,0948
30.12.2025 18:00;63,8232
30.12.2025 18:15;62,6748
30.12.2025 18:30;62,0948
30.12.2025 18:45;62,3732
30.12.2025 19:00;61,2248
30.12.2025 19:15;62,6748
30.12.2025 19:30;62,3848
30.12.2025 19:45;62,9532
30.12.2025 20:00;64,4148
30.12.2025 20:15;61,8048
30.12.2025 20:30;61,5032
30.12.2025 20:45;62,9648
30.12.2025 21:00;62,3848
30.12.2025 21:15;59,7748
30.12.2025 21:30;62,3732
30.12.2025 21:45;63,2548
30.12.2025 22:00;59,7748
30.12.2025 22:15;60,9232
30.12.2025 22:30;62,93
30.12.2025 22:45;60,9
30.12.2025 23:00;61,19
30.12.2025 23:15;59,45
30.12.2025 23:30;58,29
30.12.2025 23:45;57,42
31.12.2025 00:00;57,71
31.12.2025 00:15;57,13
31.12.2025 00:30;55,39
31.12.2025 00:45;56,84
31.12.2025 01:00;64,09
31.12.2025 01:15;58,29
31.12.2025 01:30;57,13
31.12.2025 01:45;58,58
31.12.2025 02:00;57,42
31.12.2025 02:15;56,26
31.12.2025 02:30;56,84
31.12.2025 02:45;58,8932
31.12.2025 03:00;58,3248
31.12.2025 03:15;56,0048
31.12.2025 03:30;59,1948
31.12.2025 03:45;58,6032
31.12.2025 04:00;54,8448
31.12.2025 04:15;58,0348
31.12.2025 04:30;58,0348
31.12.2025 04:45;56,2948
31.12.2025 05:00;59,1832
31.12.2025 05:15;64,1248
31.12.2025 05:30;61,8048
31.12.2025 05:45;63,2548
31.12.2025 06:00;64,7048
31.12.2025 06:15;63,2548
31.12.2025 06:30;62,6632
31.12.2025 06:45;65,0006
31.12.2025 07:00;62,1006
31.12.2025 07:15;62,6806
31.12.2025 07:30;65,5806
31.12.2025 07:45;62,0832
31.12.2025 08:00;61,8048
31.12.2025 08:15;62,9648
31.12.2025 08:30;59,1948
31.12.2025 08:45;54,8506
31.12.2025 09:00;56,3354
31.12.2025 09:15;54,6766
31.12.2025 09:30;53,2614
31.12.2025 09:45;55,2044
31.12.2025 10:00;54,3054
31.12.2025 10:15;52,5422
31.12.2025 10:30;55,3436
31.12.2025 10:45;55,9178
31.12.2025 11:00;52,751
31.12.2025 11:15;53,215
31.12.2025 11:30;54,114
31.12.2025 11:45;52,9714
31.12.2025 12:00;53,8472
31.12.2025 12:15;53,8066
31.12.2025 12:30;52,7626
31.12.2025 12:45;51,8172
31.12.2025 13:00;54,8042
31.12.2025 13:15;54,6244
31.12.2025 13:30;50,315
31.12.2025 13:45;53,302
31.12.2025 14:00;54,4968
31.12.2025 14:15;53,94
31.12.2025 14:30;53,0874
31.12.2025 14:45;53,9632
31.12.2025 15:00;53,3658
31.12.2025 15:15;51,852
31.12.2025 15:30;54,636
31.12.2025 15:45;54,7636
31.12.2025 16:00;55,7786
31.12.2025 16:15;51,8404
31.12.2025 16:30;55,738
31.12.2025 16:45;60,3432
31.12.2025 17:00;60,0648
31.12.2025 17:15;63,5332
31.12.2025 17:30;61,2248
31.12.2025 17:45;60,0532
31.12.2025 18:00;63,2432
31.12.2025 18:15;64,1248
31.12.2025 18:30;60,0532
31.12.2025 18:45;60,9348
31.12.2025 19:00;64,4032
31.12.2025 19:15;61,2248
31.12.2025 19:30;61,7932
31.12.2025 19:45;61,5148
31.12.2025 20:00;62,6632
31.12.2025 20:15;60,6448
31.12.2025 20:30;63,5332
31.12.2025 20:45;61,8048
31.12.2025 21:00;60,0532
31.12.2025 21:15;62,9648
31.12.2025 21:30;62,0832
31.12.2025 21:45;60,0648
31.12.2025 22:00;59,1832
31.12.2025 22:15;60,0648
31.12.2025 22:30;60,32
31.12.2025 22:45;62,35
31.12.2025 23:00;63,51
31.12.2025 23:15;57,42
31.12.2025 23:30;55,39
31.12.2025 23:45;57,13
01.01.2026 00:00;59,16
